ISO-10303-21;
HEADER;
/* Generated by software containing ST-Developer
 * from STEP Tools, Inc. (www.steptools.com) 
 */

FILE_DESCRIPTION(
/* description */ (''),
/* implementation_level */ '2;1');

FILE_NAME(
/* name */ 'Whole_body.step',
/* time_stamp */ '2026-08-14T22:25:06+05:00',
/* author */ (''),
/* organization */ (''),
/* preprocessor_version */ 'ST-DEVELOPER v20.1',
/* originating_system */ 'Autodesk Translation Framework v15.8.0.0',
/* authorisation */ '');

FILE_SCHEMA (('AUTOMOTIVE_DESIGN { 1 0 10303 214 3 1 1 }'));
ENDSEC;

DATA;
#10=MECHANICAL_DESIGN_GEOMETRIC_PRESENTATION_REPRESENTATION('',(#547,#548,
#549,#550,#551,#552,#553,#554,#555,#556,#557,#558,#559,#560,#561,#562,#563,
#564,#565,#566,#567,#568,#569,#570),#15574);
#11=SHAPE_REPRESENTATION_RELATIONSHIP('SRR','None',#15580,#12);
#12=ADVANCED_BREP_SHAPE_REPRESENTATION('',(#571,#572,#573,#574,#575,#576,
#577,#578,#579,#580,#581,#582,#583,#584,#585,#586,#587,#588,#589,#590,#591,
#592,#593,#594),#15573);
#13=B_SPLINE_CURVE_WITH_KNOTS('',3,(#10917,#10918,#10919,#10920,#10921),
 .UNSPECIFIED.,.F.,.F.,(4,1,4),(0.,0.0246339618353335,0.0499049228011356),
 .UNSPECIFIED.);
#14=B_SPLINE_CURVE_WITH_KNOTS('',3,(#10925,#10926,#10927,#10928,#10929),
 .UNSPECIFIED.,.F.,.F.,(4,1,4),(-0.0499049228011356,-0.0246339618353335,
0.),.UNSPECIFIED.);
#15=B_SPLINE_CURVE_WITH_KNOTS('',3,(#10942,#10943,#10944,#10945,#10946),
 .UNSPECIFIED.,.F.,.F.,(4,1,4),(0.,0.0290355289586277,0.0466087654109976),
 .UNSPECIFIED.);
#16=B_SPLINE_CURVE_WITH_KNOTS('',3,(#10948,#10949,#10950,#10951,#10952),
 .UNSPECIFIED.,.F.,.F.,(4,1,4),(-0.0466087654109976,-0.0290355289586277,
0.),.UNSPECIFIED.);
#17=B_SPLINE_CURVE_WITH_KNOTS('',3,(#10965,#10966,#10967,#10968,#10969),
 .UNSPECIFIED.,.F.,.F.,(4,1,4),(0.,0.0118707420993162,0.0229617999390087),
 .UNSPECIFIED.);
#18=B_SPLINE_CURVE_WITH_KNOTS('',3,(#10971,#10972,#10973,#10974,#10975),
 .UNSPECIFIED.,.F.,.F.,(4,1,4),(-0.0229617999390087,-0.0118707420993162,
0.),.UNSPECIFIED.);
#19=B_SPLINE_CURVE_WITH_KNOTS('',3,(#10988,#10989,#10990,#10991,#10992),
 .UNSPECIFIED.,.F.,.F.,(4,1,4),(0.,0.0121205491024145,0.0238484450270951),
 .UNSPECIFIED.);
#20=B_SPLINE_CURVE_WITH_KNOTS('',3,(#10994,#10995,#10996,#10997,#10998),
 .UNSPECIFIED.,.F.,.F.,(4,1,4),(-0.0238484450270951,-0.0121205491024145,
0.),.UNSPECIFIED.);
#21=B_SPLINE_CURVE_WITH_KNOTS('',3,(#11011,#11012,#11013,#11014,#11015),
 .UNSPECIFIED.,.F.,.F.,(4,1,4),(0.,0.0128997380817293,0.0286245921585074),
 .UNSPECIFIED.);
#22=B_SPLINE_CURVE_WITH_KNOTS('',3,(#11017,#11018,#11019,#11020,#11021),
 .UNSPECIFIED.,.F.,.F.,(4,1,4),(-0.0286245921585074,-0.0128997380817293,
0.),.UNSPECIFIED.);
#23=B_SPLINE_CURVE_WITH_KNOTS('',3,(#11034,#11035,#11036,#11037,#11038),
 .UNSPECIFIED.,.F.,.F.,(4,1,4),(0.,0.018046770555773,0.0359768915833879),
 .UNSPECIFIED.);
#24=B_SPLINE_CURVE_WITH_KNOTS('',3,(#11040,#11041,#11042,#11043,#11044),
 .UNSPECIFIED.,.F.,.F.,(4,1,4),(-0.0359768915833879,-0.018046770555773,
0.),.UNSPECIFIED.);
#25=B_SPLINE_CURVE_WITH_KNOTS('',3,(#11057,#11058,#11059,#11060,#11061),
 .UNSPECIFIED.,.F.,.F.,(4,1,4),(0.,0.0169110352799222,0.0318906025028823),
 .UNSPECIFIED.);
#26=B_SPLINE_CURVE_WITH_KNOTS('',3,(#11063,#11064,#11065,#11066,#11067),
 .UNSPECIFIED.,.F.,.F.,(4,1,4),(-0.0318906025028823,-0.0169110352799222,
0.),.UNSPECIFIED.);
#27=B_SPLINE_CURVE_WITH_KNOTS('',3,(#11080,#11081,#11082,#11083,#11084),
 .UNSPECIFIED.,.F.,.F.,(4,1,4),(0.,0.0157251811708626,0.0345919722773055),
 .UNSPECIFIED.);
#28=B_SPLINE_CURVE_WITH_KNOTS('',3,(#11086,#11087,#11088,#11089,#11090),
 .UNSPECIFIED.,.F.,.F.,(4,1,4),(-0.0345919722773055,-0.0157251811708626,
0.),.UNSPECIFIED.);
#29=B_SPLINE_CURVE_WITH_KNOTS('',3,(#11115,#11116,#11117,#11118,#11119),
 .UNSPECIFIED.,.F.,.F.,(4,1,4),(0.,0.0259223913270035,0.0473272954484946),
 .UNSPECIFIED.);
#30=B_SPLINE_CURVE_WITH_KNOTS('',3,(#11121,#11122,#11123,#11124,#11125),
 .UNSPECIFIED.,.F.,.F.,(4,1,4),(-0.0473272954484946,-0.0259223913270035,
0.),.UNSPECIFIED.);
#31=B_SPLINE_CURVE_WITH_KNOTS('',3,(#11138,#11139,#11140,#11141,#11142),
 .UNSPECIFIED.,.F.,.F.,(4,1,4),(0.,0.0203210943032272,0.0430531110539898),
 .UNSPECIFIED.);
#32=B_SPLINE_CURVE_WITH_KNOTS('',3,(#11144,#11145,#11146,#11147,#11148),
 .UNSPECIFIED.,.F.,.F.,(4,1,4),(-0.0430531110539898,-0.0203210943032272,
0.),.UNSPECIFIED.);
#33=B_SPLINE_CURVE_WITH_KNOTS('',3,(#11161,#11162,#11163,#11164,#11165),
 .UNSPECIFIED.,.F.,.F.,(4,1,4),(0.,0.0196348693995845,0.0441558692878914),
 .UNSPECIFIED.);
#34=B_SPLINE_CURVE_WITH_KNOTS('',3,(#11167,#11168,#11169,#11170,#11171),
 .UNSPECIFIED.,.F.,.F.,(4,1,4),(-0.0441558692878914,-0.0196348693995845,
0.),.UNSPECIFIED.);
#35=B_SPLINE_CURVE_WITH_KNOTS('',3,(#11184,#11185,#11186,#11187,#11188),
 .UNSPECIFIED.,.F.,.F.,(4,1,4),(0.,0.0280473065407652,0.0580833799558634),
 .UNSPECIFIED.);
#36=B_SPLINE_CURVE_WITH_KNOTS('',3,(#11190,#11191,#11192,#11193,#11194),
 .UNSPECIFIED.,.F.,.F.,(4,1,4),(-0.0580833799558634,-0.0280473065407652,
0.),.UNSPECIFIED.);
#37=B_SPLINE_CURVE_WITH_KNOTS('',3,(#11207,#11208,#11209,#11210,#11211),
 .UNSPECIFIED.,.F.,.F.,(4,1,4),(0.,0.0450421725956515,0.0804891434640563),
 .UNSPECIFIED.);
#38=B_SPLINE_CURVE_WITH_KNOTS('',3,(#11213,#11214,#11215,#11216,#11217),
 .UNSPECIFIED.,.F.,.F.,(4,1,4),(-0.0804891434640563,-0.0450421725956515,
0.),.UNSPECIFIED.);
#39=B_SPLINE_CURVE_WITH_KNOTS('',3,(#11230,#11231,#11232,#11233,#11234),
 .UNSPECIFIED.,.F.,.F.,(4,1,4),(0.,0.0290727159645609,0.0561291555551969),
 .UNSPECIFIED.);
#40=B_SPLINE_CURVE_WITH_KNOTS('',3,(#11236,#11237,#11238,#11239,#11240),
 .UNSPECIFIED.,.F.,.F.,(4,1,4),(-0.0561291555551969,-0.0290727159645609,
0.),.UNSPECIFIED.);
#41=B_SPLINE_CURVE_WITH_KNOTS('',3,(#11253,#11254,#11255,#11256,#11257),
 .UNSPECIFIED.,.F.,.F.,(4,1,4),(0.,0.0195215371271551,0.0417006910414049),
 .UNSPECIFIED.);
#42=B_SPLINE_CURVE_WITH_KNOTS('',3,(#11259,#11260,#11261,#11262,#11263),
 .UNSPECIFIED.,.F.,.F.,(4,1,4),(-0.0417006910414049,-0.0195215371271551,
0.),.UNSPECIFIED.);
#43=B_SPLINE_CURVE_WITH_KNOTS('',3,(#11276,#11277,#11278,#11279,#11280),
 .UNSPECIFIED.,.F.,.F.,(4,1,4),(0.,0.0228391833662798,0.0439142373203603),
 .UNSPECIFIED.);
#44=B_SPLINE_CURVE_WITH_KNOTS('',3,(#11282,#11283,#11284,#11285,#11286),
 .UNSPECIFIED.,.F.,.F.,(4,1,4),(-0.0439142373203603,-0.0228391833662798,
0.),.UNSPECIFIED.);
#45=B_SPLINE_CURVE_WITH_KNOTS('',3,(#11305,#11306,#11307,#11308,#11309),
 .UNSPECIFIED.,.F.,.F.,(4,1,4),(0.,0.0182584520065583,0.0322076643165841),
 .UNSPECIFIED.);
#46=B_SPLINE_CURVE_WITH_KNOTS('',3,(#11311,#11312,#11313,#11314,#11315),
 .UNSPECIFIED.,.F.,.F.,(4,1,4),(-0.0322076643165841,-0.0182584520065583,
0.),.UNSPECIFIED.);
#47=B_SPLINE_CURVE_WITH_KNOTS('',3,(#11328,#11329,#11330,#11331,#11332),
 .UNSPECIFIED.,.F.,.F.,(4,1,4),(0.,0.0138292424970317,0.0317435292349357),
 .UNSPECIFIED.);
#48=B_SPLINE_CURVE_WITH_KNOTS('',3,(#11334,#11335,#11336,#11337,#11338),
 .UNSPECIFIED.,.F.,.F.,(4,1,4),(-0.0317435292349357,-0.0138292424970317,
0.),.UNSPECIFIED.);
#49=B_SPLINE_CURVE_WITH_KNOTS('',3,(#11357,#11358,#11359,#11360,#11361),
 .UNSPECIFIED.,.F.,.F.,(4,1,4),(0.,0.0111369377900723,0.0189341978133386),
 .UNSPECIFIED.);
#50=B_SPLINE_CURVE_WITH_KNOTS('',3,(#11363,#11364,#11365,#11366,#11367),
 .UNSPECIFIED.,.F.,.F.,(4,1,4),(-0.0189341978133386,-0.0111369377900723,
0.),.UNSPECIFIED.);
#51=B_SPLINE_CURVE_WITH_KNOTS('',3,(#11380,#11381,#11382,#11383,#11384),
 .UNSPECIFIED.,.F.,.F.,(4,1,4),(0.,0.00777576724616753,0.0188220766009129),
 .UNSPECIFIED.);
#52=B_SPLINE_CURVE_WITH_KNOTS('',3,(#11386,#11387,#11388,#11389,#11390),
 .UNSPECIFIED.,.F.,.F.,(4,1,4),(-0.0188220766009129,-0.00777576724616753,
0.),.UNSPECIFIED.);
#53=B_SPLINE_CURVE_WITH_KNOTS('',3,(#11403,#11404,#11405,#11406,#11407),
 .UNSPECIFIED.,.F.,.F.,(4,1,4),(0.,0.0282451078624139,0.0529778029555453),
 .UNSPECIFIED.);
#54=B_SPLINE_CURVE_WITH_KNOTS('',3,(#11409,#11410,#11411,#11412,#11413),
 .UNSPECIFIED.,.F.,.F.,(4,1,4),(-0.0529778029555453,-0.0282451078624139,
0.),.UNSPECIFIED.);
#55=B_SPLINE_CURVE_WITH_KNOTS('',3,(#11426,#11427,#11428,#11429,#11430),
 .UNSPECIFIED.,.F.,.F.,(4,1,4),(0.,0.0331034302838362,0.06985645581452),
 .UNSPECIFIED.);
#56=B_SPLINE_CURVE_WITH_KNOTS('',3,(#11432,#11433,#11434,#11435,#11436),
 .UNSPECIFIED.,.F.,.F.,(4,1,4),(-0.06985645581452,-0.0331034302838362,0.),
 .UNSPECIFIED.);
#57=B_SPLINE_CURVE_WITH_KNOTS('',3,(#11449,#11450,#11451,#11452,#11453),
 .UNSPECIFIED.,.F.,.F.,(4,1,4),(0.,0.0459936909548647,0.0836905006307507),
 .UNSPECIFIED.);
#58=B_SPLINE_CURVE_WITH_KNOTS('',3,(#11455,#11456,#11457,#11458,#11459),
 .UNSPECIFIED.,.F.,.F.,(4,1,4),(-0.0836905006307507,-0.0459936909548647,
0.),.UNSPECIFIED.);
#59=B_SPLINE_CURVE_WITH_KNOTS('',3,(#11472,#11473,#11474,#11475,#11476),
 .UNSPECIFIED.,.F.,.F.,(4,1,4),(0.,0.0335402737945201,0.0666306828602445),
 .UNSPECIFIED.);
#60=B_SPLINE_CURVE_WITH_KNOTS('',3,(#11478,#11479,#11480,#11481,#11482),
 .UNSPECIFIED.,.F.,.F.,(4,1,4),(-0.0666306828602445,-0.0335402737945201,
0.),.UNSPECIFIED.);
#61=B_SPLINE_CURVE_WITH_KNOTS('',3,(#11495,#11496,#11497,#11498,#11499),
 .UNSPECIFIED.,.F.,.F.,(4,1,4),(0.,0.0304692396264658,0.0587091024726522),
 .UNSPECIFIED.);
#62=B_SPLINE_CURVE_WITH_KNOTS('',3,(#11501,#11502,#11503,#11504,#11505),
 .UNSPECIFIED.,.F.,.F.,(4,1,4),(-0.0587091024726522,-0.0304692396264658,
0.),.UNSPECIFIED.);
#63=B_SPLINE_CURVE_WITH_KNOTS('',3,(#11518,#11519,#11520,#11521,#11522),
 .UNSPECIFIED.,.F.,.F.,(4,1,4),(0.,0.0332218035164953,0.0790617806141301),
 .UNSPECIFIED.);
#64=B_SPLINE_CURVE_WITH_KNOTS('',3,(#11524,#11525,#11526,#11527,#11528),
 .UNSPECIFIED.,.F.,.F.,(4,1,4),(-0.0790617806141301,-0.0332218035164953,
0.),.UNSPECIFIED.);
#65=B_SPLINE_CURVE_WITH_KNOTS('',3,(#11541,#11542,#11543,#11544,#11545),
 .UNSPECIFIED.,.F.,.F.,(4,1,4),(0.,0.0525953403736898,0.0829322215481829),
 .UNSPECIFIED.);
#66=B_SPLINE_CURVE_WITH_KNOTS('',3,(#11547,#11548,#11549,#11550,#11551),
 .UNSPECIFIED.,.F.,.F.,(4,1,4),(-0.0829322215481829,-0.0525953403736898,
0.),.UNSPECIFIED.);
#67=B_SPLINE_CURVE_WITH_KNOTS('',3,(#11564,#11565,#11566,#11567,#11568),
 .UNSPECIFIED.,.F.,.F.,(4,1,4),(0.,0.0199702018212534,0.0414748767188662),
 .UNSPECIFIED.);
#68=B_SPLINE_CURVE_WITH_KNOTS('',3,(#11570,#11571,#11572,#11573,#11574),
 .UNSPECIFIED.,.F.,.F.,(4,1,4),(-0.0414748767188662,-0.0199702018212534,
0.),.UNSPECIFIED.);
#69=B_SPLINE_CURVE_WITH_KNOTS('',3,(#11587,#11588,#11589,#11590,#11591),
 .UNSPECIFIED.,.F.,.F.,(4,1,4),(0.,0.0175223441423554,0.0304420872539379),
 .UNSPECIFIED.);
#70=B_SPLINE_CURVE_WITH_KNOTS('',3,(#11593,#11594,#11595,#11596,#11597),
 .UNSPECIFIED.,.F.,.F.,(4,1,4),(-0.0304420872539379,-0.0175223441423554,
0.),.UNSPECIFIED.);
#71=B_SPLINE_CURVE_WITH_KNOTS('',3,(#11610,#11611,#11612,#11613,#11614),
 .UNSPECIFIED.,.F.,.F.,(4,1,4),(0.,0.0131814287527914,0.0313731933946732),
 .UNSPECIFIED.);
#72=B_SPLINE_CURVE_WITH_KNOTS('',3,(#11616,#11617,#11618,#11619,#11620),
 .UNSPECIFIED.,.F.,.F.,(4,1,4),(-0.0313731933946732,-0.0131814287527914,
0.),.UNSPECIFIED.);
#73=B_SPLINE_CURVE_WITH_KNOTS('',3,(#11633,#11634,#11635,#11636,#11637),
 .UNSPECIFIED.,.F.,.F.,(4,1,4),(0.,0.023974217888416,0.0422414329108564),
 .UNSPECIFIED.);
#74=B_SPLINE_CURVE_WITH_KNOTS('',3,(#11639,#11640,#11641,#11642,#11643),
 .UNSPECIFIED.,.F.,.F.,(4,1,4),(-0.0422414329108564,-0.023974217888416,
0.),.UNSPECIFIED.);
#75=B_SPLINE_CURVE_WITH_KNOTS('',3,(#11655,#11656,#11657,#11658,#11659),
 .UNSPECIFIED.,.F.,.F.,(4,1,4),(0.,0.0137472316054411,0.0312906819566396),
 .UNSPECIFIED.);
#76=B_SPLINE_CURVE_WITH_KNOTS('',3,(#11660,#11661,#11662,#11663,#11664),
 .UNSPECIFIED.,.F.,.F.,(4,1,4),(-0.0312906819566396,-0.0137472316054411,
0.),.UNSPECIFIED.);
#77=B_SPLINE_CURVE_WITH_KNOTS('',3,(#11679,#11680,#11681,#11682,#11683),
 .UNSPECIFIED.,.F.,.F.,(4,1,4),(0.,0.0339246267016727,0.0602967653817484),
 .UNSPECIFIED.);
#78=B_SPLINE_CURVE_WITH_KNOTS('',3,(#11687,#11688,#11689,#11690,#11691),
 .UNSPECIFIED.,.F.,.F.,(4,1,4),(-0.0602967653817484,-0.0339246267016727,
0.),.UNSPECIFIED.);
#79=B_SPLINE_CURVE_WITH_KNOTS('',3,(#11704,#11705,#11706,#11707,#11708),
 .UNSPECIFIED.,.F.,.F.,(4,1,4),(0.,0.0225159849329455,0.0447315210602013),
 .UNSPECIFIED.);
#80=B_SPLINE_CURVE_WITH_KNOTS('',3,(#11710,#11711,#11712,#11713,#11714),
 .UNSPECIFIED.,.F.,.F.,(4,1,4),(-0.0447315210602013,-0.0225159849329455,
0.),.UNSPECIFIED.);
#81=B_SPLINE_CURVE_WITH_KNOTS('',3,(#11727,#11728,#11729,#11730,#11731),
 .UNSPECIFIED.,.F.,.F.,(4,1,4),(0.,0.0223348712254147,0.0446172765162498),
 .UNSPECIFIED.);
#82=B_SPLINE_CURVE_WITH_KNOTS('',3,(#11733,#11734,#11735,#11736,#11737),
 .UNSPECIFIED.,.F.,.F.,(4,1,4),(-0.0446172765162498,-0.0223348712254147,
0.),.UNSPECIFIED.);
#83=B_SPLINE_CURVE_WITH_KNOTS('',3,(#11750,#11751,#11752,#11753,#11754),
 .UNSPECIFIED.,.F.,.F.,(4,1,4),(0.,0.0264654688821583,0.0615346246551003),
 .UNSPECIFIED.);
#84=B_SPLINE_CURVE_WITH_KNOTS('',3,(#11756,#11757,#11758,#11759,#11760),
 .UNSPECIFIED.,.F.,.F.,(4,1,4),(-0.0615346246551003,-0.0264654688821583,
0.),.UNSPECIFIED.);
#85=B_SPLINE_CURVE_WITH_KNOTS('',3,(#11773,#11774,#11775,#11776,#11777),
 .UNSPECIFIED.,.F.,.F.,(4,1,4),(0.,0.0330737920143052,0.0590646924318872),
 .UNSPECIFIED.);
#86=B_SPLINE_CURVE_WITH_KNOTS('',3,(#11779,#11780,#11781,#11782,#11783),
 .UNSPECIFIED.,.F.,.F.,(4,1,4),(-0.0590646924318872,-0.0330737920143052,
0.),.UNSPECIFIED.);
#87=B_SPLINE_CURVE_WITH_KNOTS('',3,(#11796,#11797,#11798,#11799,#11800),
 .UNSPECIFIED.,.F.,.F.,(4,1,4),(0.,0.022211793703664,0.0437867068456183),
 .UNSPECIFIED.);
#88=B_SPLINE_CURVE_WITH_KNOTS('',3,(#11802,#11803,#11804,#11805,#11806),
 .UNSPECIFIED.,.F.,.F.,(4,1,4),(-0.0437867068456183,-0.022211793703664,
0.),.UNSPECIFIED.);
#89=B_SPLINE_CURVE_WITH_KNOTS('',3,(#11819,#11820,#11821,#11822,#11823),
 .UNSPECIFIED.,.F.,.F.,(4,1,4),(0.,0.0226561834113699,0.0454232899180529),
 .UNSPECIFIED.);
#90=B_SPLINE_CURVE_WITH_KNOTS('',3,(#11825,#11826,#11827,#11828,#11829),
 .UNSPECIFIED.,.F.,.F.,(4,1,4),(-0.0454232899180529,-0.0226561834113699,
0.),.UNSPECIFIED.);
#91=B_SPLINE_CURVE_WITH_KNOTS('',3,(#11841,#11842,#11843,#11844,#11845),
 .UNSPECIFIED.,.F.,.F.,(4,1,4),(0.,0.0263875315401287,0.0599435530560996),
 .UNSPECIFIED.);
#92=B_SPLINE_CURVE_WITH_KNOTS('',3,(#11846,#11847,#11848,#11849,#11850),
 .UNSPECIFIED.,.F.,.F.,(4,1,4),(-0.0599435530560996,-0.0263875315401287,
0.),.UNSPECIFIED.);
#93=B_SPLINE_CURVE_WITH_KNOTS('',3,(#11863,#11864,#11865,#11866,#11867),
 .UNSPECIFIED.,.F.,.F.,(4,1,4),(0.,0.0614966968994671,0.120728251754649),
 .UNSPECIFIED.);
#94=B_SPLINE_CURVE_WITH_KNOTS('',3,(#11871,#11872,#11873,#11874,#11875),
 .UNSPECIFIED.,.F.,.F.,(4,1,4),(-0.120728251754649,-0.0614966968994671,
0.),.UNSPECIFIED.);
#95=B_SPLINE_CURVE_WITH_KNOTS('',3,(#11888,#11889,#11890,#11891,#11892),
 .UNSPECIFIED.,.F.,.F.,(4,1,4),(0.,0.0616825041511576,0.130803717172576),
 .UNSPECIFIED.);
#96=B_SPLINE_CURVE_WITH_KNOTS('',3,(#11894,#11895,#11896,#11897,#11898),
 .UNSPECIFIED.,.F.,.F.,(4,1,4),(-0.130803717172576,-0.0616825041511576,
0.),.UNSPECIFIED.);
#97=B_SPLINE_CURVE_WITH_KNOTS('',3,(#11911,#11912,#11913,#11914,#11915),
 .UNSPECIFIED.,.F.,.F.,(4,1,4),(0.,0.077433584437423,0.14429915509472),
 .UNSPECIFIED.);
#98=B_SPLINE_CURVE_WITH_KNOTS('',3,(#11917,#11918,#11919,#11920,#11921),
 .UNSPECIFIED.,.F.,.F.,(4,1,4),(-0.14429915509472,-0.077433584437423,0.),
 .UNSPECIFIED.);
#99=B_SPLINE_CURVE_WITH_KNOTS('',3,(#11934,#11935,#11936,#11937,#11938),
 .UNSPECIFIED.,.F.,.F.,(4,1,4),(0.,0.0526907197599476,0.108189713797936),
 .UNSPECIFIED.);
#100=B_SPLINE_CURVE_WITH_KNOTS('',3,(#11940,#11941,#11942,#11943,#11944),
 .UNSPECIFIED.,.F.,.F.,(4,1,4),(-0.108189713797936,-0.0526907197599476,
0.),.UNSPECIFIED.);
#101=B_SPLINE_CURVE_WITH_KNOTS('',3,(#11957,#11958,#11959,#11960,#11961),
 .UNSPECIFIED.,.F.,.F.,(4,1,4),(0.,0.0618137307614554,0.120815470361419),
 .UNSPECIFIED.);
#102=B_SPLINE_CURVE_WITH_KNOTS('',3,(#11963,#11964,#11965,#11966,#11967),
 .UNSPECIFIED.,.F.,.F.,(4,1,4),(-0.120815470361419,-0.0618137307614554,
0.),.UNSPECIFIED.);
#103=B_SPLINE_CURVE_WITH_KNOTS('',3,(#11980,#11981,#11982,#11983,#11984),
 .UNSPECIFIED.,.F.,.F.,(4,1,4),(0.,0.0617799662227878,0.132407287729037),
 .UNSPECIFIED.);
#104=B_SPLINE_CURVE_WITH_KNOTS('',3,(#11986,#11987,#11988,#11989,#11990),
 .UNSPECIFIED.,.F.,.F.,(4,1,4),(-0.132407287729037,-0.0617799662227878,
0.),.UNSPECIFIED.);
#105=B_SPLINE_CURVE_WITH_KNOTS('',3,(#12003,#12004,#12005,#12006,#12007),
 .UNSPECIFIED.,.F.,.F.,(4,1,4),(0.,0.0637846119460285,0.120240575038096),
 .UNSPECIFIED.);
#106=B_SPLINE_CURVE_WITH_KNOTS('',3,(#12009,#12010,#12011,#12012,#12013),
 .UNSPECIFIED.,.F.,.F.,(4,1,4),(-0.120240575038096,-0.0637846119460285,
0.),.UNSPECIFIED.);
#107=B_SPLINE_CURVE_WITH_KNOTS('',3,(#12025,#12026,#12027,#12028,#12029),
 .UNSPECIFIED.,.F.,.F.,(4,1,4),(0.,0.0644335857724341,0.130172203656972),
 .UNSPECIFIED.);
#108=B_SPLINE_CURVE_WITH_KNOTS('',3,(#12030,#12031,#12032,#12033,#12034),
 .UNSPECIFIED.,.F.,.F.,(4,1,4),(-0.130172203656972,-0.0644335857724341,
0.),.UNSPECIFIED.);
#109=B_SPLINE_CURVE_WITH_KNOTS('',3,(#12049,#12050,#12051,#12052,#12053),
 .UNSPECIFIED.,.F.,.F.,(4,1,4),(0.,0.0339246267016727,0.0602967653817484),
 .UNSPECIFIED.);
#110=B_SPLINE_CURVE_WITH_KNOTS('',3,(#12057,#12058,#12059,#12060,#12061),
 .UNSPECIFIED.,.F.,.F.,(4,1,4),(-0.0602967653817484,-0.0339246267016727,
0.),.UNSPECIFIED.);
#111=B_SPLINE_CURVE_WITH_KNOTS('',3,(#12074,#12075,#12076,#12077,#12078),
 .UNSPECIFIED.,.F.,.F.,(4,1,4),(0.,0.0225159849329455,0.0447315210602013),
 .UNSPECIFIED.);
#112=B_SPLINE_CURVE_WITH_KNOTS('',3,(#12080,#12081,#12082,#12083,#12084),
 .UNSPECIFIED.,.F.,.F.,(4,1,4),(-0.0447315210602013,-0.0225159849329455,
0.),.UNSPECIFIED.);
#113=B_SPLINE_CURVE_WITH_KNOTS('',3,(#12097,#12098,#12099,#12100,#12101),
 .UNSPECIFIED.,.F.,.F.,(4,1,4),(0.,0.0223348712254147,0.0446172765162498),
 .UNSPECIFIED.);
#114=B_SPLINE_CURVE_WITH_KNOTS('',3,(#12103,#12104,#12105,#12106,#12107),
 .UNSPECIFIED.,.F.,.F.,(4,1,4),(-0.0446172765162498,-0.0223348712254147,
0.),.UNSPECIFIED.);
#115=B_SPLINE_CURVE_WITH_KNOTS('',3,(#12120,#12121,#12122,#12123,#12124),
 .UNSPECIFIED.,.F.,.F.,(4,1,4),(0.,0.0264653647238449,0.0615345466993551),
 .UNSPECIFIED.);
#116=B_SPLINE_CURVE_WITH_KNOTS('',3,(#12126,#12127,#12128,#12129,#12130),
 .UNSPECIFIED.,.F.,.F.,(4,1,4),(-0.0615345466993551,-0.0264653647238449,
0.),.UNSPECIFIED.);
#117=B_SPLINE_CURVE_WITH_KNOTS('',3,(#12143,#12144,#12145,#12146,#12147),
 .UNSPECIFIED.,.F.,.F.,(4,1,4),(0.,0.0330737920143052,0.0590646924318872),
 .UNSPECIFIED.);
#118=B_SPLINE_CURVE_WITH_KNOTS('',3,(#12149,#12150,#12151,#12152,#12153),
 .UNSPECIFIED.,.F.,.F.,(4,1,4),(-0.0590646924318872,-0.0330737920143052,
0.),.UNSPECIFIED.);
#119=B_SPLINE_CURVE_WITH_KNOTS('',3,(#12166,#12167,#12168,#12169,#12170),
 .UNSPECIFIED.,.F.,.F.,(4,1,4),(0.,0.0222116069959009,0.0437867530638184),
 .UNSPECIFIED.);
#120=B_SPLINE_CURVE_WITH_KNOTS('',3,(#12172,#12173,#12174,#12175,#12176),
 .UNSPECIFIED.,.F.,.F.,(4,1,4),(-0.0437867530638184,-0.0222116069959009,
0.),.UNSPECIFIED.);
#121=B_SPLINE_CURVE_WITH_KNOTS('',3,(#12189,#12190,#12191,#12192,#12193),
 .UNSPECIFIED.,.F.,.F.,(4,1,4),(0.,0.0226561834113699,0.0454232899180529),
 .UNSPECIFIED.);
#122=B_SPLINE_CURVE_WITH_KNOTS('',3,(#12195,#12196,#12197,#12198,#12199),
 .UNSPECIFIED.,.F.,.F.,(4,1,4),(-0.0454232899180529,-0.0226561834113699,
0.),.UNSPECIFIED.);
#123=B_SPLINE_CURVE_WITH_KNOTS('',3,(#12211,#12212,#12213,#12214,#12215),
 .UNSPECIFIED.,.F.,.F.,(4,1,4),(0.,0.0263875315401287,0.0599435530560996),
 .UNSPECIFIED.);
#124=B_SPLINE_CURVE_WITH_KNOTS('',3,(#12216,#12217,#12218,#12219,#12220),
 .UNSPECIFIED.,.F.,.F.,(4,1,4),(-0.0599435530560996,-0.0263875315401287,
0.),.UNSPECIFIED.);
#125=B_SPLINE_CURVE_WITH_KNOTS('',3,(#12233,#12234,#12235,#12236,#12237),
 .UNSPECIFIED.,.F.,.F.,(4,1,4),(0.,0.0614966968994671,0.120728251754649),
 .UNSPECIFIED.);
#126=B_SPLINE_CURVE_WITH_KNOTS('',3,(#12241,#12242,#12243,#12244,#12245),
 .UNSPECIFIED.,.F.,.F.,(4,1,4),(-0.120728251754649,-0.0614966968994671,
0.),.UNSPECIFIED.);
#127=B_SPLINE_CURVE_WITH_KNOTS('',3,(#12258,#12259,#12260,#12261,#12262),
 .UNSPECIFIED.,.F.,.F.,(4,1,4),(0.,0.0616825041511576,0.130803717172576),
 .UNSPECIFIED.);
#128=B_SPLINE_CURVE_WITH_KNOTS('',3,(#12264,#12265,#12266,#12267,#12268),
 .UNSPECIFIED.,.F.,.F.,(4,1,4),(-0.130803717172576,-0.0616825041511576,
0.),.UNSPECIFIED.);
#129=B_SPLINE_CURVE_WITH_KNOTS('',3,(#12281,#12282,#12283,#12284,#12285),
 .UNSPECIFIED.,.F.,.F.,(4,1,4),(0.,0.077433584437423,0.14429915509472),
 .UNSPECIFIED.);
#130=B_SPLINE_CURVE_WITH_KNOTS('',3,(#12287,#12288,#12289,#12290,#12291),
 .UNSPECIFIED.,.F.,.F.,(4,1,4),(-0.14429915509472,-0.077433584437423,0.),
 .UNSPECIFIED.);
#131=B_SPLINE_CURVE_WITH_KNOTS('',3,(#12304,#12305,#12306,#12307,#12308),
 .UNSPECIFIED.,.F.,.F.,(4,1,4),(0.,0.0526907197599476,0.108189713797936),
 .UNSPECIFIED.);
#132=B_SPLINE_CURVE_WITH_KNOTS('',3,(#12310,#12311,#12312,#12313,#12314),
 .UNSPECIFIED.,.F.,.F.,(4,1,4),(-0.108189713797936,-0.0526907197599476,
0.),.UNSPECIFIED.);
#133=B_SPLINE_CURVE_WITH_KNOTS('',3,(#12327,#12328,#12329,#12330,#12331),
 .UNSPECIFIED.,.F.,.F.,(4,1,4),(0.,0.0618137307614554,0.120815470361419),
 .UNSPECIFIED.);
#134=B_SPLINE_CURVE_WITH_KNOTS('',3,(#12333,#12334,#12335,#12336,#12337),
 .UNSPECIFIED.,.F.,.F.,(4,1,4),(-0.120815470361419,-0.0618137307614554,
0.),.UNSPECIFIED.);
#135=B_SPLINE_CURVE_WITH_KNOTS('',3,(#12350,#12351,#12352,#12353,#12354),
 .UNSPECIFIED.,.F.,.F.,(4,1,4),(0.,0.0617799662227878,0.132407287729037),
 .UNSPECIFIED.);
#136=B_SPLINE_CURVE_WITH_KNOTS('',3,(#12356,#12357,#12358,#12359,#12360),
 .UNSPECIFIED.,.F.,.F.,(4,1,4),(-0.132407287729037,-0.0617799662227878,
0.),.UNSPECIFIED.);
#137=B_SPLINE_CURVE_WITH_KNOTS('',3,(#12373,#12374,#12375,#12376,#12377),
 .UNSPECIFIED.,.F.,.F.,(4,1,4),(0.,0.0637846119460285,0.120240575038096),
 .UNSPECIFIED.);
#138=B_SPLINE_CURVE_WITH_KNOTS('',3,(#12379,#12380,#12381,#12382,#12383),
 .UNSPECIFIED.,.F.,.F.,(4,1,4),(-0.120240575038096,-0.0637846119460285,
0.),.UNSPECIFIED.);
#139=B_SPLINE_CURVE_WITH_KNOTS('',3,(#12395,#12396,#12397,#12398,#12399),
 .UNSPECIFIED.,.F.,.F.,(4,1,4),(0.,0.064433438873774,0.130172104752391),
 .UNSPECIFIED.);
#140=B_SPLINE_CURVE_WITH_KNOTS('',3,(#12400,#12401,#12402,#12403,#12404),
 .UNSPECIFIED.,.F.,.F.,(4,1,4),(-0.130172104752391,-0.064433438873774,0.),
 .UNSPECIFIED.);
#141=B_SPLINE_CURVE_WITH_KNOTS('',3,(#12453,#12454,#12455,#12456,#12457),
 .UNSPECIFIED.,.F.,.F.,(4,1,4),(0.,0.0246486033954361,0.0420556303111433),
 .UNSPECIFIED.);
#142=B_SPLINE_CURVE_WITH_KNOTS('',3,(#12459,#12460,#12461,#12462,#12463),
 .UNSPECIFIED.,.F.,.F.,(4,1,4),(-0.0420556303111433,-0.0246486033954361,
0.),.UNSPECIFIED.);
#143=B_SPLINE_CURVE_WITH_KNOTS('',3,(#12476,#12477,#12478,#12479,#12480),
 .UNSPECIFIED.,.F.,.F.,(4,1,4),(0.,0.0148450332810152,0.0316943312118842),
 .UNSPECIFIED.);
#144=B_SPLINE_CURVE_WITH_KNOTS('',3,(#12482,#12483,#12484,#12485,#12486),
 .UNSPECIFIED.,.F.,.F.,(4,1,4),(-0.0316943312118842,-0.0148450332810152,
0.),.UNSPECIFIED.);
#145=B_SPLINE_CURVE_WITH_KNOTS('',3,(#12499,#12500,#12501,#12502,#12503),
 .UNSPECIFIED.,.F.,.F.,(4,1,4),(0.,0.0158080576624336,0.0302916841466049),
 .UNSPECIFIED.);
#146=B_SPLINE_CURVE_WITH_KNOTS('',3,(#12505,#12506,#12507,#12508,#12509),
 .UNSPECIFIED.,.F.,.F.,(4,1,4),(-0.0302916841466049,-0.0158080576624336,
0.),.UNSPECIFIED.);
#147=B_SPLINE_CURVE_WITH_KNOTS('',3,(#12522,#12523,#12524,#12525,#12526),
 .UNSPECIFIED.,.F.,.F.,(4,1,4),(0.,0.0171783142832733,0.0412127145232474),
 .UNSPECIFIED.);
#148=B_SPLINE_CURVE_WITH_KNOTS('',3,(#12528,#12529,#12530,#12531,#12532),
 .UNSPECIFIED.,.F.,.F.,(4,1,4),(-0.0412127145232474,-0.0171783142832733,
0.),.UNSPECIFIED.);
#149=B_SPLINE_CURVE_WITH_KNOTS('',3,(#12563,#12564,#12565,#12566,#12567),
 .UNSPECIFIED.,.F.,.F.,(4,1,4),(0.,0.0273637359820884,0.0470891680963462),
 .UNSPECIFIED.);
#150=B_SPLINE_CURVE_WITH_KNOTS('',3,(#12569,#12570,#12571,#12572,#12573),
 .UNSPECIFIED.,.F.,.F.,(4,1,4),(-0.0470891680963462,-0.0273637359820884,
0.),.UNSPECIFIED.);
#151=B_SPLINE_CURVE_WITH_KNOTS('',3,(#12586,#12587,#12588,#12589,#12590),
 .UNSPECIFIED.,.F.,.F.,(4,1,4),(0.,0.0165077998410192,0.0339729807538626),
 .UNSPECIFIED.);
#152=B_SPLINE_CURVE_WITH_KNOTS('',3,(#12592,#12593,#12594,#12595,#12596),
 .UNSPECIFIED.,.F.,.F.,(4,1,4),(-0.0339729807538626,-0.0165077998410192,
0.),.UNSPECIFIED.);
#153=B_SPLINE_CURVE_WITH_KNOTS('',3,(#12609,#12610,#12611,#12612,#12613),
 .UNSPECIFIED.,.F.,.F.,(4,1,4),(0.,0.0163208350608505,0.0321688444146231),
 .UNSPECIFIED.);
#154=B_SPLINE_CURVE_WITH_KNOTS('',3,(#12615,#12616,#12617,#12618,#12619),
 .UNSPECIFIED.,.F.,.F.,(4,1,4),(-0.0321688444146231,-0.0163208350608505,
0.),.UNSPECIFIED.);
#155=B_SPLINE_CURVE_WITH_KNOTS('',3,(#12632,#12633,#12634,#12635,#12636),
 .UNSPECIFIED.,.F.,.F.,(4,1,4),(0.,0.0195837170186722,0.0473070205504777),
 .UNSPECIFIED.);
#156=B_SPLINE_CURVE_WITH_KNOTS('',3,(#12638,#12639,#12640,#12641,#12642),
 .UNSPECIFIED.,.F.,.F.,(4,1,4),(-0.0473070205504777,-0.0195837170186722,
0.),.UNSPECIFIED.);
#157=B_SPLINE_CURVE_WITH_KNOTS('',3,(#12673,#12674,#12675,#12676,#12677),
 .UNSPECIFIED.,.F.,.F.,(4,1,4),(0.,0.0516247853254791,0.0950072903407071),
 .UNSPECIFIED.);
#158=B_SPLINE_CURVE_WITH_KNOTS('',3,(#12679,#12680,#12681,#12682,#12683),
 .UNSPECIFIED.,.F.,.F.,(4,1,4),(-0.0950072903407071,-0.0516247853254791,
0.),.UNSPECIFIED.);
#159=B_SPLINE_CURVE_WITH_KNOTS('',3,(#12696,#12697,#12698,#12699,#12700),
 .UNSPECIFIED.,.F.,.F.,(4,1,4),(0.,0.039589267272517,0.0792338984132536),
 .UNSPECIFIED.);
#160=B_SPLINE_CURVE_WITH_KNOTS('',3,(#12702,#12703,#12704,#12705,#12706),
 .UNSPECIFIED.,.F.,.F.,(4,1,4),(-0.0792338984132536,-0.039589267272517,
0.),.UNSPECIFIED.);
#161=B_SPLINE_CURVE_WITH_KNOTS('',3,(#12719,#12720,#12721,#12722,#12723),
 .UNSPECIFIED.,.F.,.F.,(4,1,4),(0.,0.0334069073843618,0.0658585534859925),
 .UNSPECIFIED.);
#162=B_SPLINE_CURVE_WITH_KNOTS('',3,(#12725,#12726,#12727,#12728,#12729),
 .UNSPECIFIED.,.F.,.F.,(4,1,4),(-0.0658585534859925,-0.0334069073843618,
0.),.UNSPECIFIED.);
#163=B_SPLINE_CURVE_WITH_KNOTS('',3,(#12742,#12743,#12744,#12745,#12746),
 .UNSPECIFIED.,.F.,.F.,(4,1,4),(0.,0.0236335686799931,0.0511611403060949),
 .UNSPECIFIED.);
#164=B_SPLINE_CURVE_WITH_KNOTS('',3,(#12748,#12749,#12750,#12751,#12752),
 .UNSPECIFIED.,.F.,.F.,(4,1,4),(-0.0511611403060949,-0.0236335686799931,
0.),.UNSPECIFIED.);
#165=B_SPLINE_CURVE_WITH_KNOTS('',3,(#12765,#12766,#12767,#12768,#12769),
 .UNSPECIFIED.,.F.,.F.,(4,1,4),(0.,0.0399784781590976,0.0737477958620101),
 .UNSPECIFIED.);
#166=B_SPLINE_CURVE_WITH_KNOTS('',3,(#12771,#12772,#12773,#12774,#12775),
 .UNSPECIFIED.,.F.,.F.,(4,1,4),(-0.0737477958620101,-0.0399784781590976,
0.),.UNSPECIFIED.);
#167=B_SPLINE_CURVE_WITH_KNOTS('',3,(#12788,#12789,#12790,#12791,#12792),
 .UNSPECIFIED.,.F.,.F.,(4,1,4),(0.,0.0323027689818184,0.0676292852198622),
 .UNSPECIFIED.);
#168=B_SPLINE_CURVE_WITH_KNOTS('',3,(#12794,#12795,#12796,#12797,#12798),
 .UNSPECIFIED.,.F.,.F.,(4,1,4),(-0.0676292852198622,-0.0323027689818184,
0.),.UNSPECIFIED.);
#169=B_SPLINE_CURVE_WITH_KNOTS('',3,(#12811,#12812,#12813,#12814,#12815),
 .UNSPECIFIED.,.F.,.F.,(4,1,4),(0.,0.0297565762070205,0.0582959992623905),
 .UNSPECIFIED.);
#170=B_SPLINE_CURVE_WITH_KNOTS('',3,(#12817,#12818,#12819,#12820,#12821),
 .UNSPECIFIED.,.F.,.F.,(4,1,4),(-0.0582959992623905,-0.0297565762070205,
0.),.UNSPECIFIED.);
#171=B_SPLINE_CURVE_WITH_KNOTS('',3,(#12834,#12835,#12836,#12837,#12838),
 .UNSPECIFIED.,.F.,.F.,(4,1,4),(0.,0.0280650380611549,0.0562511308571582),
 .UNSPECIFIED.);
#172=B_SPLINE_CURVE_WITH_KNOTS('',3,(#12840,#12841,#12842,#12843,#12844),
 .UNSPECIFIED.,.F.,.F.,(4,1,4),(-0.0562511308571582,-0.0280650380611549,
0.),.UNSPECIFIED.);
#173=B_SPLINE_CURVE_WITH_KNOTS('',3,(#12857,#12858,#12859,#12860,#12861),
 .UNSPECIFIED.,.F.,.F.,(4,1,4),(0.,0.0210015478250007,0.0489345398052438),
 .UNSPECIFIED.);
#174=B_SPLINE_CURVE_WITH_KNOTS('',3,(#12863,#12864,#12865,#12866,#12867),
 .UNSPECIFIED.,.F.,.F.,(4,1,4),(-0.0489345398052438,-0.0210015478250007,
0.),.UNSPECIFIED.);
#175=B_SPLINE_CURVE_WITH_KNOTS('',3,(#12880,#12881,#12882,#12883,#12884),
 .UNSPECIFIED.,.F.,.F.,(4,1,4),(0.,0.034960698786202,0.0556741797229521),
 .UNSPECIFIED.);
#176=B_SPLINE_CURVE_WITH_KNOTS('',3,(#12886,#12887,#12888,#12889,#12890),
 .UNSPECIFIED.,.F.,.F.,(4,1,4),(-0.0556741797229521,-0.034960698786202,
0.),.UNSPECIFIED.);
#177=B_SPLINE_CURVE_WITH_KNOTS('',3,(#12983,#12984,#12985,#12986,#12987),
 .UNSPECIFIED.,.F.,.F.,(4,1,4),(0.,0.0246341976070195,0.0499050516627373),
 .UNSPECIFIED.);
#178=B_SPLINE_CURVE_WITH_KNOTS('',3,(#12991,#12992,#12993,#12994,#12995),
 .UNSPECIFIED.,.F.,.F.,(4,1,4),(-0.0499050516627373,-0.0246341976070195,
0.),.UNSPECIFIED.);
#179=B_SPLINE_CURVE_WITH_KNOTS('',3,(#13008,#13009,#13010,#13011,#13012),
 .UNSPECIFIED.,.F.,.F.,(4,1,4),(0.,0.0290353021118983,0.046608641752402),
 .UNSPECIFIED.);
#180=B_SPLINE_CURVE_WITH_KNOTS('',3,(#13014,#13015,#13016,#13017,#13018),
 .UNSPECIFIED.,.F.,.F.,(4,1,4),(-0.046608641752402,-0.0290353021118983,
0.),.UNSPECIFIED.);
#181=B_SPLINE_CURVE_WITH_KNOTS('',3,(#13031,#13032,#13033,#13034,#13035),
 .UNSPECIFIED.,.F.,.F.,(4,1,4),(0.,0.0118707636774656,0.0229618299491603),
 .UNSPECIFIED.);
#182=B_SPLINE_CURVE_WITH_KNOTS('',3,(#13037,#13038,#13039,#13040,#13041),
 .UNSPECIFIED.,.F.,.F.,(4,1,4),(-0.0229618299491603,-0.0118707636774656,
0.),.UNSPECIFIED.);
#183=B_SPLINE_CURVE_WITH_KNOTS('',3,(#13054,#13055,#13056,#13057,#13058),
 .UNSPECIFIED.,.F.,.F.,(4,1,4),(0.,0.0121203870808918,0.0238484494102758),
 .UNSPECIFIED.);
#184=B_SPLINE_CURVE_WITH_KNOTS('',3,(#13060,#13061,#13062,#13063,#13064),
 .UNSPECIFIED.,.F.,.F.,(4,1,4),(-0.0238484494102758,-0.0121203870808918,
0.),.UNSPECIFIED.);
#185=B_SPLINE_CURVE_WITH_KNOTS('',3,(#13077,#13078,#13079,#13080,#13081),
 .UNSPECIFIED.,.F.,.F.,(4,1,4),(0.,0.0128998712475789,0.028624717438387),
 .UNSPECIFIED.);
#186=B_SPLINE_CURVE_WITH_KNOTS('',3,(#13083,#13084,#13085,#13086,#13087),
 .UNSPECIFIED.,.F.,.F.,(4,1,4),(-0.028624717438387,-0.0128998712475789,
0.),.UNSPECIFIED.);
#187=B_SPLINE_CURVE_WITH_KNOTS('',3,(#13100,#13101,#13102,#13103,#13104),
 .UNSPECIFIED.,.F.,.F.,(4,1,4),(0.,0.0180466374084241,0.0359766929039522),
 .UNSPECIFIED.);
#188=B_SPLINE_CURVE_WITH_KNOTS('',3,(#13106,#13107,#13108,#13109,#13110),
 .UNSPECIFIED.,.F.,.F.,(4,1,4),(-0.0359766929039522,-0.0180466374084241,
0.),.UNSPECIFIED.);
#189=B_SPLINE_CURVE_WITH_KNOTS('',3,(#13123,#13124,#13125,#13126,#13127),
 .UNSPECIFIED.,.F.,.F.,(4,1,4),(0.,0.0169110352799222,0.0318907458158817),
 .UNSPECIFIED.);
#190=B_SPLINE_CURVE_WITH_KNOTS('',3,(#13129,#13130,#13131,#13132,#13133),
 .UNSPECIFIED.,.F.,.F.,(4,1,4),(-0.0318907458158817,-0.0169110352799222,
0.),.UNSPECIFIED.);
#191=B_SPLINE_CURVE_WITH_KNOTS('',3,(#13146,#13147,#13148,#13149,#13150),
 .UNSPECIFIED.,.F.,.F.,(4,1,4),(0.,0.0157251051568117,0.034591906823027),
 .UNSPECIFIED.);
#192=B_SPLINE_CURVE_WITH_KNOTS('',3,(#13152,#13153,#13154,#13155,#13156),
 .UNSPECIFIED.,.F.,.F.,(4,1,4),(-0.034591906823027,-0.0157251051568117,
0.),.UNSPECIFIED.);
#193=B_SPLINE_CURVE_WITH_KNOTS('',3,(#13181,#13182,#13183,#13184,#13185),
 .UNSPECIFIED.,.F.,.F.,(4,1,4),(0.,0.0259222432649985,0.0473273377604756),
 .UNSPECIFIED.);
#194=B_SPLINE_CURVE_WITH_KNOTS('',3,(#13187,#13188,#13189,#13190,#13191),
 .UNSPECIFIED.,.F.,.F.,(4,1,4),(-0.0473273377604756,-0.0259222432649985,
0.),.UNSPECIFIED.);
#195=B_SPLINE_CURVE_WITH_KNOTS('',3,(#13204,#13205,#13206,#13207,#13208),
 .UNSPECIFIED.,.F.,.F.,(4,1,4),(0.,0.020321013271639,0.0430529964865942),
 .UNSPECIFIED.);
#196=B_SPLINE_CURVE_WITH_KNOTS('',3,(#13210,#13211,#13212,#13213,#13214),
 .UNSPECIFIED.,.F.,.F.,(4,1,4),(-0.0430529964865942,-0.020321013271639,
0.),.UNSPECIFIED.);
#197=B_SPLINE_CURVE_WITH_KNOTS('',3,(#13227,#13228,#13229,#13230,#13231),
 .UNSPECIFIED.,.F.,.F.,(4,1,4),(0.,0.0196348580107149,0.0441556461610766),
 .UNSPECIFIED.);
#198=B_SPLINE_CURVE_WITH_KNOTS('',3,(#13233,#13234,#13235,#13236,#13237),
 .UNSPECIFIED.,.F.,.F.,(4,1,4),(-0.0441556461610766,-0.0196348580107149,
0.),.UNSPECIFIED.);
#199=B_SPLINE_CURVE_WITH_KNOTS('',3,(#13250,#13251,#13252,#13253,#13254),
 .UNSPECIFIED.,.F.,.F.,(4,1,4),(0.,0.0280474285260408,0.0580836187604545),
 .UNSPECIFIED.);
#200=B_SPLINE_CURVE_WITH_KNOTS('',3,(#13256,#13257,#13258,#13259,#13260),
 .UNSPECIFIED.,.F.,.F.,(4,1,4),(-0.0580836187604545,-0.0280474285260408,
0.),.UNSPECIFIED.);
#201=B_SPLINE_CURVE_WITH_KNOTS('',3,(#13273,#13274,#13275,#13276,#13277),
 .UNSPECIFIED.,.F.,.F.,(4,1,4),(0.,0.0450422945232405,0.080489132912062),
 .UNSPECIFIED.);
#202=B_SPLINE_CURVE_WITH_KNOTS('',3,(#13279,#13280,#13281,#13282,#13283),
 .UNSPECIFIED.,.F.,.F.,(4,1,4),(-0.080489132912062,-0.0450422945232405,
0.),.UNSPECIFIED.);
#203=B_SPLINE_CURVE_WITH_KNOTS('',3,(#13296,#13297,#13298,#13299,#13300),
 .UNSPECIFIED.,.F.,.F.,(4,1,4),(0.,0.0290725059807067,0.0561291133494514),
 .UNSPECIFIED.);
#204=B_SPLINE_CURVE_WITH_KNOTS('',3,(#13302,#13303,#13304,#13305,#13306),
 .UNSPECIFIED.,.F.,.F.,(4,1,4),(-0.0561291133494514,-0.0290725059807067,
0.),.UNSPECIFIED.);
#205=B_SPLINE_CURVE_WITH_KNOTS('',3,(#13319,#13320,#13321,#13322,#13323),
 .UNSPECIFIED.,.F.,.F.,(4,1,4),(0.,0.0195216146046392,0.0417007180163935),
 .UNSPECIFIED.);
#206=B_SPLINE_CURVE_WITH_KNOTS('',3,(#13325,#13326,#13327,#13328,#13329),
 .UNSPECIFIED.,.F.,.F.,(4,1,4),(-0.0417007180163935,-0.0195216146046392,
0.),.UNSPECIFIED.);
#207=B_SPLINE_CURVE_WITH_KNOTS('',3,(#13342,#13343,#13344,#13345,#13346),
 .UNSPECIFIED.,.F.,.F.,(4,1,4),(0.,0.0228392441154001,0.0439142025749252),
 .UNSPECIFIED.);
#208=B_SPLINE_CURVE_WITH_KNOTS('',3,(#13348,#13349,#13350,#13351,#13352),
 .UNSPECIFIED.,.F.,.F.,(4,1,4),(-0.0439142025749252,-0.0228392441154001,
0.),.UNSPECIFIED.);
#209=B_SPLINE_CURVE_WITH_KNOTS('',3,(#13371,#13372,#13373,#13374,#13375),
 .UNSPECIFIED.,.F.,.F.,(4,1,4),(0.,0.0182583924394661,0.0322076637724423),
 .UNSPECIFIED.);
#210=B_SPLINE_CURVE_WITH_KNOTS('',3,(#13377,#13378,#13379,#13380,#13381),
 .UNSPECIFIED.,.F.,.F.,(4,1,4),(-0.0322076637724423,-0.0182583924394661,
0.),.UNSPECIFIED.);
#211=B_SPLINE_CURVE_WITH_KNOTS('',3,(#13394,#13395,#13396,#13397,#13398),
 .UNSPECIFIED.,.F.,.F.,(4,1,4),(0.,0.0138291144631631,0.031743353312522),
 .UNSPECIFIED.);
#212=B_SPLINE_CURVE_WITH_KNOTS('',3,(#13400,#13401,#13402,#13403,#13404),
 .UNSPECIFIED.,.F.,.F.,(4,1,4),(-0.031743353312522,-0.0138291144631631,
0.),.UNSPECIFIED.);
#213=B_SPLINE_CURVE_WITH_KNOTS('',3,(#13423,#13424,#13425,#13426,#13427),
 .UNSPECIFIED.,.F.,.F.,(4,1,4),(0.,0.0111368850369426,0.0189341633120612),
 .UNSPECIFIED.);
#214=B_SPLINE_CURVE_WITH_KNOTS('',3,(#13429,#13430,#13431,#13432,#13433),
 .UNSPECIFIED.,.F.,.F.,(4,1,4),(-0.0189341633120612,-0.0111368850369426,
0.),.UNSPECIFIED.);
#215=B_SPLINE_CURVE_WITH_KNOTS('',3,(#13446,#13447,#13448,#13449,#13450),
 .UNSPECIFIED.,.F.,.F.,(4,1,4),(0.,0.00777576803454081,0.018822094874946),
 .UNSPECIFIED.);
#216=B_SPLINE_CURVE_WITH_KNOTS('',3,(#13452,#13453,#13454,#13455,#13456),
 .UNSPECIFIED.,.F.,.F.,(4,1,4),(-0.018822094874946,-0.00777576803454081,
0.),.UNSPECIFIED.);
#217=B_SPLINE_CURVE_WITH_KNOTS('',3,(#13469,#13470,#13471,#13472,#13473),
 .UNSPECIFIED.,.F.,.F.,(4,1,4),(0.,0.0282452377025816,0.0529780370190018),
 .UNSPECIFIED.);
#218=B_SPLINE_CURVE_WITH_KNOTS('',3,(#13475,#13476,#13477,#13478,#13479),
 .UNSPECIFIED.,.F.,.F.,(4,1,4),(-0.0529780370190018,-0.0282452377025816,
0.),.UNSPECIFIED.);
#219=B_SPLINE_CURVE_WITH_KNOTS('',3,(#13492,#13493,#13494,#13495,#13496),
 .UNSPECIFIED.,.F.,.F.,(4,1,4),(0.,0.0331036597134777,0.0698565664330243),
 .UNSPECIFIED.);
#220=B_SPLINE_CURVE_WITH_KNOTS('',3,(#13498,#13499,#13500,#13501,#13502),
 .UNSPECIFIED.,.F.,.F.,(4,1,4),(-0.0698565664330243,-0.0331036597134777,
0.),.UNSPECIFIED.);
#221=B_SPLINE_CURVE_WITH_KNOTS('',3,(#13515,#13516,#13517,#13518,#13519),
 .UNSPECIFIED.,.F.,.F.,(4,1,4),(0.,0.0459935649861079,0.0836906125906396),
 .UNSPECIFIED.);
#222=B_SPLINE_CURVE_WITH_KNOTS('',3,(#13521,#13522,#13523,#13524,#13525),
 .UNSPECIFIED.,.F.,.F.,(4,1,4),(-0.0836906125906396,-0.0459935649861079,
0.),.UNSPECIFIED.);
#223=B_SPLINE_CURVE_WITH_KNOTS('',3,(#13538,#13539,#13540,#13541,#13542),
 .UNSPECIFIED.,.F.,.F.,(4,1,4),(0.,0.0335400352310016,0.066630536817608),
 .UNSPECIFIED.);
#224=B_SPLINE_CURVE_WITH_KNOTS('',3,(#13544,#13545,#13546,#13547,#13548),
 .UNSPECIFIED.,.F.,.F.,(4,1,4),(-0.066630536817608,-0.0335400352310016,
0.),.UNSPECIFIED.);
#225=B_SPLINE_CURVE_WITH_KNOTS('',3,(#13561,#13562,#13563,#13564,#13565),
 .UNSPECIFIED.,.F.,.F.,(4,1,4),(0.,0.0304692585751277,0.0587090703106918),
 .UNSPECIFIED.);
#226=B_SPLINE_CURVE_WITH_KNOTS('',3,(#13567,#13568,#13569,#13570,#13571),
 .UNSPECIFIED.,.F.,.F.,(4,1,4),(-0.0587090703106918,-0.0304692585751277,
0.),.UNSPECIFIED.);
#227=B_SPLINE_CURVE_WITH_KNOTS('',3,(#13584,#13585,#13586,#13587,#13588),
 .UNSPECIFIED.,.F.,.F.,(4,1,4),(0.,0.0332219523347958,0.0790615781969461),
 .UNSPECIFIED.);
#228=B_SPLINE_CURVE_WITH_KNOTS('',3,(#13590,#13591,#13592,#13593,#13594),
 .UNSPECIFIED.,.F.,.F.,(4,1,4),(-0.0790615781969461,-0.0332219523347958,
0.),.UNSPECIFIED.);
#229=B_SPLINE_CURVE_WITH_KNOTS('',3,(#13607,#13608,#13609,#13610,#13611),
 .UNSPECIFIED.,.F.,.F.,(4,1,4),(0.,0.0525953403736898,0.0829319758185801),
 .UNSPECIFIED.);
#230=B_SPLINE_CURVE_WITH_KNOTS('',3,(#13613,#13614,#13615,#13616,#13617),
 .UNSPECIFIED.,.F.,.F.,(4,1,4),(-0.0829319758185801,-0.0525953403736898,
0.),.UNSPECIFIED.);
#231=B_SPLINE_CURVE_WITH_KNOTS('',3,(#13630,#13631,#13632,#13633,#13634),
 .UNSPECIFIED.,.F.,.F.,(4,1,4),(0.,0.0199703158335983,0.0414752145849546),
 .UNSPECIFIED.);
#232=B_SPLINE_CURVE_WITH_KNOTS('',3,(#13636,#13637,#13638,#13639,#13640),
 .UNSPECIFIED.,.F.,.F.,(4,1,4),(-0.0414752145849546,-0.0199703158335983,
0.),.UNSPECIFIED.);
#233=B_SPLINE_CURVE_WITH_KNOTS('',3,(#13653,#13654,#13655,#13656,#13657),
 .UNSPECIFIED.,.F.,.F.,(4,1,4),(0.,0.0175222697758992,0.0304422271949066),
 .UNSPECIFIED.);
#234=B_SPLINE_CURVE_WITH_KNOTS('',3,(#13659,#13660,#13661,#13662,#13663),
 .UNSPECIFIED.,.F.,.F.,(4,1,4),(-0.0304422271949066,-0.0175222697758992,
0.),.UNSPECIFIED.);
#235=B_SPLINE_CURVE_WITH_KNOTS('',3,(#13676,#13677,#13678,#13679,#13680),
 .UNSPECIFIED.,.F.,.F.,(4,1,4),(0.,0.0131813232622253,0.0313732030043819),
 .UNSPECIFIED.);
#236=B_SPLINE_CURVE_WITH_KNOTS('',3,(#13682,#13683,#13684,#13685,#13686),
 .UNSPECIFIED.,.F.,.F.,(4,1,4),(-0.0313732030043819,-0.0131813232622253,
0.),.UNSPECIFIED.);
#237=B_SPLINE_CURVE_WITH_KNOTS('',3,(#13699,#13700,#13701,#13702,#13703),
 .UNSPECIFIED.,.F.,.F.,(4,1,4),(0.,0.0239741018877494,0.0422410836540933),
 .UNSPECIFIED.);
#238=B_SPLINE_CURVE_WITH_KNOTS('',3,(#13705,#13706,#13707,#13708,#13709),
 .UNSPECIFIED.,.F.,.F.,(4,1,4),(-0.0422410836540933,-0.0239741018877494,
0.),.UNSPECIFIED.);
#239=B_SPLINE_CURVE_WITH_KNOTS('',3,(#13721,#13722,#13723,#13724,#13725),
 .UNSPECIFIED.,.F.,.F.,(4,1,4),(0.,0.0137475439195948,0.0312910211544784),
 .UNSPECIFIED.);
#240=B_SPLINE_CURVE_WITH_KNOTS('',3,(#13726,#13727,#13728,#13729,#13730),
 .UNSPECIFIED.,.F.,.F.,(4,1,4),(-0.0312910211544784,-0.0137475439195948,
0.),.UNSPECIFIED.);
#241=B_SPLINE_CURVE_WITH_KNOTS('',3,(#13771,#13772,#13773,#13774,#13775),
 .UNSPECIFIED.,.F.,.F.,(4,1,4),(0.,0.0282636686018691,0.0499594805139691),
 .UNSPECIFIED.);
#242=B_SPLINE_CURVE_WITH_KNOTS('',3,(#13779,#13780,#13781,#13782,#13783),
 .UNSPECIFIED.,.F.,.F.,(4,1,4),(-0.0499594805139691,-0.0282636686018691,
0.),.UNSPECIFIED.);
#243=B_SPLINE_CURVE_WITH_KNOTS('',3,(#13796,#13797,#13798,#13799,#13800),
 .UNSPECIFIED.,.F.,.F.,(4,1,4),(0.,0.0193285499060295,0.0403216482280751),
 .UNSPECIFIED.);
#244=B_SPLINE_CURVE_WITH_KNOTS('',3,(#13802,#13803,#13804,#13805,#13806),
 .UNSPECIFIED.,.F.,.F.,(4,1,4),(-0.0403216482280751,-0.0193285499060295,
0.),.UNSPECIFIED.);
#245=B_SPLINE_CURVE_WITH_KNOTS('',3,(#13819,#13820,#13821,#13822,#13823),
 .UNSPECIFIED.,.F.,.F.,(4,1,4),(0.,0.0243786272012963,0.0486686429415613),
 .UNSPECIFIED.);
#246=B_SPLINE_CURVE_WITH_KNOTS('',3,(#13825,#13826,#13827,#13828,#13829),
 .UNSPECIFIED.,.F.,.F.,(4,1,4),(-0.0486686429415613,-0.0243786272012963,
0.),.UNSPECIFIED.);
#247=B_SPLINE_CURVE_WITH_KNOTS('',3,(#13842,#13843,#13844,#13845,#13846),
 .UNSPECIFIED.,.F.,.F.,(4,1,4),(0.,0.0182731345929816,0.0414432421738209),
 .UNSPECIFIED.);
#248=B_SPLINE_CURVE_WITH_KNOTS('',3,(#13848,#13849,#13850,#13851,#13852),
 .UNSPECIFIED.,.F.,.F.,(4,1,4),(-0.0414432421738209,-0.0182731345929816,
0.),.UNSPECIFIED.);
#249=B_SPLINE_CURVE_WITH_KNOTS('',3,(#13877,#13878,#13879,#13880,#13881),
 .UNSPECIFIED.,.F.,.F.,(4,1,4),(0.,0.0238832112558088,0.0428524565932309),
 .UNSPECIFIED.);
#250=B_SPLINE_CURVE_WITH_KNOTS('',3,(#13883,#13884,#13885,#13886,#13887),
 .UNSPECIFIED.,.F.,.F.,(4,1,4),(-0.0428524565932309,-0.0238832112558088,
0.),.UNSPECIFIED.);
#251=B_SPLINE_CURVE_WITH_KNOTS('',3,(#13900,#13901,#13902,#13903,#13904),
 .UNSPECIFIED.,.F.,.F.,(4,1,4),(0.,0.0233156238893902,0.0472481510229215),
 .UNSPECIFIED.);
#252=B_SPLINE_CURVE_WITH_KNOTS('',3,(#13906,#13907,#13908,#13909,#13910),
 .UNSPECIFIED.,.F.,.F.,(4,1,4),(-0.0472481510229215,-0.0233156238893902,
0.),.UNSPECIFIED.);
#253=B_SPLINE_CURVE_WITH_KNOTS('',3,(#13923,#13924,#13925,#13926,#13927),
 .UNSPECIFIED.,.F.,.F.,(4,1,4),(0.,0.0160925389470928,0.0324327649933676),
 .UNSPECIFIED.);
#254=B_SPLINE_CURVE_WITH_KNOTS('',3,(#13929,#13930,#13931,#13932,#13933),
 .UNSPECIFIED.,.F.,.F.,(4,1,4),(-0.0324327649933676,-0.0160925389470928,
0.),.UNSPECIFIED.);
#255=B_SPLINE_CURVE_WITH_KNOTS('',3,(#13946,#13947,#13948,#13949,#13950),
 .UNSPECIFIED.,.F.,.F.,(4,1,4),(0.,0.011774083969062,0.026746590828715),
 .UNSPECIFIED.);
#256=B_SPLINE_CURVE_WITH_KNOTS('',3,(#13952,#13953,#13954,#13955,#13956),
 .UNSPECIFIED.,.F.,.F.,(4,1,4),(-0.026746590828715,-0.011774083969062,0.),
 .UNSPECIFIED.);
#257=B_SPLINE_CURVE_WITH_KNOTS('',3,(#13975,#13976,#13977,#13978,#13979),
 .UNSPECIFIED.,.F.,.F.,(4,1,4),(0.,0.0466043998500684,0.0879907656959332),
 .UNSPECIFIED.);
#258=B_SPLINE_CURVE_WITH_KNOTS('',3,(#13981,#13982,#13983,#13984,#13985),
 .UNSPECIFIED.,.F.,.F.,(4,1,4),(-0.0879907656959332,-0.0466043998500684,
0.),.UNSPECIFIED.);
#259=B_SPLINE_CURVE_WITH_KNOTS('',3,(#13998,#13999,#14000,#14001,#14002),
 .UNSPECIFIED.,.F.,.F.,(4,1,4),(0.,0.0454610302573191,0.104247199358961),
 .UNSPECIFIED.);
#260=B_SPLINE_CURVE_WITH_KNOTS('',3,(#14004,#14005,#14006,#14007,#14008),
 .UNSPECIFIED.,.F.,.F.,(4,1,4),(-0.104247199358961,-0.0454610302573191,
0.),.UNSPECIFIED.);
#261=B_SPLINE_CURVE_WITH_KNOTS('',3,(#14021,#14022,#14023,#14024,#14025),
 .UNSPECIFIED.,.F.,.F.,(4,1,4),(0.,0.051592257468621,0.092596091297797),
 .UNSPECIFIED.);
#262=B_SPLINE_CURVE_WITH_KNOTS('',3,(#14027,#14028,#14029,#14030,#14031),
 .UNSPECIFIED.,.F.,.F.,(4,1,4),(-0.092596091297797,-0.051592257468621,0.),
 .UNSPECIFIED.);
#263=B_SPLINE_CURVE_WITH_KNOTS('',3,(#14044,#14045,#14046,#14047,#14048),
 .UNSPECIFIED.,.F.,.F.,(4,1,4),(0.,0.0367759770287194,0.0759580303112542),
 .UNSPECIFIED.);
#264=B_SPLINE_CURVE_WITH_KNOTS('',3,(#14050,#14051,#14052,#14053,#14054),
 .UNSPECIFIED.,.F.,.F.,(4,1,4),(-0.0759580303112542,-0.0367759770287194,
0.),.UNSPECIFIED.);
#265=B_SPLINE_CURVE_WITH_KNOTS('',3,(#14067,#14068,#14069,#14070,#14071),
 .UNSPECIFIED.,.F.,.F.,(4,1,4),(0.,0.0417390529929701,0.0867125266536816),
 .UNSPECIFIED.);
#266=B_SPLINE_CURVE_WITH_KNOTS('',3,(#14073,#14074,#14075,#14076,#14077),
 .UNSPECIFIED.,.F.,.F.,(4,1,4),(-0.0867125266536816,-0.0417390529929701,
0.),.UNSPECIFIED.);
#267=B_SPLINE_CURVE_WITH_KNOTS('',3,(#14090,#14091,#14092,#14093,#14094),
 .UNSPECIFIED.,.F.,.F.,(4,1,4),(0.,0.0624153729688423,0.120875130862116),
 .UNSPECIFIED.);
#268=B_SPLINE_CURVE_WITH_KNOTS('',3,(#14096,#14097,#14098,#14099,#14100),
 .UNSPECIFIED.,.F.,.F.,(4,1,4),(-0.120875130862116,-0.0624153729688423,
0.),.UNSPECIFIED.);
#269=B_SPLINE_CURVE_WITH_KNOTS('',3,(#14113,#14114,#14115,#14116,#14117),
 .UNSPECIFIED.,.F.,.F.,(4,1,4),(0.,0.0606398348138157,0.129825426900276),
 .UNSPECIFIED.);
#270=B_SPLINE_CURVE_WITH_KNOTS('',3,(#14119,#14120,#14121,#14122,#14123),
 .UNSPECIFIED.,.F.,.F.,(4,1,4),(-0.129825426900276,-0.0606398348138157,
0.),.UNSPECIFIED.);
#271=B_SPLINE_CURVE_WITH_KNOTS('',3,(#14136,#14137,#14138,#14139,#14140),
 .UNSPECIFIED.,.F.,.F.,(4,1,4),(0.,0.0558603243613294,0.10070562942189),
 .UNSPECIFIED.);
#272=B_SPLINE_CURVE_WITH_KNOTS('',3,(#14142,#14143,#14144,#14145,#14146),
 .UNSPECIFIED.,.F.,.F.,(4,1,4),(-0.10070562942189,-0.0558603243613294,0.),
 .UNSPECIFIED.);
#273=B_SPLINE_CURVE_WITH_KNOTS('',3,(#14159,#14160,#14161,#14162,#14163),
 .UNSPECIFIED.,.F.,.F.,(4,1,4),(0.,0.0392133035608183,0.0783015019833332),
 .UNSPECIFIED.);
#274=B_SPLINE_CURVE_WITH_KNOTS('',3,(#14165,#14166,#14167,#14168,#14169),
 .UNSPECIFIED.,.F.,.F.,(4,1,4),(-0.0783015019833332,-0.0392133035608183,
0.),.UNSPECIFIED.);
#275=B_SPLINE_CURVE_WITH_KNOTS('',3,(#14182,#14183,#14184,#14185,#14186),
 .UNSPECIFIED.,.F.,.F.,(4,1,4),(0.,0.0434883799463367,0.0956112390982009),
 .UNSPECIFIED.);
#276=B_SPLINE_CURVE_WITH_KNOTS('',3,(#14188,#14189,#14190,#14191,#14192),
 .UNSPECIFIED.,.F.,.F.,(4,1,4),(-0.0956112390982009,-0.0434883799463367,
0.),.UNSPECIFIED.);
#277=B_SPLINE_CURVE_WITH_KNOTS('',3,(#14225,#14226,#14227,#14228,#14229),
 .UNSPECIFIED.,.F.,.F.,(4,1,4),(0.,0.0340448196944206,0.0628660062390093),
 .UNSPECIFIED.);
#278=B_SPLINE_CURVE_WITH_KNOTS('',3,(#14231,#14232,#14233,#14234,#14235),
 .UNSPECIFIED.,.F.,.F.,(4,1,4),(-0.0628660062390093,-0.0340448196944206,
0.),.UNSPECIFIED.);
#279=B_SPLINE_CURVE_WITH_KNOTS('',3,(#14248,#14249,#14250,#14251,#14252),
 .UNSPECIFIED.,.F.,.F.,(4,1,4),(0.,0.0279278499894591,0.0595947130699122),
 .UNSPECIFIED.);
#280=B_SPLINE_CURVE_WITH_KNOTS('',3,(#14254,#14255,#14256,#14257,#14258),
 .UNSPECIFIED.,.F.,.F.,(4,1,4),(-0.0595947130699122,-0.0279278499894591,
0.),.UNSPECIFIED.);
#281=B_SPLINE_CURVE_WITH_KNOTS('',3,(#14271,#14272,#14273,#14274,#14275),
 .UNSPECIFIED.,.F.,.F.,(4,1,4),(0.,0.0416661849109993,0.0789268690814159),
 .UNSPECIFIED.);
#282=B_SPLINE_CURVE_WITH_KNOTS('',3,(#14277,#14278,#14279,#14280,#14281),
 .UNSPECIFIED.,.F.,.F.,(4,1,4),(-0.0789268690814159,-0.0416661849109993,
0.),.UNSPECIFIED.);
#283=B_SPLINE_CURVE_WITH_KNOTS('',3,(#14294,#14295,#14296,#14297,#14298),
 .UNSPECIFIED.,.F.,.F.,(4,1,4),(0.,0.0399912668567015,0.0902447296103136),
 .UNSPECIFIED.);
#284=B_SPLINE_CURVE_WITH_KNOTS('',3,(#14300,#14301,#14302,#14303,#14304),
 .UNSPECIFIED.,.F.,.F.,(4,1,4),(-0.0902447296103136,-0.0399912668567015,
0.),.UNSPECIFIED.);
#285=B_SPLINE_CURVE_WITH_KNOTS('',3,(#14335,#14336,#14337,#14338,#14339),
 .UNSPECIFIED.,.F.,.F.,(4,1,4),(0.,0.0234310162309915,0.04051438156131),
 .UNSPECIFIED.);
#286=B_SPLINE_CURVE_WITH_KNOTS('',3,(#14341,#14342,#14343,#14344,#14345),
 .UNSPECIFIED.,.F.,.F.,(4,1,4),(-0.04051438156131,-0.0234310162309915,0.),
 .UNSPECIFIED.);
#287=B_SPLINE_CURVE_WITH_KNOTS('',3,(#14358,#14359,#14360,#14361,#14362),
 .UNSPECIFIED.,.F.,.F.,(4,1,4),(0.,0.0148170529281639,0.0312966320009324),
 .UNSPECIFIED.);
#288=B_SPLINE_CURVE_WITH_KNOTS('',3,(#14364,#14365,#14366,#14367,#14368),
 .UNSPECIFIED.,.F.,.F.,(4,1,4),(-0.0312966320009324,-0.0148170529281639,
0.),.UNSPECIFIED.);
#289=B_SPLINE_CURVE_WITH_KNOTS('',3,(#14381,#14382,#14383,#14384,#14385),
 .UNSPECIFIED.,.F.,.F.,(4,1,4),(0.,0.0186758212376444,0.03712720330552),
 .UNSPECIFIED.);
#290=B_SPLINE_CURVE_WITH_KNOTS('',3,(#14387,#14388,#14389,#14390,#14391),
 .UNSPECIFIED.,.F.,.F.,(4,1,4),(-0.03712720330552,-0.0186758212376444,0.),
 .UNSPECIFIED.);
#291=B_SPLINE_CURVE_WITH_KNOTS('',3,(#14404,#14405,#14406,#14407,#14408),
 .UNSPECIFIED.,.F.,.F.,(4,1,4),(0.,0.0233335189873438,0.0569727502276823),
 .UNSPECIFIED.);
#292=B_SPLINE_CURVE_WITH_KNOTS('',3,(#14410,#14411,#14412,#14413,#14414),
 .UNSPECIFIED.,.F.,.F.,(4,1,4),(-0.0569727502276823,-0.0233335189873438,
0.),.UNSPECIFIED.);
#293=B_SPLINE_CURVE_WITH_KNOTS('',3,(#14477,#14478,#14479,#14480,#14481),
 .UNSPECIFIED.,.F.,.F.,(4,1,4),(0.,0.0486045334471462,0.0824893971592705),
 .UNSPECIFIED.);
#294=B_SPLINE_CURVE_WITH_KNOTS('',3,(#14483,#14484,#14485,#14486,#14487),
 .UNSPECIFIED.,.F.,.F.,(4,1,4),(-0.0824893971592705,-0.0486045334471462,
0.),.UNSPECIFIED.);
#295=B_SPLINE_CURVE_WITH_KNOTS('',3,(#14500,#14501,#14502,#14503,#14504),
 .UNSPECIFIED.,.F.,.F.,(4,1,4),(0.,0.0414391831628131,0.0934682440148437),
 .UNSPECIFIED.);
#296=B_SPLINE_CURVE_WITH_KNOTS('',3,(#14506,#14507,#14508,#14509,#14510),
 .UNSPECIFIED.,.F.,.F.,(4,1,4),(-0.0934682440148437,-0.0414391831628131,
0.),.UNSPECIFIED.);
#297=B_SPLINE_CURVE_WITH_KNOTS('',3,(#14523,#14524,#14525,#14526,#14527),
 .UNSPECIFIED.,.F.,.F.,(4,1,4),(0.,0.0305914549937122,0.0745049512853317),
 .UNSPECIFIED.);
#298=B_SPLINE_CURVE_WITH_KNOTS('',3,(#14529,#14530,#14531,#14532,#14533),
 .UNSPECIFIED.,.F.,.F.,(4,1,4),(-0.0745049512853317,-0.0305914549937122,
0.),.UNSPECIFIED.);
#299=B_SPLINE_CURVE_WITH_KNOTS('',3,(#14552,#14553,#14554,#14555,#14556),
 .UNSPECIFIED.,.F.,.F.,(4,1,4),(0.,0.025992129120668,0.0541362842473382),
 .UNSPECIFIED.);
#300=B_SPLINE_CURVE_WITH_KNOTS('',3,(#14558,#14559,#14560,#14561,#14562),
 .UNSPECIFIED.,.F.,.F.,(4,1,4),(-0.0541362842473382,-0.025992129120668,
0.),.UNSPECIFIED.);
#301=B_SPLINE_CURVE_WITH_KNOTS('',3,(#14575,#14576,#14577,#14578,#14579),
 .UNSPECIFIED.,.F.,.F.,(4,1,4),(0.,0.0178964240901655,0.0334485083132002),
 .UNSPECIFIED.);
#302=B_SPLINE_CURVE_WITH_KNOTS('',3,(#14581,#14582,#14583,#14584,#14585),
 .UNSPECIFIED.,.F.,.F.,(4,1,4),(-0.0334485083132002,-0.0178964240901655,
0.),.UNSPECIFIED.);
#303=B_SPLINE_CURVE_WITH_KNOTS('',3,(#14598,#14599,#14600,#14601,#14602),
 .UNSPECIFIED.,.F.,.F.,(4,1,4),(0.,0.0168405250732464,0.0386286389736737),
 .UNSPECIFIED.);
#304=B_SPLINE_CURVE_WITH_KNOTS('',3,(#14604,#14605,#14606,#14607,#14608),
 .UNSPECIFIED.,.F.,.F.,(4,1,4),(-0.0386286389736737,-0.0168405250732464,
0.),.UNSPECIFIED.);
#305=B_SPLINE_CURVE_WITH_KNOTS('',3,(#14653,#14654,#14655,#14656,#14657),
 .UNSPECIFIED.,.F.,.F.,(4,1,4),(0.,0.0299935974982522,0.0537284574727361),
 .UNSPECIFIED.);
#306=B_SPLINE_CURVE_WITH_KNOTS('',3,(#14661,#14662,#14663,#14664,#14665),
 .UNSPECIFIED.,.F.,.F.,(4,1,4),(-0.0537284574727361,-0.0299935974982522,
0.),.UNSPECIFIED.);
#307=B_SPLINE_CURVE_WITH_KNOTS('',3,(#14678,#14679,#14680,#14681,#14682),
 .UNSPECIFIED.,.F.,.F.,(4,1,4),(0.,0.0206494396150054,0.0412715987266142),
 .UNSPECIFIED.);
#308=B_SPLINE_CURVE_WITH_KNOTS('',3,(#14684,#14685,#14686,#14687,#14688),
 .UNSPECIFIED.,.F.,.F.,(4,1,4),(-0.0412715987266142,-0.0206494396150054,
0.),.UNSPECIFIED.);
#309=B_SPLINE_CURVE_WITH_KNOTS('',3,(#14701,#14702,#14703,#14704,#14705),
 .UNSPECIFIED.,.F.,.F.,(4,1,4),(0.,0.0182526508983194,0.0372489939701091),
 .UNSPECIFIED.);
#310=B_SPLINE_CURVE_WITH_KNOTS('',3,(#14707,#14708,#14709,#14710,#14711),
 .UNSPECIFIED.,.F.,.F.,(4,1,4),(-0.0372489939701091,-0.0182526508983194,
0.),.UNSPECIFIED.);
#311=B_SPLINE_CURVE_WITH_KNOTS('',3,(#14724,#14725,#14726,#14727,#14728),
 .UNSPECIFIED.,.F.,.F.,(4,1,4),(0.,0.02368780683696,0.0563218007956799),
 .UNSPECIFIED.);
#312=B_SPLINE_CURVE_WITH_KNOTS('',3,(#14730,#14731,#14732,#14733,#14734),
 .UNSPECIFIED.,.F.,.F.,(4,1,4),(-0.0563218007956799,-0.02368780683696,0.),
 .UNSPECIFIED.);
#313=B_SPLINE_CURVE_WITH_KNOTS('',3,(#14747,#14748,#14749,#14750,#14751),
 .UNSPECIFIED.,.F.,.F.,(4,1,4),(0.,0.0309148013644491,0.0544541316116733),
 .UNSPECIFIED.);
#314=B_SPLINE_CURVE_WITH_KNOTS('',3,(#14753,#14754,#14755,#14756,#14757),
 .UNSPECIFIED.,.F.,.F.,(4,1,4),(-0.0544541316116733,-0.0309148013644491,
0.),.UNSPECIFIED.);
#315=B_SPLINE_CURVE_WITH_KNOTS('',3,(#14770,#14771,#14772,#14773,#14774),
 .UNSPECIFIED.,.F.,.F.,(4,1,4),(0.,0.0195338224825984,0.0383080973183517),
 .UNSPECIFIED.);
#316=B_SPLINE_CURVE_WITH_KNOTS('',3,(#14776,#14777,#14778,#14779,#14780),
 .UNSPECIFIED.,.F.,.F.,(4,1,4),(-0.0383080973183517,-0.0195338224825984,
0.),.UNSPECIFIED.);
#317=B_SPLINE_CURVE_WITH_KNOTS('',3,(#14793,#14794,#14795,#14796,#14797),
 .UNSPECIFIED.,.F.,.F.,(4,1,4),(0.,0.0199478823763844,0.0402110634622882),
 .UNSPECIFIED.);
#318=B_SPLINE_CURVE_WITH_KNOTS('',3,(#14799,#14800,#14801,#14802,#14803),
 .UNSPECIFIED.,.F.,.F.,(4,1,4),(-0.0402110634622882,-0.0199478823763844,
0.),.UNSPECIFIED.);
#319=B_SPLINE_CURVE_WITH_KNOTS('',3,(#14815,#14816,#14817,#14818,#14819),
 .UNSPECIFIED.,.F.,.F.,(4,1,4),(0.,0.0243451991864833,0.0569398487428575),
 .UNSPECIFIED.);
#320=B_SPLINE_CURVE_WITH_KNOTS('',3,(#14820,#14821,#14822,#14823,#14824),
 .UNSPECIFIED.,.F.,.F.,(4,1,4),(-0.0569398487428575,-0.0243451991864833,
0.),.UNSPECIFIED.);
#321=B_SPLINE_CURVE_WITH_KNOTS('',3,(#14857,#14858,#14859,#14860,#14861),
 .UNSPECIFIED.,.F.,.F.,(4,1,4),(0.,0.0309495779013573,0.0545110304369723),
 .UNSPECIFIED.);
#322=B_SPLINE_CURVE_WITH_KNOTS('',3,(#14863,#14864,#14865,#14866,#14867),
 .UNSPECIFIED.,.F.,.F.,(4,1,4),(-0.0545110304369723,-0.0309495779013573,
0.),.UNSPECIFIED.);
#323=B_SPLINE_CURVE_WITH_KNOTS('',3,(#14880,#14881,#14882,#14883,#14884),
 .UNSPECIFIED.,.F.,.F.,(4,1,4),(0.,0.0270648732489407,0.0553430933010763),
 .UNSPECIFIED.);
#324=B_SPLINE_CURVE_WITH_KNOTS('',3,(#14886,#14887,#14888,#14889,#14890),
 .UNSPECIFIED.,.F.,.F.,(4,1,4),(-0.0553430933010763,-0.0270648732489407,
0.),.UNSPECIFIED.);
#325=B_SPLINE_CURVE_WITH_KNOTS('',3,(#14903,#14904,#14905,#14906,#14907),
 .UNSPECIFIED.,.F.,.F.,(4,1,4),(0.,0.0534162342137841,0.10442486366694),
 .UNSPECIFIED.);
#326=B_SPLINE_CURVE_WITH_KNOTS('',3,(#14909,#14910,#14911,#14912,#14913),
 .UNSPECIFIED.,.F.,.F.,(4,1,4),(-0.10442486366694,-0.0534162342137841,0.),
 .UNSPECIFIED.);
#327=B_SPLINE_CURVE_WITH_KNOTS('',3,(#14926,#14927,#14928,#14929,#14930),
 .UNSPECIFIED.,.F.,.F.,(4,1,4),(0.,0.0550943826478135,0.115154138116873),
 .UNSPECIFIED.);
#328=B_SPLINE_CURVE_WITH_KNOTS('',3,(#14932,#14933,#14934,#14935,#14936),
 .UNSPECIFIED.,.F.,.F.,(4,1,4),(-0.115154138116873,-0.0550943826478135,
0.),.UNSPECIFIED.);
#329=B_SPLINE_CURVE_WITH_KNOTS('',3,(#14949,#14950,#14951,#14952,#14953),
 .UNSPECIFIED.,.F.,.F.,(4,1,4),(0.,0.0641572908085743,0.117515075498851),
 .UNSPECIFIED.);
#330=B_SPLINE_CURVE_WITH_KNOTS('',3,(#14955,#14956,#14957,#14958,#14959),
 .UNSPECIFIED.,.F.,.F.,(4,1,4),(-0.117515075498851,-0.0641572908085743,
0.),.UNSPECIFIED.);
#331=B_SPLINE_CURVE_WITH_KNOTS('',3,(#14972,#14973,#14974,#14975,#14976),
 .UNSPECIFIED.,.F.,.F.,(4,1,4),(0.,0.0485439702987514,0.0980080317744049),
 .UNSPECIFIED.);
#332=B_SPLINE_CURVE_WITH_KNOTS('',3,(#14978,#14979,#14980,#14981,#14982),
 .UNSPECIFIED.,.F.,.F.,(4,1,4),(-0.0980080317744049,-0.0485439702987514,
0.),.UNSPECIFIED.);
#333=B_SPLINE_CURVE_WITH_KNOTS('',3,(#14995,#14996,#14997,#14998,#14999),
 .UNSPECIFIED.,.F.,.F.,(4,1,4),(0.,0.0248232641254199,0.0481028461252245),
 .UNSPECIFIED.);
#334=B_SPLINE_CURVE_WITH_KNOTS('',3,(#15001,#15002,#15003,#15004,#15005),
 .UNSPECIFIED.,.F.,.F.,(4,1,4),(-0.0481028461252245,-0.0248232641254199,
0.),.UNSPECIFIED.);
#335=B_SPLINE_CURVE_WITH_KNOTS('',3,(#15018,#15019,#15020,#15021,#15022),
 .UNSPECIFIED.,.F.,.F.,(4,1,4),(0.,0.0227422693447451,0.0460229460121136),
 .UNSPECIFIED.);
#336=B_SPLINE_CURVE_WITH_KNOTS('',3,(#15024,#15025,#15026,#15027,#15028),
 .UNSPECIFIED.,.F.,.F.,(4,1,4),(-0.0460229460121136,-0.0227422693447451,
0.),.UNSPECIFIED.);
#337=B_SPLINE_CURVE_WITH_KNOTS('',3,(#15061,#15062,#15063,#15064,#15065),
 .UNSPECIFIED.,.F.,.F.,(4,1,4),(0.,0.0305808307970652,0.0524444290026053),
 .UNSPECIFIED.);
#338=B_SPLINE_CURVE_WITH_KNOTS('',3,(#15067,#15068,#15069,#15070,#15071),
 .UNSPECIFIED.,.F.,.F.,(4,1,4),(-0.0524444290026053,-0.0305808307970652,
0.),.UNSPECIFIED.);
#339=B_SPLINE_CURVE_WITH_KNOTS('',3,(#15084,#15085,#15086,#15087,#15088),
 .UNSPECIFIED.,.F.,.F.,(4,1,4),(0.,0.0178316554782947,0.0358314997277138),
 .UNSPECIFIED.);
#340=B_SPLINE_CURVE_WITH_KNOTS('',3,(#15090,#15091,#15092,#15093,#15094),
 .UNSPECIFIED.,.F.,.F.,(4,1,4),(-0.0358314997277138,-0.0178316554782947,
0.),.UNSPECIFIED.);
#341=B_SPLINE_CURVE_WITH_KNOTS('',3,(#15107,#15108,#15109,#15110,#15111),
 .UNSPECIFIED.,.F.,.F.,(4,1,4),(0.,0.0176750739323795,0.0349872392445724),
 .UNSPECIFIED.);
#342=B_SPLINE_CURVE_WITH_KNOTS('',3,(#15113,#15114,#15115,#15116,#15117),
 .UNSPECIFIED.,.F.,.F.,(4,1,4),(-0.0349872392445724,-0.0176750739323795,
0.),.UNSPECIFIED.);
#343=B_SPLINE_CURVE_WITH_KNOTS('',3,(#15130,#15131,#15132,#15133,#15134),
 .UNSPECIFIED.,.F.,.F.,(4,1,4),(0.,0.0205728254847549,0.0498829227133015),
 .UNSPECIFIED.);
#344=B_SPLINE_CURVE_WITH_KNOTS('',3,(#15136,#15137,#15138,#15139,#15140),
 .UNSPECIFIED.,.F.,.F.,(4,1,4),(-0.0498829227133015,-0.0205728254847549,
0.),.UNSPECIFIED.);
#345=B_SPLINE_CURVE_WITH_KNOTS('',3,(#15171,#15172,#15173,#15174,#15175),
 .UNSPECIFIED.,.F.,.F.,(4,1,4),(0.,0.0592373091812159,0.10745104508254),
 .UNSPECIFIED.);
#346=B_SPLINE_CURVE_WITH_KNOTS('',3,(#15177,#15178,#15179,#15180,#15181),
 .UNSPECIFIED.,.F.,.F.,(4,1,4),(-0.10745104508254,-0.0592373091812159,0.),
 .UNSPECIFIED.);
#347=B_SPLINE_CURVE_WITH_KNOTS('',3,(#15194,#15195,#15196,#15197,#15198),
 .UNSPECIFIED.,.F.,.F.,(4,1,4),(0.,0.0460901760193517,0.0989377706917628),
 .UNSPECIFIED.);
#348=B_SPLINE_CURVE_WITH_KNOTS('',3,(#15200,#15201,#15202,#15203,#15204),
 .UNSPECIFIED.,.F.,.F.,(4,1,4),(-0.0989377706917628,-0.0460901760193517,
0.),.UNSPECIFIED.);
#349=B_SPLINE_CURVE_WITH_KNOTS('',3,(#15217,#15218,#15219,#15220,#15221),
 .UNSPECIFIED.,.F.,.F.,(4,1,4),(0.,0.0547193933235035,0.103757215305498),
 .UNSPECIFIED.);
#350=B_SPLINE_CURVE_WITH_KNOTS('',3,(#15223,#15224,#15225,#15226,#15227),
 .UNSPECIFIED.,.F.,.F.,(4,1,4),(-0.103757215305498,-0.0547193933235035,
0.),.UNSPECIFIED.);
#351=B_SPLINE_CURVE_WITH_KNOTS('',3,(#15240,#15241,#15242,#15243,#15244),
 .UNSPECIFIED.,.F.,.F.,(4,1,4),(0.,0.0526424106499757,0.118374982438054),
 .UNSPECIFIED.);
#352=B_SPLINE_CURVE_WITH_KNOTS('',3,(#15246,#15247,#15248,#15249,#15250),
 .UNSPECIFIED.,.F.,.F.,(4,1,4),(-0.118374982438054,-0.0526424106499757,
0.),.UNSPECIFIED.);
#353=B_SPLINE_CURVE_WITH_KNOTS('',3,(#15301,#15302,#15303,#15304,#15305),
 .UNSPECIFIED.,.F.,.F.,(4,1,4),(0.,0.0340447814180241,0.0628659166481992),
 .UNSPECIFIED.);
#354=B_SPLINE_CURVE_WITH_KNOTS('',3,(#15307,#15308,#15309,#15310,#15311),
 .UNSPECIFIED.,.F.,.F.,(4,1,4),(-0.0628659166481992,-0.0340447814180241,
0.),.UNSPECIFIED.);
#355=B_SPLINE_CURVE_WITH_KNOTS('',3,(#15324,#15325,#15326,#15327,#15328),
 .UNSPECIFIED.,.F.,.F.,(4,1,4),(0.,0.0279278400534485,0.0595947089757041),
 .UNSPECIFIED.);
#356=B_SPLINE_CURVE_WITH_KNOTS('',3,(#15330,#15331,#15332,#15333,#15334),
 .UNSPECIFIED.,.F.,.F.,(4,1,4),(-0.0595947089757041,-0.0279278400534485,
0.),.UNSPECIFIED.);
#357=B_SPLINE_CURVE_WITH_KNOTS('',3,(#15347,#15348,#15349,#15350,#15351),
 .UNSPECIFIED.,.F.,.F.,(4,1,4),(0.,0.0416661898144081,0.0789268410857696),
 .UNSPECIFIED.);
#358=B_SPLINE_CURVE_WITH_KNOTS('',3,(#15353,#15354,#15355,#15356,#15357),
 .UNSPECIFIED.,.F.,.F.,(4,1,4),(-0.0789268410857696,-0.0416661898144081,
0.),.UNSPECIFIED.);
#359=B_SPLINE_CURVE_WITH_KNOTS('',3,(#15370,#15371,#15372,#15373,#15374),
 .UNSPECIFIED.,.F.,.F.,(4,1,4),(0.,0.0399913448607061,0.0902448089688604),
 .UNSPECIFIED.);
#360=B_SPLINE_CURVE_WITH_KNOTS('',3,(#15376,#15377,#15378,#15379,#15380),
 .UNSPECIFIED.,.F.,.F.,(4,1,4),(-0.0902448089688604,-0.0399913448607061,
0.),.UNSPECIFIED.);
#361=B_SPLINE_CURVE_WITH_KNOTS('',3,(#15411,#15412,#15413,#15414,#15415),
 .UNSPECIFIED.,.F.,.F.,(4,1,4),(0.,0.0234310162309915,0.0405143026060006),
 .UNSPECIFIED.);
#362=B_SPLINE_CURVE_WITH_KNOTS('',3,(#15417,#15418,#15419,#15420,#15421),
 .UNSPECIFIED.,.F.,.F.,(4,1,4),(-0.0405143026060006,-0.0234310162309915,
0.),.UNSPECIFIED.);
#363=B_SPLINE_CURVE_WITH_KNOTS('',3,(#15434,#15435,#15436,#15437,#15438),
 .UNSPECIFIED.,.F.,.F.,(4,1,4),(0.,0.0148170016835645,0.031296830988953),
 .UNSPECIFIED.);
#364=B_SPLINE_CURVE_WITH_KNOTS('',3,(#15440,#15441,#15442,#15443,#15444),
 .UNSPECIFIED.,.F.,.F.,(4,1,4),(-0.031296830988953,-0.0148170016835645,
0.),.UNSPECIFIED.);
#365=B_SPLINE_CURVE_WITH_KNOTS('',3,(#15457,#15458,#15459,#15460,#15461),
 .UNSPECIFIED.,.F.,.F.,(4,1,4),(0.,0.0186758151419161,0.0371272342288576),
 .UNSPECIFIED.);
#366=B_SPLINE_CURVE_WITH_KNOTS('',3,(#15463,#15464,#15465,#15466,#15467),
 .UNSPECIFIED.,.F.,.F.,(4,1,4),(-0.0371272342288576,-0.0186758151419161,
0.),.UNSPECIFIED.);
#367=B_SPLINE_CURVE_WITH_KNOTS('',3,(#15480,#15481,#15482,#15483,#15484),
 .UNSPECIFIED.,.F.,.F.,(4,1,4),(0.,0.0233336007960229,0.0569727726915917),
 .UNSPECIFIED.);
#368=B_SPLINE_CURVE_WITH_KNOTS('',3,(#15486,#15487,#15488,#15489,#15490),
 .UNSPECIFIED.,.F.,.F.,(4,1,4),(-0.0569727726915917,-0.0233336007960229,
0.),.UNSPECIFIED.);
#369=B_SPLINE_SURFACE_WITH_KNOTS('',3,1,((#10905,#10906),(#10907,#10908),
(#10909,#10910),(#10911,#10912),(#10913,#10914)),.UNSPECIFIED.,.F.,.F.,
 .F.,(4,1,4),(2,2),(-0.0499049228011356,-0.0246339618353335,0.),(0.,0.0800000000000001),
 .UNSPECIFIED.);
#370=B_SPLINE_SURFACE_WITH_KNOTS('',3,1,((#10931,#10932),(#10933,#10934),
(#10935,#10936),(#10937,#10938),(#10939,#10940)),.UNSPECIFIED.,.F.,.F.,
 .F.,(4,1,4),(2,2),(-0.0466087654109976,-0.0290355289586277,0.),(0.,0.0800000000000001),
 .UNSPECIFIED.);
#371=B_SPLINE_SURFACE_WITH_KNOTS('',3,1,((#10954,#10955),(#10956,#10957),
(#10958,#10959),(#10960,#10961),(#10962,#10963)),.UNSPECIFIED.,.F.,.F.,
 .F.,(4,1,4),(2,2),(-0.0229617999390087,-0.0118707420993162,0.),(0.,0.0800000000000001),
 .UNSPECIFIED.);
#372=B_SPLINE_SURFACE_WITH_KNOTS('',3,1,((#10977,#10978),(#10979,#10980),
(#10981,#10982),(#10983,#10984),(#10985,#10986)),.UNSPECIFIED.,.F.,.F.,
 .F.,(4,1,4),(2,2),(-0.0238484450270951,-0.0121205491024145,0.),(0.,0.0800000000000001),
 .UNSPECIFIED.);
#373=B_SPLINE_SURFACE_WITH_KNOTS('',3,1,((#11000,#11001),(#11002,#11003),
(#11004,#11005),(#11006,#11007),(#11008,#11009)),.UNSPECIFIED.,.F.,.F.,
 .F.,(4,1,4),(2,2),(-0.0286245921585074,-0.0128997380817293,0.),(0.,0.0800000000000001),
 .UNSPECIFIED.);
#374=B_SPLINE_SURFACE_WITH_KNOTS('',3,1,((#11023,#11024),(#11025,#11026),
(#11027,#11028),(#11029,#11030),(#11031,#11032)),.UNSPECIFIED.,.F.,.F.,
 .F.,(4,1,4),(2,2),(-0.0359768915833879,-0.018046770555773,0.),(0.,0.0800000000000001),
 .UNSPECIFIED.);
#375=B_SPLINE_SURFACE_WITH_KNOTS('',3,1,((#11046,#11047),(#11048,#11049),
(#11050,#11051),(#11052,#11053),(#11054,#11055)),.UNSPECIFIED.,.F.,.F.,
 .F.,(4,1,4),(2,2),(-0.0318906025028823,-0.0169110352799222,0.),(0.,0.0800000000000001),
 .UNSPECIFIED.);
#376=B_SPLINE_SURFACE_WITH_KNOTS('',3,1,((#11069,#11070),(#11071,#11072),
(#11073,#11074),(#11075,#11076),(#11077,#11078)),.UNSPECIFIED.,.F.,.F.,
 .F.,(4,1,4),(2,2),(-0.0345919722773055,-0.0157251811708626,0.),(0.,0.0800000000000001),
 .UNSPECIFIED.);
#377=B_SPLINE_SURFACE_WITH_KNOTS('',3,1,((#11104,#11105),(#11106,#11107),
(#11108,#11109),(#11110,#11111),(#11112,#11113)),.UNSPECIFIED.,.F.,.F.,
 .F.,(4,1,4),(2,2),(-0.0473272954484946,-0.0259223913270035,0.),(0.,0.0800000000000001),
 .UNSPECIFIED.);
#378=B_SPLINE_SURFACE_WITH_KNOTS('',3,1,((#11127,#11128),(#11129,#11130),
(#11131,#11132),(#11133,#11134),(#11135,#11136)),.UNSPECIFIED.,.F.,.F.,
 .F.,(4,1,4),(2,2),(-0.0430531110539898,-0.0203210943032272,0.),(0.,0.0800000000000001),
 .UNSPECIFIED.);
#379=B_SPLINE_SURFACE_WITH_KNOTS('',3,1,((#11150,#11151),(#11152,#11153),
(#11154,#11155),(#11156,#11157),(#11158,#11159)),.UNSPECIFIED.,.F.,.F.,
 .F.,(4,1,4),(2,2),(-0.0441558692878914,-0.0196348693995845,0.),(0.,0.0800000000000001),
 .UNSPECIFIED.);
#380=B_SPLINE_SURFACE_WITH_KNOTS('',3,1,((#11173,#11174),(#11175,#11176),
(#11177,#11178),(#11179,#11180),(#11181,#11182)),.UNSPECIFIED.,.F.,.F.,
 .F.,(4,1,4),(2,2),(-0.0580833799558634,-0.0280473065407652,0.),(0.,0.0800000000000001),
 .UNSPECIFIED.);
#381=B_SPLINE_SURFACE_WITH_KNOTS('',3,1,((#11196,#11197),(#11198,#11199),
(#11200,#11201),(#11202,#11203),(#11204,#11205)),.UNSPECIFIED.,.F.,.F.,
 .F.,(4,1,4),(2,2),(-0.0804891434640563,-0.0450421725956515,0.),(0.,0.0800000000000001),
 .UNSPECIFIED.);
#382=B_SPLINE_SURFACE_WITH_KNOTS('',3,1,((#11219,#11220),(#11221,#11222),
(#11223,#11224),(#11225,#11226),(#11227,#11228)),.UNSPECIFIED.,.F.,.F.,
 .F.,(4,1,4),(2,2),(-0.0561291555551969,-0.0290727159645609,0.),(0.,0.0800000000000001),
 .UNSPECIFIED.);
#383=B_SPLINE_SURFACE_WITH_KNOTS('',3,1,((#11242,#11243),(#11244,#11245),
(#11246,#11247),(#11248,#11249),(#11250,#11251)),.UNSPECIFIED.,.F.,.F.,
 .F.,(4,1,4),(2,2),(-0.0417006910414049,-0.0195215371271551,0.),(0.,0.0800000000000001),
 .UNSPECIFIED.);
#384=B_SPLINE_SURFACE_WITH_KNOTS('',3,1,((#11265,#11266),(#11267,#11268),
(#11269,#11270),(#11271,#11272),(#11273,#11274)),.UNSPECIFIED.,.F.,.F.,
 .F.,(4,1,4),(2,2),(-0.0439142373203603,-0.0228391833662798,0.),(0.,0.0800000000000001),
 .UNSPECIFIED.);
#385=B_SPLINE_SURFACE_WITH_KNOTS('',3,1,((#11294,#11295),(#11296,#11297),
(#11298,#11299),(#11300,#11301),(#11302,#11303)),.UNSPECIFIED.,.F.,.F.,
 .F.,(4,1,4),(2,2),(-0.0322076643165841,-0.0182584520065583,0.),(0.,0.0800000000000001),
 .UNSPECIFIED.);
#386=B_SPLINE_SURFACE_WITH_KNOTS('',3,1,((#11317,#11318),(#11319,#11320),
(#11321,#11322),(#11323,#11324),(#11325,#11326)),.UNSPECIFIED.,.F.,.F.,
 .F.,(4,1,4),(2,2),(-0.0317435292349357,-0.0138292424970317,0.),(0.,0.0800000000000001),
 .UNSPECIFIED.);
#387=B_SPLINE_SURFACE_WITH_KNOTS('',3,1,((#11346,#11347),(#11348,#11349),
(#11350,#11351),(#11352,#11353),(#11354,#11355)),.UNSPECIFIED.,.F.,.F.,
 .F.,(4,1,4),(2,2),(-0.0189341978133386,-0.0111369377900723,0.),(0.,0.0800000000000001),
 .UNSPECIFIED.);
#388=B_SPLINE_SURFACE_WITH_KNOTS('',3,1,((#11369,#11370),(#11371,#11372),
(#11373,#11374),(#11375,#11376),(#11377,#11378)),.UNSPECIFIED.,.F.,.F.,
 .F.,(4,1,4),(2,2),(-0.0188220766009129,-0.00777576724616753,0.),(0.,0.0800000000000001),
 .UNSPECIFIED.);
#389=B_SPLINE_SURFACE_WITH_KNOTS('',3,1,((#11392,#11393),(#11394,#11395),
(#11396,#11397),(#11398,#11399),(#11400,#11401)),.UNSPECIFIED.,.F.,.F.,
 .F.,(4,1,4),(2,2),(-0.0529778029555453,-0.0282451078624139,0.),(0.,0.0800000000000001),
 .UNSPECIFIED.);
#390=B_SPLINE_SURFACE_WITH_KNOTS('',3,1,((#11415,#11416),(#11417,#11418),
(#11419,#11420),(#11421,#11422),(#11423,#11424)),.UNSPECIFIED.,.F.,.F.,
 .F.,(4,1,4),(2,2),(-0.06985645581452,-0.0331034302838362,0.),(0.,0.0800000000000001),
 .UNSPECIFIED.);
#391=B_SPLINE_SURFACE_WITH_KNOTS('',3,1,((#11438,#11439),(#11440,#11441),
(#11442,#11443),(#11444,#11445),(#11446,#11447)),.UNSPECIFIED.,.F.,.F.,
 .F.,(4,1,4),(2,2),(-0.0836905006307507,-0.0459936909548647,0.),(0.,0.0800000000000001),
 .UNSPECIFIED.);
#392=B_SPLINE_SURFACE_WITH_KNOTS('',3,1,((#11461,#11462),(#11463,#11464),
(#11465,#11466),(#11467,#11468),(#11469,#11470)),.UNSPECIFIED.,.F.,.F.,
 .F.,(4,1,4),(2,2),(-0.0666306828602445,-0.0335402737945201,0.),(0.,0.0800000000000001),
 .UNSPECIFIED.);
#393=B_SPLINE_SURFACE_WITH_KNOTS('',3,1,((#11484,#11485),(#11486,#11487),
(#11488,#11489),(#11490,#11491),(#11492,#11493)),.UNSPECIFIED.,.F.,.F.,
 .F.,(4,1,4),(2,2),(-0.0587091024726522,-0.0304692396264658,0.),(0.,0.0800000000000001),
 .UNSPECIFIED.);
#394=B_SPLINE_SURFACE_WITH_KNOTS('',3,1,((#11507,#11508),(#11509,#11510),
(#11511,#11512),(#11513,#11514),(#11515,#11516)),.UNSPECIFIED.,.F.,.F.,
 .F.,(4,1,4),(2,2),(-0.0790617806141301,-0.0332218035164953,0.),(0.,0.0800000000000001),
 .UNSPECIFIED.);
#395=B_SPLINE_SURFACE_WITH_KNOTS('',3,1,((#11530,#11531),(#11532,#11533),
(#11534,#11535),(#11536,#11537),(#11538,#11539)),.UNSPECIFIED.,.F.,.F.,
 .F.,(4,1,4),(2,2),(-0.0829322215481829,-0.0525953403736898,0.),(0.,0.0800000000000001),
 .UNSPECIFIED.);
#396=B_SPLINE_SURFACE_WITH_KNOTS('',3,1,((#11553,#11554),(#11555,#11556),
(#11557,#11558),(#11559,#11560),(#11561,#11562)),.UNSPECIFIED.,.F.,.F.,
 .F.,(4,1,4),(2,2),(-0.0414748767188662,-0.0199702018212534,0.),(0.,0.0800000000000001),
 .UNSPECIFIED.);
#397=B_SPLINE_SURFACE_WITH_KNOTS('',3,1,((#11576,#11577),(#11578,#11579),
(#11580,#11581),(#11582,#11583),(#11584,#11585)),.UNSPECIFIED.,.F.,.F.,
 .F.,(4,1,4),(2,2),(-0.0304420872539379,-0.0175223441423554,0.),(0.,0.0800000000000001),
 .UNSPECIFIED.);
#398=B_SPLINE_SURFACE_WITH_KNOTS('',3,1,((#11599,#11600),(#11601,#11602),
(#11603,#11604),(#11605,#11606),(#11607,#11608)),.UNSPECIFIED.,.F.,.F.,
 .F.,(4,1,4),(2,2),(-0.0313731933946732,-0.0131814287527914,0.),(0.,0.0800000000000001),
 .UNSPECIFIED.);
#399=B_SPLINE_SURFACE_WITH_KNOTS('',3,1,((#11622,#11623),(#11624,#11625),
(#11626,#11627),(#11628,#11629),(#11630,#11631)),.UNSPECIFIED.,.F.,.F.,
 .F.,(4,1,4),(2,2),(-0.0422414329108564,-0.023974217888416,0.),(0.,0.0800000000000001),
 .UNSPECIFIED.);
#400=B_SPLINE_SURFACE_WITH_KNOTS('',3,1,((#11645,#11646),(#11647,#11648),
(#11649,#11650),(#11651,#11652),(#11653,#11654)),.UNSPECIFIED.,.F.,.F.,
 .F.,(4,1,4),(2,2),(-0.0312906819566396,-0.0137472316054411,0.),(0.,0.0800000000000001),
 .UNSPECIFIED.);
#401=B_SPLINE_SURFACE_WITH_KNOTS('',3,1,((#11667,#11668),(#11669,#11670),
(#11671,#11672),(#11673,#11674),(#11675,#11676)),.UNSPECIFIED.,.F.,.F.,
 .F.,(4,1,4),(2,2),(-0.0602967653817484,-0.0339246267016727,0.),(0.,0.0800000000000001),
 .UNSPECIFIED.);
#402=B_SPLINE_SURFACE_WITH_KNOTS('',3,1,((#11693,#11694),(#11695,#11696),
(#11697,#11698),(#11699,#11700),(#11701,#11702)),.UNSPECIFIED.,.F.,.F.,
 .F.,(4,1,4),(2,2),(-0.0447315210602013,-0.0225159849329455,0.),(0.,0.0800000000000001),
 .UNSPECIFIED.);
#403=B_SPLINE_SURFACE_WITH_KNOTS('',3,1,((#11716,#11717),(#11718,#11719),
(#11720,#11721),(#11722,#11723),(#11724,#11725)),.UNSPECIFIED.,.F.,.F.,
 .F.,(4,1,4),(2,2),(-0.0446172765162498,-0.0223348712254147,0.),(0.,0.0800000000000001),
 .UNSPECIFIED.);
#404=B_SPLINE_SURFACE_WITH_KNOTS('',3,1,((#11739,#11740),(#11741,#11742),
(#11743,#11744),(#11745,#11746),(#11747,#11748)),.UNSPECIFIED.,.F.,.F.,
 .F.,(4,1,4),(2,2),(-0.0615346246551003,-0.0264654688821583,0.),(0.,0.0800000000000001),
 .UNSPECIFIED.);
#405=B_SPLINE_SURFACE_WITH_KNOTS('',3,1,((#11762,#11763),(#11764,#11765),
(#11766,#11767),(#11768,#11769),(#11770,#11771)),.UNSPECIFIED.,.F.,.F.,
 .F.,(4,1,4),(2,2),(-0.0590646924318872,-0.0330737920143052,0.),(0.,0.0800000000000001),
 .UNSPECIFIED.);
#406=B_SPLINE_SURFACE_WITH_KNOTS('',3,1,((#11785,#11786),(#11787,#11788),
(#11789,#11790),(#11791,#11792),(#11793,#11794)),.UNSPECIFIED.,.F.,.F.,
 .F.,(4,1,4),(2,2),(-0.0437867068456183,-0.022211793703664,0.),(0.,0.0800000000000001),
 .UNSPECIFIED.);
#407=B_SPLINE_SURFACE_WITH_KNOTS('',3,1,((#11808,#11809),(#11810,#11811),
(#11812,#11813),(#11814,#11815),(#11816,#11817)),.UNSPECIFIED.,.F.,.F.,
 .F.,(4,1,4),(2,2),(-0.0454232899180529,-0.0226561834113699,0.),(0.,0.0800000000000001),
 .UNSPECIFIED.);
#408=B_SPLINE_SURFACE_WITH_KNOTS('',3,1,((#11831,#11832),(#11833,#11834),
(#11835,#11836),(#11837,#11838),(#11839,#11840)),.UNSPECIFIED.,.F.,.F.,
 .F.,(4,1,4),(2,2),(-0.0599435530560996,-0.0263875315401287,0.),(0.,0.0800000000000001),
 .UNSPECIFIED.);
#409=B_SPLINE_SURFACE_WITH_KNOTS('',3,1,((#11851,#11852),(#11853,#11854),
(#11855,#11856),(#11857,#11858),(#11859,#11860)),.UNSPECIFIED.,.F.,.F.,
 .F.,(4,1,4),(2,2),(-0.120728251754649,-0.0614966968994671,0.),(0.,0.0800000000000001),
 .UNSPECIFIED.);
#410=B_SPLINE_SURFACE_WITH_KNOTS('',3,1,((#11877,#11878),(#11879,#11880),
(#11881,#11882),(#11883,#11884),(#11885,#11886)),.UNSPECIFIED.,.F.,.F.,
 .F.,(4,1,4),(2,2),(-0.130803717172576,-0.0616825041511576,0.),(0.,0.0800000000000001),
 .UNSPECIFIED.);
#411=B_SPLINE_SURFACE_WITH_KNOTS('',3,1,((#11900,#11901),(#11902,#11903),
(#11904,#11905),(#11906,#11907),(#11908,#11909)),.UNSPECIFIED.,.F.,.F.,
 .F.,(4,1,4),(2,2),(-0.14429915509472,-0.077433584437423,0.),(0.,0.0800000000000001),
 .UNSPECIFIED.);
#412=B_SPLINE_SURFACE_WITH_KNOTS('',3,1,((#11923,#11924),(#11925,#11926),
(#11927,#11928),(#11929,#11930),(#11931,#11932)),.UNSPECIFIED.,.F.,.F.,
 .F.,(4,1,4),(2,2),(-0.108189713797936,-0.0526907197599476,0.),(0.,0.0800000000000001),
 .UNSPECIFIED.);
#413=B_SPLINE_SURFACE_WITH_KNOTS('',3,1,((#11946,#11947),(#11948,#11949),
(#11950,#11951),(#11952,#11953),(#11954,#11955)),.UNSPECIFIED.,.F.,.F.,
 .F.,(4,1,4),(2,2),(-0.120815470361419,-0.0618137307614554,0.),(0.,0.0800000000000001),
 .UNSPECIFIED.);
#414=B_SPLINE_SURFACE_WITH_KNOTS('',3,1,((#11969,#11970),(#11971,#11972),
(#11973,#11974),(#11975,#11976),(#11977,#11978)),.UNSPECIFIED.,.F.,.F.,
 .F.,(4,1,4),(2,2),(-0.132407287729037,-0.0617799662227878,0.),(0.,0.0800000000000001),
 .UNSPECIFIED.);
#415=B_SPLINE_SURFACE_WITH_KNOTS('',3,1,((#11992,#11993),(#11994,#11995),
(#11996,#11997),(#11998,#11999),(#12000,#12001)),.UNSPECIFIED.,.F.,.F.,
 .F.,(4,1,4),(2,2),(-0.120240575038096,-0.0637846119460285,0.),(0.,0.0800000000000001),
 .UNSPECIFIED.);
#416=B_SPLINE_SURFACE_WITH_KNOTS('',3,1,((#12015,#12016),(#12017,#12018),
(#12019,#12020),(#12021,#12022),(#12023,#12024)),.UNSPECIFIED.,.F.,.F.,
 .F.,(4,1,4),(2,2),(-0.130172203656972,-0.0644335857724341,0.),(0.,0.0800000000000001),
 .UNSPECIFIED.);
#417=B_SPLINE_SURFACE_WITH_KNOTS('',3,1,((#12037,#12038),(#12039,#12040),
(#12041,#12042),(#12043,#12044),(#12045,#12046)),.UNSPECIFIED.,.F.,.F.,
 .F.,(4,1,4),(2,2),(-0.0602967653817484,-0.0339246267016727,0.),(0.,0.0800000000000001),
 .UNSPECIFIED.);
#418=B_SPLINE_SURFACE_WITH_KNOTS('',3,1,((#12063,#12064),(#12065,#12066),
(#12067,#12068),(#12069,#12070),(#12071,#12072)),.UNSPECIFIED.,.F.,.F.,
 .F.,(4,1,4),(2,2),(-0.0447315210602013,-0.0225159849329455,0.),(0.,0.0800000000000001),
 .UNSPECIFIED.);
#419=B_SPLINE_SURFACE_WITH_KNOTS('',3,1,((#12086,#12087),(#12088,#12089),
(#12090,#12091),(#12092,#12093),(#12094,#12095)),.UNSPECIFIED.,.F.,.F.,
 .F.,(4,1,4),(2,2),(-0.0446172765162498,-0.0223348712254147,0.),(0.,0.0800000000000001),
 .UNSPECIFIED.);
#420=B_SPLINE_SURFACE_WITH_KNOTS('',3,1,((#12109,#12110),(#12111,#12112),
(#12113,#12114),(#12115,#12116),(#12117,#12118)),.UNSPECIFIED.,.F.,.F.,
 .F.,(4,1,4),(2,2),(-0.0615345466993551,-0.0264653647238449,0.),(0.,0.0800000000000001),
 .UNSPECIFIED.);
#421=B_SPLINE_SURFACE_WITH_KNOTS('',3,1,((#12132,#12133),(#12134,#12135),
(#12136,#12137),(#12138,#12139),(#12140,#12141)),.UNSPECIFIED.,.F.,.F.,
 .F.,(4,1,4),(2,2),(-0.0590646924318872,-0.0330737920143052,0.),(0.,0.0800000000000001),
 .UNSPECIFIED.);
#422=B_SPLINE_SURFACE_WITH_KNOTS('',3,1,((#12155,#12156),(#12157,#12158),
(#12159,#12160),(#12161,#12162),(#12163,#12164)),.UNSPECIFIED.,.F.,.F.,
 .F.,(4,1,4),(2,2),(-0.0437867530638184,-0.0222116069959009,0.),(0.,0.0800000000000001),
 .UNSPECIFIED.);
#423=B_SPLINE_SURFACE_WITH_KNOTS('',3,1,((#12178,#12179),(#12180,#12181),
(#12182,#12183),(#12184,#12185),(#12186,#12187)),.UNSPECIFIED.,.F.,.F.,
 .F.,(4,1,4),(2,2),(-0.0454232899180529,-0.0226561834113699,0.),(0.,0.0800000000000001),
 .UNSPECIFIED.);
#424=B_SPLINE_SURFACE_WITH_KNOTS('',3,1,((#12201,#12202),(#12203,#12204),
(#12205,#12206),(#12207,#12208),(#12209,#12210)),.UNSPECIFIED.,.F.,.F.,
 .F.,(4,1,4),(2,2),(-0.0599435530560996,-0.0263875315401287,0.),(0.,0.0800000000000001),
 .UNSPECIFIED.);
#425=B_SPLINE_SURFACE_WITH_KNOTS('',3,1,((#12221,#12222),(#12223,#12224),
(#12225,#12226),(#12227,#12228),(#12229,#12230)),.UNSPECIFIED.,.F.,.F.,
 .F.,(4,1,4),(2,2),(-0.120728251754649,-0.0614966968994671,0.),(0.,0.0800000000000001),
 .UNSPECIFIED.);
#426=B_SPLINE_SURFACE_WITH_KNOTS('',3,1,((#12247,#12248),(#12249,#12250),
(#12251,#12252),(#12253,#12254),(#12255,#12256)),.UNSPECIFIED.,.F.,.F.,
 .F.,(4,1,4),(2,2),(-0.130803717172576,-0.0616825041511576,0.),(0.,0.0800000000000001),
 .UNSPECIFIED.);
#427=B_SPLINE_SURFACE_WITH_KNOTS('',3,1,((#12270,#12271),(#12272,#12273),
(#12274,#12275),(#12276,#12277),(#12278,#12279)),.UNSPECIFIED.,.F.,.F.,
 .F.,(4,1,4),(2,2),(-0.14429915509472,-0.077433584437423,0.),(0.,0.0800000000000001),
 .UNSPECIFIED.);
#428=B_SPLINE_SURFACE_WITH_KNOTS('',3,1,((#12293,#12294),(#12295,#12296),
(#12297,#12298),(#12299,#12300),(#12301,#12302)),.UNSPECIFIED.,.F.,.F.,
 .F.,(4,1,4),(2,2),(-0.108189713797936,-0.0526907197599476,0.),(0.,0.0800000000000001),
 .UNSPECIFIED.);
#429=B_SPLINE_SURFACE_WITH_KNOTS('',3,1,((#12316,#12317),(#12318,#12319),
(#12320,#12321),(#12322,#12323),(#12324,#12325)),.UNSPECIFIED.,.F.,.F.,
 .F.,(4,1,4),(2,2),(-0.120815470361419,-0.0618137307614554,0.),(0.,0.0800000000000001),
 .UNSPECIFIED.);
#430=B_SPLINE_SURFACE_WITH_KNOTS('',3,1,((#12339,#12340),(#12341,#12342),
(#12343,#12344),(#12345,#12346),(#12347,#12348)),.UNSPECIFIED.,.F.,.F.,
 .F.,(4,1,4),(2,2),(-0.132407287729037,-0.0617799662227878,0.),(0.,0.0800000000000001),
 .UNSPECIFIED.);
#431=B_SPLINE_SURFACE_WITH_KNOTS('',3,1,((#12362,#12363),(#12364,#12365),
(#12366,#12367),(#12368,#12369),(#12370,#12371)),.UNSPECIFIED.,.F.,.F.,
 .F.,(4,1,4),(2,2),(-0.120240575038096,-0.0637846119460285,0.),(0.,0.0800000000000001),
 .UNSPECIFIED.);
#432=B_SPLINE_SURFACE_WITH_KNOTS('',3,1,((#12385,#12386),(#12387,#12388),
(#12389,#12390),(#12391,#12392),(#12393,#12394)),.UNSPECIFIED.,.F.,.F.,
 .F.,(4,1,4),(2,2),(-0.130172104752391,-0.064433438873774,0.),(0.,0.0800000000000001),
 .UNSPECIFIED.);
#433=B_SPLINE_SURFACE_WITH_KNOTS('',3,1,((#12442,#12443),(#12444,#12445),
(#12446,#12447),(#12448,#12449),(#12450,#12451)),.UNSPECIFIED.,.F.,.F.,
 .F.,(4,1,4),(2,2),(-0.0420556303111433,-0.0246486033954361,0.),(0.,0.0800000000000001),
 .UNSPECIFIED.);
#434=B_SPLINE_SURFACE_WITH_KNOTS('',3,1,((#12465,#12466),(#12467,#12468),
(#12469,#12470),(#12471,#12472),(#12473,#12474)),.UNSPECIFIED.,.F.,.F.,
 .F.,(4,1,4),(2,2),(-0.0316943312118842,-0.0148450332810152,0.),(0.,0.0800000000000001),
 .UNSPECIFIED.);
#435=B_SPLINE_SURFACE_WITH_KNOTS('',3,1,((#12488,#12489),(#12490,#12491),
(#12492,#12493),(#12494,#12495),(#12496,#12497)),.UNSPECIFIED.,.F.,.F.,
 .F.,(4,1,4),(2,2),(-0.0302916841466049,-0.0158080576624336,0.),(0.,0.0800000000000001),
 .UNSPECIFIED.);
#436=B_SPLINE_SURFACE_WITH_KNOTS('',3,1,((#12511,#12512),(#12513,#12514),
(#12515,#12516),(#12517,#12518),(#12519,#12520)),.UNSPECIFIED.,.F.,.F.,
 .F.,(4,1,4),(2,2),(-0.0412127145232474,-0.0171783142832733,0.),(0.,0.0800000000000001),
 .UNSPECIFIED.);
#437=B_SPLINE_SURFACE_WITH_KNOTS('',3,1,((#12552,#12553),(#12554,#12555),
(#12556,#12557),(#12558,#12559),(#12560,#12561)),.UNSPECIFIED.,.F.,.F.,
 .F.,(4,1,4),(2,2),(-0.0470891680963462,-0.0273637359820884,0.),(0.,0.0800000000000001),
 .UNSPECIFIED.);
#438=B_SPLINE_SURFACE_WITH_KNOTS('',3,1,((#12575,#12576),(#12577,#12578),
(#12579,#12580),(#12581,#12582),(#12583,#12584)),.UNSPECIFIED.,.F.,.F.,
 .F.,(4,1,4),(2,2),(-0.0339729807538626,-0.0165077998410192,0.),(0.,0.0800000000000001),
 .UNSPECIFIED.);
#439=B_SPLINE_SURFACE_WITH_KNOTS('',3,1,((#12598,#12599),(#12600,#12601),
(#12602,#12603),(#12604,#12605),(#12606,#12607)),.UNSPECIFIED.,.F.,.F.,
 .F.,(4,1,4),(2,2),(-0.0321688444146231,-0.0163208350608505,0.),(0.,0.0800000000000001),
 .UNSPECIFIED.);
#440=B_SPLINE_SURFACE_WITH_KNOTS('',3,1,((#12621,#12622),(#12623,#12624),
(#12625,#12626),(#12627,#12628),(#12629,#12630)),.UNSPECIFIED.,.F.,.F.,
 .F.,(4,1,4),(2,2),(-0.0473070205504777,-0.0195837170186722,0.),(0.,0.0800000000000001),
 .UNSPECIFIED.);
#441=B_SPLINE_SURFACE_WITH_KNOTS('',3,1,((#12662,#12663),(#12664,#12665),
(#12666,#12667),(#12668,#12669),(#12670,#12671)),.UNSPECIFIED.,.F.,.F.,
 .F.,(4,1,4),(2,2),(-0.0950072903407071,-0.0516247853254791,0.),(0.,0.0800000000000001),
 .UNSPECIFIED.);
#442=B_SPLINE_SURFACE_WITH_KNOTS('',3,1,((#12685,#12686),(#12687,#12688),
(#12689,#12690),(#12691,#12692),(#12693,#12694)),.UNSPECIFIED.,.F.,.F.,
 .F.,(4,1,4),(2,2),(-0.0792338984132536,-0.039589267272517,0.),(0.,0.0800000000000001),
 .UNSPECIFIED.);
#443=B_SPLINE_SURFACE_WITH_KNOTS('',3,1,((#12708,#12709),(#12710,#12711),
(#12712,#12713),(#12714,#12715),(#12716,#12717)),.UNSPECIFIED.,.F.,.F.,
 .F.,(4,1,4),(2,2),(-0.0658585534859925,-0.0334069073843618,0.),(0.,0.0800000000000001),
 .UNSPECIFIED.);
#444=B_SPLINE_SURFACE_WITH_KNOTS('',3,1,((#12731,#12732),(#12733,#12734),
(#12735,#12736),(#12737,#12738),(#12739,#12740)),.UNSPECIFIED.,.F.,.F.,
 .F.,(4,1,4),(2,2),(-0.0511611403060949,-0.0236335686799931,0.),(0.,0.0800000000000001),
 .UNSPECIFIED.);
#445=B_SPLINE_SURFACE_WITH_KNOTS('',3,1,((#12754,#12755),(#12756,#12757),
(#12758,#12759),(#12760,#12761),(#12762,#12763)),.UNSPECIFIED.,.F.,.F.,
 .F.,(4,1,4),(2,2),(-0.0737477958620101,-0.0399784781590976,0.),(0.,0.0800000000000001),
 .UNSPECIFIED.);
#446=B_SPLINE_SURFACE_WITH_KNOTS('',3,1,((#12777,#12778),(#12779,#12780),
(#12781,#12782),(#12783,#12784),(#12785,#12786)),.UNSPECIFIED.,.F.,.F.,
 .F.,(4,1,4),(2,2),(-0.0676292852198622,-0.0323027689818184,0.),(0.,0.0800000000000001),
 .UNSPECIFIED.);
#447=B_SPLINE_SURFACE_WITH_KNOTS('',3,1,((#12800,#12801),(#12802,#12803),
(#12804,#12805),(#12806,#12807),(#12808,#12809)),.UNSPECIFIED.,.F.,.F.,
 .F.,(4,1,4),(2,2),(-0.0582959992623905,-0.0297565762070205,0.),(0.,0.0800000000000001),
 .UNSPECIFIED.);
#448=B_SPLINE_SURFACE_WITH_KNOTS('',3,1,((#12823,#12824),(#12825,#12826),
(#12827,#12828),(#12829,#12830),(#12831,#12832)),.UNSPECIFIED.,.F.,.F.,
 .F.,(4,1,4),(2,2),(-0.0562511308571582,-0.0280650380611549,0.),(0.,0.0800000000000001),
 .UNSPECIFIED.);
#449=B_SPLINE_SURFACE_WITH_KNOTS('',3,1,((#12846,#12847),(#12848,#12849),
(#12850,#12851),(#12852,#12853),(#12854,#12855)),.UNSPECIFIED.,.F.,.F.,
 .F.,(4,1,4),(2,2),(-0.0489345398052438,-0.0210015478250007,0.),(0.,0.0800000000000001),
 .UNSPECIFIED.);
#450=B_SPLINE_SURFACE_WITH_KNOTS('',3,1,((#12869,#12870),(#12871,#12872),
(#12873,#12874),(#12875,#12876),(#12877,#12878)),.UNSPECIFIED.,.F.,.F.,
 .F.,(4,1,4),(2,2),(-0.0556741797229521,-0.034960698786202,0.),(0.,0.0800000000000001),
 .UNSPECIFIED.);
#451=B_SPLINE_SURFACE_WITH_KNOTS('',3,1,((#12971,#12972),(#12973,#12974),
(#12975,#12976),(#12977,#12978),(#12979,#12980)),.UNSPECIFIED.,.F.,.F.,
 .F.,(4,1,4),(2,2),(-0.0499050516627373,-0.0246341976070195,0.),(0.,0.0800000000000001),
 .UNSPECIFIED.);
#452=B_SPLINE_SURFACE_WITH_KNOTS('',3,1,((#12997,#12998),(#12999,#13000),
(#13001,#13002),(#13003,#13004),(#13005,#13006)),.UNSPECIFIED.,.F.,.F.,
 .F.,(4,1,4),(2,2),(-0.046608641752402,-0.0290353021118983,0.),(0.,0.0800000000000001),
 .UNSPECIFIED.);
#453=B_SPLINE_SURFACE_WITH_KNOTS('',3,1,((#13020,#13021),(#13022,#13023),
(#13024,#13025),(#13026,#13027),(#13028,#13029)),.UNSPECIFIED.,.F.,.F.,
 .F.,(4,1,4),(2,2),(-0.0229618299491603,-0.0118707636774656,0.),(0.,0.0800000000000001),
 .UNSPECIFIED.);
#454=B_SPLINE_SURFACE_WITH_KNOTS('',3,1,((#13043,#13044),(#13045,#13046),
(#13047,#13048),(#13049,#13050),(#13051,#13052)),.UNSPECIFIED.,.F.,.F.,
 .F.,(4,1,4),(2,2),(-0.0238484494102758,-0.0121203870808918,0.),(0.,0.0800000000000001),
 .UNSPECIFIED.);
#455=B_SPLINE_SURFACE_WITH_KNOTS('',3,1,((#13066,#13067),(#13068,#13069),
(#13070,#13071),(#13072,#13073),(#13074,#13075)),.UNSPECIFIED.,.F.,.F.,
 .F.,(4,1,4),(2,2),(-0.028624717438387,-0.0128998712475789,0.),(0.,0.0800000000000001),
 .UNSPECIFIED.);
#456=B_SPLINE_SURFACE_WITH_KNOTS('',3,1,((#13089,#13090),(#13091,#13092),
(#13093,#13094),(#13095,#13096),(#13097,#13098)),.UNSPECIFIED.,.F.,.F.,
 .F.,(4,1,4),(2,2),(-0.0359766929039522,-0.0180466374084241,0.),(0.,0.0800000000000001),
 .UNSPECIFIED.);
#457=B_SPLINE_SURFACE_WITH_KNOTS('',3,1,((#13112,#13113),(#13114,#13115),
(#13116,#13117),(#13118,#13119),(#13120,#13121)),.UNSPECIFIED.,.F.,.F.,
 .F.,(4,1,4),(2,2),(-0.0318907458158817,-0.0169110352799222,0.),(0.,0.0800000000000001),
 .UNSPECIFIED.);
#458=B_SPLINE_SURFACE_WITH_KNOTS('',3,1,((#13135,#13136),(#13137,#13138),
(#13139,#13140),(#13141,#13142),(#13143,#13144)),.UNSPECIFIED.,.F.,.F.,
 .F.,(4,1,4),(2,2),(-0.034591906823027,-0.0157251051568117,0.),(0.,0.0800000000000001),
 .UNSPECIFIED.);
#459=B_SPLINE_SURFACE_WITH_KNOTS('',3,1,((#13170,#13171),(#13172,#13173),
(#13174,#13175),(#13176,#13177),(#13178,#13179)),.UNSPECIFIED.,.F.,.F.,
 .F.,(4,1,4),(2,2),(-0.0473273377604756,-0.0259222432649985,0.),(0.,0.0800000000000001),
 .UNSPECIFIED.);
#460=B_SPLINE_SURFACE_WITH_KNOTS('',3,1,((#13193,#13194),(#13195,#13196),
(#13197,#13198),(#13199,#13200),(#13201,#13202)),.UNSPECIFIED.,.F.,.F.,
 .F.,(4,1,4),(2,2),(-0.0430529964865942,-0.020321013271639,0.),(0.,0.0800000000000001),
 .UNSPECIFIED.);
#461=B_SPLINE_SURFACE_WITH_KNOTS('',3,1,((#13216,#13217),(#13218,#13219),
(#13220,#13221),(#13222,#13223),(#13224,#13225)),.UNSPECIFIED.,.F.,.F.,
 .F.,(4,1,4),(2,2),(-0.0441556461610766,-0.0196348580107149,0.),(0.,0.0800000000000001),
 .UNSPECIFIED.);
#462=B_SPLINE_SURFACE_WITH_KNOTS('',3,1,((#13239,#13240),(#13241,#13242),
(#13243,#13244),(#13245,#13246),(#13247,#13248)),.UNSPECIFIED.,.F.,.F.,
 .F.,(4,1,4),(2,2),(-0.0580836187604545,-0.0280474285260408,0.),(0.,0.0800000000000001),
 .UNSPECIFIED.);
#463=B_SPLINE_SURFACE_WITH_KNOTS('',3,1,((#13262,#13263),(#13264,#13265),
(#13266,#13267),(#13268,#13269),(#13270,#13271)),.UNSPECIFIED.,.F.,.F.,
 .F.,(4,1,4),(2,2),(-0.080489132912062,-0.0450422945232405,0.),(0.,0.0800000000000001),
 .UNSPECIFIED.);
#464=B_SPLINE_SURFACE_WITH_KNOTS('',3,1,((#13285,#13286),(#13287,#13288),
(#13289,#13290),(#13291,#13292),(#13293,#13294)),.UNSPECIFIED.,.F.,.F.,
 .F.,(4,1,4),(2,2),(-0.0561291133494514,-0.0290725059807067,0.),(0.,0.0800000000000001),
 .UNSPECIFIED.);
#465=B_SPLINE_SURFACE_WITH_KNOTS('',3,1,((#13308,#13309),(#13310,#13311),
(#13312,#13313),(#13314,#13315),(#13316,#13317)),.UNSPECIFIED.,.F.,.F.,
 .F.,(4,1,4),(2,2),(-0.0417007180163935,-0.0195216146046392,0.),(0.,0.0800000000000001),
 .UNSPECIFIED.);
#466=B_SPLINE_SURFACE_WITH_KNOTS('',3,1,((#13331,#13332),(#13333,#13334),
(#13335,#13336),(#13337,#13338),(#13339,#13340)),.UNSPECIFIED.,.F.,.F.,
 .F.,(4,1,4),(2,2),(-0.0439142025749252,-0.0228392441154001,0.),(0.,0.0800000000000001),
 .UNSPECIFIED.);
#467=B_SPLINE_SURFACE_WITH_KNOTS('',3,1,((#13360,#13361),(#13362,#13363),
(#13364,#13365),(#13366,#13367),(#13368,#13369)),.UNSPECIFIED.,.F.,.F.,
 .F.,(4,1,4),(2,2),(-0.0322076637724423,-0.0182583924394661,0.),(0.,0.0800000000000001),
 .UNSPECIFIED.);
#468=B_SPLINE_SURFACE_WITH_KNOTS('',3,1,((#13383,#13384),(#13385,#13386),
(#13387,#13388),(#13389,#13390),(#13391,#13392)),.UNSPECIFIED.,.F.,.F.,
 .F.,(4,1,4),(2,2),(-0.031743353312522,-0.0138291144631631,0.),(0.,0.0800000000000001),
 .UNSPECIFIED.);
#469=B_SPLINE_SURFACE_WITH_KNOTS('',3,1,((#13412,#13413),(#13414,#13415),
(#13416,#13417),(#13418,#13419),(#13420,#13421)),.UNSPECIFIED.,.F.,.F.,
 .F.,(4,1,4),(2,2),(-0.0189341633120612,-0.0111368850369426,0.),(0.,0.0800000000000001),
 .UNSPECIFIED.);
#470=B_SPLINE_SURFACE_WITH_KNOTS('',3,1,((#13435,#13436),(#13437,#13438),
(#13439,#13440),(#13441,#13442),(#13443,#13444)),.UNSPECIFIED.,.F.,.F.,
 .F.,(4,1,4),(2,2),(-0.018822094874946,-0.00777576803454081,0.),(0.,0.0800000000000001),
 .UNSPECIFIED.);
#471=B_SPLINE_SURFACE_WITH_KNOTS('',3,1,((#13458,#13459),(#13460,#13461),
(#13462,#13463),(#13464,#13465),(#13466,#13467)),.UNSPECIFIED.,.F.,.F.,
 .F.,(4,1,4),(2,2),(-0.0529780370190018,-0.0282452377025816,0.),(0.,0.0800000000000001),
 .UNSPECIFIED.);
#472=B_SPLINE_SURFACE_WITH_KNOTS('',3,1,((#13481,#13482),(#13483,#13484),
(#13485,#13486),(#13487,#13488),(#13489,#13490)),.UNSPECIFIED.,.F.,.F.,
 .F.,(4,1,4),(2,2),(-0.0698565664330243,-0.0331036597134777,0.),(0.,0.0800000000000001),
 .UNSPECIFIED.);
#473=B_SPLINE_SURFACE_WITH_KNOTS('',3,1,((#13504,#13505),(#13506,#13507),
(#13508,#13509),(#13510,#13511),(#13512,#13513)),.UNSPECIFIED.,.F.,.F.,
 .F.,(4,1,4),(2,2),(-0.0836906125906396,-0.0459935649861079,0.),(0.,0.0800000000000001),
 .UNSPECIFIED.);
#474=B_SPLINE_SURFACE_WITH_KNOTS('',3,1,((#13527,#13528),(#13529,#13530),
(#13531,#13532),(#13533,#13534),(#13535,#13536)),.UNSPECIFIED.,.F.,.F.,
 .F.,(4,1,4),(2,2),(-0.066630536817608,-0.0335400352310016,0.),(0.,0.0800000000000001),
 .UNSPECIFIED.);
#475=B_SPLINE_SURFACE_WITH_KNOTS('',3,1,((#13550,#13551),(#13552,#13553),
(#13554,#13555),(#13556,#13557),(#13558,#13559)),.UNSPECIFIED.,.F.,.F.,
 .F.,(4,1,4),(2,2),(-0.0587090703106918,-0.0304692585751277,0.),(0.,0.0800000000000001),
 .UNSPECIFIED.);
#476=B_SPLINE_SURFACE_WITH_KNOTS('',3,1,((#13573,#13574),(#13575,#13576),
(#13577,#13578),(#13579,#13580),(#13581,#13582)),.UNSPECIFIED.,.F.,.F.,
 .F.,(4,1,4),(2,2),(-0.0790615781969461,-0.0332219523347958,0.),(0.,0.0800000000000001),
 .UNSPECIFIED.);
#477=B_SPLINE_SURFACE_WITH_KNOTS('',3,1,((#13596,#13597),(#13598,#13599),
(#13600,#13601),(#13602,#13603),(#13604,#13605)),.UNSPECIFIED.,.F.,.F.,
 .F.,(4,1,4),(2,2),(-0.0829319758185801,-0.0525953403736898,0.),(0.,0.0800000000000001),
 .UNSPECIFIED.);
#478=B_SPLINE_SURFACE_WITH_KNOTS('',3,1,((#13619,#13620),(#13621,#13622),
(#13623,#13624),(#13625,#13626),(#13627,#13628)),.UNSPECIFIED.,.F.,.F.,
 .F.,(4,1,4),(2,2),(-0.0414752145849546,-0.0199703158335983,0.),(0.,0.0800000000000001),
 .UNSPECIFIED.);
#479=B_SPLINE_SURFACE_WITH_KNOTS('',3,1,((#13642,#13643),(#13644,#13645),
(#13646,#13647),(#13648,#13649),(#13650,#13651)),.UNSPECIFIED.,.F.,.F.,
 .F.,(4,1,4),(2,2),(-0.0304422271949066,-0.0175222697758992,0.),(0.,0.0800000000000001),
 .UNSPECIFIED.);
#480=B_SPLINE_SURFACE_WITH_KNOTS('',3,1,((#13665,#13666),(#13667,#13668),
(#13669,#13670),(#13671,#13672),(#13673,#13674)),.UNSPECIFIED.,.F.,.F.,
 .F.,(4,1,4),(2,2),(-0.0313732030043819,-0.0131813232622253,0.),(0.,0.0800000000000001),
 .UNSPECIFIED.);
#481=B_SPLINE_SURFACE_WITH_KNOTS('',3,1,((#13688,#13689),(#13690,#13691),
(#13692,#13693),(#13694,#13695),(#13696,#13697)),.UNSPECIFIED.,.F.,.F.,
 .F.,(4,1,4),(2,2),(-0.0422410836540933,-0.0239741018877494,0.),(0.,0.0800000000000001),
 .UNSPECIFIED.);
#482=B_SPLINE_SURFACE_WITH_KNOTS('',3,1,((#13711,#13712),(#13713,#13714),
(#13715,#13716),(#13717,#13718),(#13719,#13720)),.UNSPECIFIED.,.F.,.F.,
 .F.,(4,1,4),(2,2),(-0.0312910211544784,-0.0137475439195948,0.),(0.,0.0800000000000001),
 .UNSPECIFIED.);
#483=B_SPLINE_SURFACE_WITH_KNOTS('',3,1,((#13759,#13760),(#13761,#13762),
(#13763,#13764),(#13765,#13766),(#13767,#13768)),.UNSPECIFIED.,.F.,.F.,
 .F.,(4,1,4),(2,2),(-0.0499594805139691,-0.0282636686018691,0.),(0.,0.0800000000000001),
 .UNSPECIFIED.);
#484=B_SPLINE_SURFACE_WITH_KNOTS('',3,1,((#13785,#13786),(#13787,#13788),
(#13789,#13790),(#13791,#13792),(#13793,#13794)),.UNSPECIFIED.,.F.,.F.,
 .F.,(4,1,4),(2,2),(-0.0403216482280751,-0.0193285499060295,0.),(0.,0.0800000000000001),
 .UNSPECIFIED.);
#485=B_SPLINE_SURFACE_WITH_KNOTS('',3,1,((#13808,#13809),(#13810,#13811),
(#13812,#13813),(#13814,#13815),(#13816,#13817)),.UNSPECIFIED.,.F.,.F.,
 .F.,(4,1,4),(2,2),(-0.0486686429415613,-0.0243786272012963,0.),(0.,0.0800000000000001),
 .UNSPECIFIED.);
#486=B_SPLINE_SURFACE_WITH_KNOTS('',3,1,((#13831,#13832),(#13833,#13834),
(#13835,#13836),(#13837,#13838),(#13839,#13840)),.UNSPECIFIED.,.F.,.F.,
 .F.,(4,1,4),(2,2),(-0.0414432421738209,-0.0182731345929816,0.),(0.,0.0800000000000001),
 .UNSPECIFIED.);
#487=B_SPLINE_SURFACE_WITH_KNOTS('',3,1,((#13866,#13867),(#13868,#13869),
(#13870,#13871),(#13872,#13873),(#13874,#13875)),.UNSPECIFIED.,.F.,.F.,
 .F.,(4,1,4),(2,2),(-0.0428524565932309,-0.0238832112558088,0.),(0.,0.0800000000000001),
 .UNSPECIFIED.);
#488=B_SPLINE_SURFACE_WITH_KNOTS('',3,1,((#13889,#13890),(#13891,#13892),
(#13893,#13894),(#13895,#13896),(#13897,#13898)),.UNSPECIFIED.,.F.,.F.,
 .F.,(4,1,4),(2,2),(-0.0472481510229215,-0.0233156238893902,0.),(0.,0.0800000000000001),
 .UNSPECIFIED.);
#489=B_SPLINE_SURFACE_WITH_KNOTS('',3,1,((#13912,#13913),(#13914,#13915),
(#13916,#13917),(#13918,#13919),(#13920,#13921)),.UNSPECIFIED.,.F.,.F.,
 .F.,(4,1,4),(2,2),(-0.0324327649933676,-0.0160925389470928,0.),(0.,0.0800000000000001),
 .UNSPECIFIED.);
#490=B_SPLINE_SURFACE_WITH_KNOTS('',3,1,((#13935,#13936),(#13937,#13938),
(#13939,#13940),(#13941,#13942),(#13943,#13944)),.UNSPECIFIED.,.F.,.F.,
 .F.,(4,1,4),(2,2),(-0.026746590828715,-0.011774083969062,0.),(0.,0.0800000000000001),
 .UNSPECIFIED.);
#491=B_SPLINE_SURFACE_WITH_KNOTS('',3,1,((#13964,#13965),(#13966,#13967),
(#13968,#13969),(#13970,#13971),(#13972,#13973)),.UNSPECIFIED.,.F.,.F.,
 .F.,(4,1,4),(2,2),(-0.0879907656959332,-0.0466043998500684,0.),(0.,0.0800000000000001),
 .UNSPECIFIED.);
#492=B_SPLINE_SURFACE_WITH_KNOTS('',3,1,((#13987,#13988),(#13989,#13990),
(#13991,#13992),(#13993,#13994),(#13995,#13996)),.UNSPECIFIED.,.F.,.F.,
 .F.,(4,1,4),(2,2),(-0.104247199358961,-0.0454610302573191,0.),(0.,0.0800000000000001),
 .UNSPECIFIED.);
#493=B_SPLINE_SURFACE_WITH_KNOTS('',3,1,((#14010,#14011),(#14012,#14013),
(#14014,#14015),(#14016,#14017),(#14018,#14019)),.UNSPECIFIED.,.F.,.F.,
 .F.,(4,1,4),(2,2),(-0.092596091297797,-0.051592257468621,0.),(0.,0.0800000000000001),
 .UNSPECIFIED.);
#494=B_SPLINE_SURFACE_WITH_KNOTS('',3,1,((#14033,#14034),(#14035,#14036),
(#14037,#14038),(#14039,#14040),(#14041,#14042)),.UNSPECIFIED.,.F.,.F.,
 .F.,(4,1,4),(2,2),(-0.0759580303112542,-0.0367759770287194,0.),(0.,0.0800000000000001),
 .UNSPECIFIED.);
#495=B_SPLINE_SURFACE_WITH_KNOTS('',3,1,((#14056,#14057),(#14058,#14059),
(#14060,#14061),(#14062,#14063),(#14064,#14065)),.UNSPECIFIED.,.F.,.F.,
 .F.,(4,1,4),(2,2),(-0.0867125266536816,-0.0417390529929701,0.),(0.,0.0800000000000001),
 .UNSPECIFIED.);
#496=B_SPLINE_SURFACE_WITH_KNOTS('',3,1,((#14079,#14080),(#14081,#14082),
(#14083,#14084),(#14085,#14086),(#14087,#14088)),.UNSPECIFIED.,.F.,.F.,
 .F.,(4,1,4),(2,2),(-0.120875130862116,-0.0624153729688423,0.),(0.,0.0800000000000001),
 .UNSPECIFIED.);
#497=B_SPLINE_SURFACE_WITH_KNOTS('',3,1,((#14102,#14103),(#14104,#14105),
(#14106,#14107),(#14108,#14109),(#14110,#14111)),.UNSPECIFIED.,.F.,.F.,
 .F.,(4,1,4),(2,2),(-0.129825426900276,-0.0606398348138157,0.),(0.,0.0800000000000001),
 .UNSPECIFIED.);
#498=B_SPLINE_SURFACE_WITH_KNOTS('',3,1,((#14125,#14126),(#14127,#14128),
(#14129,#14130),(#14131,#14132),(#14133,#14134)),.UNSPECIFIED.,.F.,.F.,
 .F.,(4,1,4),(2,2),(-0.10070562942189,-0.0558603243613294,0.),(0.,0.0800000000000001),
 .UNSPECIFIED.);
#499=B_SPLINE_SURFACE_WITH_KNOTS('',3,1,((#14148,#14149),(#14150,#14151),
(#14152,#14153),(#14154,#14155),(#14156,#14157)),.UNSPECIFIED.,.F.,.F.,
 .F.,(4,1,4),(2,2),(-0.0783015019833332,-0.0392133035608183,0.),(0.,0.0800000000000001),
 .UNSPECIFIED.);
#500=B_SPLINE_SURFACE_WITH_KNOTS('',3,1,((#14171,#14172),(#14173,#14174),
(#14175,#14176),(#14177,#14178),(#14179,#14180)),.UNSPECIFIED.,.F.,.F.,
 .F.,(4,1,4),(2,2),(-0.0956112390982009,-0.0434883799463367,0.),(0.,0.0800000000000001),
 .UNSPECIFIED.);
#501=B_SPLINE_SURFACE_WITH_KNOTS('',3,1,((#14214,#14215),(#14216,#14217),
(#14218,#14219),(#14220,#14221),(#14222,#14223)),.UNSPECIFIED.,.F.,.F.,
 .F.,(4,1,4),(2,2),(-0.0628660062390093,-0.0340448196944206,0.),(0.,0.0800000000000001),
 .UNSPECIFIED.);
#502=B_SPLINE_SURFACE_WITH_KNOTS('',3,1,((#14237,#14238),(#14239,#14240),
(#14241,#14242),(#14243,#14244),(#14245,#14246)),.UNSPECIFIED.,.F.,.F.,
 .F.,(4,1,4),(2,2),(-0.0595947130699122,-0.0279278499894591,0.),(0.,0.0800000000000001),
 .UNSPECIFIED.);
#503=B_SPLINE_SURFACE_WITH_KNOTS('',3,1,((#14260,#14261),(#14262,#14263),
(#14264,#14265),(#14266,#14267),(#14268,#14269)),.UNSPECIFIED.,.F.,.F.,
 .F.,(4,1,4),(2,2),(-0.0789268690814159,-0.0416661849109993,0.),(0.,0.0800000000000001),
 .UNSPECIFIED.);
#504=B_SPLINE_SURFACE_WITH_KNOTS('',3,1,((#14283,#14284),(#14285,#14286),
(#14287,#14288),(#14289,#14290),(#14291,#14292)),.UNSPECIFIED.,.F.,.F.,
 .F.,(4,1,4),(2,2),(-0.0902447296103136,-0.0399912668567015,0.),(0.,0.0800000000000001),
 .UNSPECIFIED.);
#505=B_SPLINE_SURFACE_WITH_KNOTS('',3,1,((#14324,#14325),(#14326,#14327),
(#14328,#14329),(#14330,#14331),(#14332,#14333)),.UNSPECIFIED.,.F.,.F.,
 .F.,(4,1,4),(2,2),(-0.04051438156131,-0.0234310162309915,0.),(0.,0.0800000000000001),
 .UNSPECIFIED.);
#506=B_SPLINE_SURFACE_WITH_KNOTS('',3,1,((#14347,#14348),(#14349,#14350),
(#14351,#14352),(#14353,#14354),(#14355,#14356)),.UNSPECIFIED.,.F.,.F.,
 .F.,(4,1,4),(2,2),(-0.0312966320009324,-0.0148170529281639,0.),(0.,0.0800000000000001),
 .UNSPECIFIED.);
#507=B_SPLINE_SURFACE_WITH_KNOTS('',3,1,((#14370,#14371),(#14372,#14373),
(#14374,#14375),(#14376,#14377),(#14378,#14379)),.UNSPECIFIED.,.F.,.F.,
 .F.,(4,1,4),(2,2),(-0.03712720330552,-0.0186758212376444,0.),(0.,0.0800000000000001),
 .UNSPECIFIED.);
#508=B_SPLINE_SURFACE_WITH_KNOTS('',3,1,((#14393,#14394),(#14395,#14396),
(#14397,#14398),(#14399,#14400),(#14401,#14402)),.UNSPECIFIED.,.F.,.F.,
 .F.,(4,1,4),(2,2),(-0.0569727502276823,-0.0233335189873438,0.),(0.,0.0800000000000001),
 .UNSPECIFIED.);
#509=B_SPLINE_SURFACE_WITH_KNOTS('',3,1,((#14466,#14467),(#14468,#14469),
(#14470,#14471),(#14472,#14473),(#14474,#14475)),.UNSPECIFIED.,.F.,.F.,
 .F.,(4,1,4),(2,2),(-0.0824893971592705,-0.0486045334471462,0.),(0.,0.0800000000000001),
 .UNSPECIFIED.);
#510=B_SPLINE_SURFACE_WITH_KNOTS('',3,1,((#14489,#14490),(#14491,#14492),
(#14493,#14494),(#14495,#14496),(#14497,#14498)),.UNSPECIFIED.,.F.,.F.,
 .F.,(4,1,4),(2,2),(-0.0934682440148437,-0.0414391831628131,0.),(0.,0.0800000000000001),
 .UNSPECIFIED.);
#511=B_SPLINE_SURFACE_WITH_KNOTS('',3,1,((#14512,#14513),(#14514,#14515),
(#14516,#14517),(#14518,#14519),(#14520,#14521)),.UNSPECIFIED.,.F.,.F.,
 .F.,(4,1,4),(2,2),(-0.0745049512853317,-0.0305914549937122,0.),(0.,0.0800000000000001),
 .UNSPECIFIED.);
#512=B_SPLINE_SURFACE_WITH_KNOTS('',3,1,((#14541,#14542),(#14543,#14544),
(#14545,#14546),(#14547,#14548),(#14549,#14550)),.UNSPECIFIED.,.F.,.F.,
 .F.,(4,1,4),(2,2),(-0.0541362842473382,-0.025992129120668,0.),(0.,0.0800000000000001),
 .UNSPECIFIED.);
#513=B_SPLINE_SURFACE_WITH_KNOTS('',3,1,((#14564,#14565),(#14566,#14567),
(#14568,#14569),(#14570,#14571),(#14572,#14573)),.UNSPECIFIED.,.F.,.F.,
 .F.,(4,1,4),(2,2),(-0.0334485083132002,-0.0178964240901655,0.),(0.,0.0800000000000001),
 .UNSPECIFIED.);
#514=B_SPLINE_SURFACE_WITH_KNOTS('',3,1,((#14587,#14588),(#14589,#14590),
(#14591,#14592),(#14593,#14594),(#14595,#14596)),.UNSPECIFIED.,.F.,.F.,
 .F.,(4,1,4),(2,2),(-0.0386286389736737,-0.0168405250732464,0.),(0.,0.0800000000000001),
 .UNSPECIFIED.);
#515=B_SPLINE_SURFACE_WITH_KNOTS('',3,1,((#14641,#14642),(#14643,#14644),
(#14645,#14646),(#14647,#14648),(#14649,#14650)),.UNSPECIFIED.,.F.,.F.,
 .F.,(4,1,4),(2,2),(-0.0537284574727361,-0.0299935974982522,0.),(0.,0.0800000000000001),
 .UNSPECIFIED.);
#516=B_SPLINE_SURFACE_WITH_KNOTS('',3,1,((#14667,#14668),(#14669,#14670),
(#14671,#14672),(#14673,#14674),(#14675,#14676)),.UNSPECIFIED.,.F.,.F.,
 .F.,(4,1,4),(2,2),(-0.0412715987266142,-0.0206494396150054,0.),(0.,0.0800000000000001),
 .UNSPECIFIED.);
#517=B_SPLINE_SURFACE_WITH_KNOTS('',3,1,((#14690,#14691),(#14692,#14693),
(#14694,#14695),(#14696,#14697),(#14698,#14699)),.UNSPECIFIED.,.F.,.F.,
 .F.,(4,1,4),(2,2),(-0.0372489939701091,-0.0182526508983194,0.),(0.,0.0800000000000001),
 .UNSPECIFIED.);
#518=B_SPLINE_SURFACE_WITH_KNOTS('',3,1,((#14713,#14714),(#14715,#14716),
(#14717,#14718),(#14719,#14720),(#14721,#14722)),.UNSPECIFIED.,.F.,.F.,
 .F.,(4,1,4),(2,2),(-0.0563218007956799,-0.02368780683696,0.),(0.,0.0800000000000001),
 .UNSPECIFIED.);
#519=B_SPLINE_SURFACE_WITH_KNOTS('',3,1,((#14736,#14737),(#14738,#14739),
(#14740,#14741),(#14742,#14743),(#14744,#14745)),.UNSPECIFIED.,.F.,.F.,
 .F.,(4,1,4),(2,2),(-0.0544541316116733,-0.0309148013644491,0.),(0.,0.0800000000000001),
 .UNSPECIFIED.);
#520=B_SPLINE_SURFACE_WITH_KNOTS('',3,1,((#14759,#14760),(#14761,#14762),
(#14763,#14764),(#14765,#14766),(#14767,#14768)),.UNSPECIFIED.,.F.,.F.,
 .F.,(4,1,4),(2,2),(-0.0383080973183517,-0.0195338224825984,0.),(0.,0.0800000000000001),
 .UNSPECIFIED.);
#521=B_SPLINE_SURFACE_WITH_KNOTS('',3,1,((#14782,#14783),(#14784,#14785),
(#14786,#14787),(#14788,#14789),(#14790,#14791)),.UNSPECIFIED.,.F.,.F.,
 .F.,(4,1,4),(2,2),(-0.0402110634622882,-0.0199478823763844,0.),(0.,0.0800000000000001),
 .UNSPECIFIED.);
#522=B_SPLINE_SURFACE_WITH_KNOTS('',3,1,((#14805,#14806),(#14807,#14808),
(#14809,#14810),(#14811,#14812),(#14813,#14814)),.UNSPECIFIED.,.F.,.F.,
 .F.,(4,1,4),(2,2),(-0.0569398487428575,-0.0243451991864833,0.),(0.,0.0800000000000001),
 .UNSPECIFIED.);
#523=B_SPLINE_SURFACE_WITH_KNOTS('',3,1,((#14846,#14847),(#14848,#14849),
(#14850,#14851),(#14852,#14853),(#14854,#14855)),.UNSPECIFIED.,.F.,.F.,
 .F.,(4,1,4),(2,2),(-0.0545110304369723,-0.0309495779013573,0.),(0.,0.0800000000000001),
 .UNSPECIFIED.);
#524=B_SPLINE_SURFACE_WITH_KNOTS('',3,1,((#14869,#14870),(#14871,#14872),
(#14873,#14874),(#14875,#14876),(#14877,#14878)),.UNSPECIFIED.,.F.,.F.,
 .F.,(4,1,4),(2,2),(-0.0553430933010763,-0.0270648732489407,0.),(0.,0.0800000000000001),
 .UNSPECIFIED.);
#525=B_SPLINE_SURFACE_WITH_KNOTS('',3,1,((#14892,#14893),(#14894,#14895),
(#14896,#14897),(#14898,#14899),(#14900,#14901)),.UNSPECIFIED.,.F.,.F.,
 .F.,(4,1,4),(2,2),(-0.10442486366694,-0.0534162342137841,0.),(0.,0.0800000000000001),
 .UNSPECIFIED.);
#526=B_SPLINE_SURFACE_WITH_KNOTS('',3,1,((#14915,#14916),(#14917,#14918),
(#14919,#14920),(#14921,#14922),(#14923,#14924)),.UNSPECIFIED.,.F.,.F.,
 .F.,(4,1,4),(2,2),(-0.115154138116873,-0.0550943826478135,0.),(0.,0.0800000000000001),
 .UNSPECIFIED.);
#527=B_SPLINE_SURFACE_WITH_KNOTS('',3,1,((#14938,#14939),(#14940,#14941),
(#14942,#14943),(#14944,#14945),(#14946,#14947)),.UNSPECIFIED.,.F.,.F.,
 .F.,(4,1,4),(2,2),(-0.117515075498851,-0.0641572908085743,0.),(0.,0.0800000000000001),
 .UNSPECIFIED.);
#528=B_SPLINE_SURFACE_WITH_KNOTS('',3,1,((#14961,#14962),(#14963,#14964),
(#14965,#14966),(#14967,#14968),(#14969,#14970)),.UNSPECIFIED.,.F.,.F.,
 .F.,(4,1,4),(2,2),(-0.0980080317744049,-0.0485439702987514,0.),(0.,0.0800000000000001),
 .UNSPECIFIED.);
#529=B_SPLINE_SURFACE_WITH_KNOTS('',3,1,((#14984,#14985),(#14986,#14987),
(#14988,#14989),(#14990,#14991),(#14992,#14993)),.UNSPECIFIED.,.F.,.F.,
 .F.,(4,1,4),(2,2),(-0.0481028461252245,-0.0248232641254199,0.),(0.,0.0800000000000001),
 .UNSPECIFIED.);
#530=B_SPLINE_SURFACE_WITH_KNOTS('',3,1,((#15007,#15008),(#15009,#15010),
(#15011,#15012),(#15013,#15014),(#15015,#15016)),.UNSPECIFIED.,.F.,.F.,
 .F.,(4,1,4),(2,2),(-0.0460229460121136,-0.0227422693447451,0.),(0.,0.0800000000000001),
 .UNSPECIFIED.);
#531=B_SPLINE_SURFACE_WITH_KNOTS('',3,1,((#15050,#15051),(#15052,#15053),
(#15054,#15055),(#15056,#15057),(#15058,#15059)),.UNSPECIFIED.,.F.,.F.,
 .F.,(4,1,4),(2,2),(-0.0524444290026053,-0.0305808307970652,0.),(0.,0.0800000000000001),
 .UNSPECIFIED.);
#532=B_SPLINE_SURFACE_WITH_KNOTS('',3,1,((#15073,#15074),(#15075,#15076),
(#15077,#15078),(#15079,#15080),(#15081,#15082)),.UNSPECIFIED.,.F.,.F.,
 .F.,(4,1,4),(2,2),(-0.0358314997277138,-0.0178316554782947,0.),(0.,0.0800000000000001),
 .UNSPECIFIED.);
#533=B_SPLINE_SURFACE_WITH_KNOTS('',3,1,((#15096,#15097),(#15098,#15099),
(#15100,#15101),(#15102,#15103),(#15104,#15105)),.UNSPECIFIED.,.F.,.F.,
 .F.,(4,1,4),(2,2),(-0.0349872392445724,-0.0176750739323795,0.),(0.,0.0800000000000001),
 .UNSPECIFIED.);
#534=B_SPLINE_SURFACE_WITH_KNOTS('',3,1,((#15119,#15120),(#15121,#15122),
(#15123,#15124),(#15125,#15126),(#15127,#15128)),.UNSPECIFIED.,.F.,.F.,
 .F.,(4,1,4),(2,2),(-0.0498829227133015,-0.0205728254847549,0.),(0.,0.0800000000000001),
 .UNSPECIFIED.);
#535=B_SPLINE_SURFACE_WITH_KNOTS('',3,1,((#15160,#15161),(#15162,#15163),
(#15164,#15165),(#15166,#15167),(#15168,#15169)),.UNSPECIFIED.,.F.,.F.,
 .F.,(4,1,4),(2,2),(-0.10745104508254,-0.0592373091812159,0.),(0.,0.0800000000000001),
 .UNSPECIFIED.);
#536=B_SPLINE_SURFACE_WITH_KNOTS('',3,1,((#15183,#15184),(#15185,#15186),
(#15187,#15188),(#15189,#15190),(#15191,#15192)),.UNSPECIFIED.,.F.,.F.,
 .F.,(4,1,4),(2,2),(-0.0989377706917628,-0.0460901760193517,0.),(0.,0.0800000000000001),
 .UNSPECIFIED.);
#537=B_SPLINE_SURFACE_WITH_KNOTS('',3,1,((#15206,#15207),(#15208,#15209),
(#15210,#15211),(#15212,#15213),(#15214,#15215)),.UNSPECIFIED.,.F.,.F.,
 .F.,(4,1,4),(2,2),(-0.103757215305498,-0.0547193933235035,0.),(0.,0.0800000000000001),
 .UNSPECIFIED.);
#538=B_SPLINE_SURFACE_WITH_KNOTS('',3,1,((#15229,#15230),(#15231,#15232),
(#15233,#15234),(#15235,#15236),(#15237,#15238)),.UNSPECIFIED.,.F.,.F.,
 .F.,(4,1,4),(2,2),(-0.118374982438054,-0.0526424106499757,0.),(0.,0.0800000000000001),
 .UNSPECIFIED.);
#539=B_SPLINE_SURFACE_WITH_KNOTS('',3,1,((#15290,#15291),(#15292,#15293),
(#15294,#15295),(#15296,#15297),(#15298,#15299)),.UNSPECIFIED.,.F.,.F.,
 .F.,(4,1,4),(2,2),(-0.0628659166481992,-0.0340447814180241,0.),(0.,0.0800000000000001),
 .UNSPECIFIED.);
#540=B_SPLINE_SURFACE_WITH_KNOTS('',3,1,((#15313,#15314),(#15315,#15316),
(#15317,#15318),(#15319,#15320),(#15321,#15322)),.UNSPECIFIED.,.F.,.F.,
 .F.,(4,1,4),(2,2),(-0.0595947089757041,-0.0279278400534485,0.),(0.,0.0800000000000001),
 .UNSPECIFIED.);
#541=B_SPLINE_SURFACE_WITH_KNOTS('',3,1,((#15336,#15337),(#15338,#15339),
(#15340,#15341),(#15342,#15343),(#15344,#15345)),.UNSPECIFIED.,.F.,.F.,
 .F.,(4,1,4),(2,2),(-0.0789268410857696,-0.0416661898144081,0.),(0.,0.0800000000000001),
 .UNSPECIFIED.);
#542=B_SPLINE_SURFACE_WITH_KNOTS('',3,1,((#15359,#15360),(#15361,#15362),
(#15363,#15364),(#15365,#15366),(#15367,#15368)),.UNSPECIFIED.,.F.,.F.,
 .F.,(4,1,4),(2,2),(-0.0902448089688604,-0.0399913448607061,0.),(0.,0.0800000000000001),
 .UNSPECIFIED.);
#543=B_SPLINE_SURFACE_WITH_KNOTS('',3,1,((#15400,#15401),(#15402,#15403),
(#15404,#15405),(#15406,#15407),(#15408,#15409)),.UNSPECIFIED.,.F.,.F.,
 .F.,(4,1,4),(2,2),(-0.0405143026060006,-0.0234310162309915,0.),(0.,0.0800000000000001),
 .UNSPECIFIED.);
#544=B_SPLINE_SURFACE_WITH_KNOTS('',3,1,((#15423,#15424),(#15425,#15426),
(#15427,#15428),(#15429,#15430),(#15431,#15432)),.UNSPECIFIED.,.F.,.F.,
 .F.,(4,1,4),(2,2),(-0.031296830988953,-0.0148170016835645,0.),(0.,0.0800000000000001),
 .UNSPECIFIED.);
#545=B_SPLINE_SURFACE_WITH_KNOTS('',3,1,((#15446,#15447),(#15448,#15449),
(#15450,#15451),(#15452,#15453),(#15454,#15455)),.UNSPECIFIED.,.F.,.F.,
 .F.,(4,1,4),(2,2),(-0.0371272342288576,-0.0186758151419161,0.),(0.,0.0800000000000001),
 .UNSPECIFIED.);
#546=B_SPLINE_SURFACE_WITH_KNOTS('',3,1,((#15469,#15470),(#15471,#15472),
(#15473,#15474),(#15475,#15476),(#15477,#15478)),.UNSPECIFIED.,.F.,.F.,
 .F.,(4,1,4),(2,2),(-0.0569727726915917,-0.0233336007960229,0.),(0.,0.0800000000000001),
 .UNSPECIFIED.);
#547=STYLED_ITEM('',(#15590),#571);
#548=STYLED_ITEM('',(#15591),#572);
#549=STYLED_ITEM('',(#15592),#573);
#550=STYLED_ITEM('',(#15592),#574);
#551=STYLED_ITEM('',(#15592),#575);
#552=STYLED_ITEM('',(#15592),#576);
#553=STYLED_ITEM('',(#15592),#577);
#554=STYLED_ITEM('',(#15592),#578);
#555=STYLED_ITEM('',(#15592),#579);
#556=STYLED_ITEM('',(#15592),#580);
#557=STYLED_ITEM('',(#15592),#581);
#558=STYLED_ITEM('',(#15592),#582);
#559=STYLED_ITEM('',(#15592),#583);
#560=STYLED_ITEM('',(#15592),#584);
#561=STYLED_ITEM('',(#15592),#585);
#562=STYLED_ITEM('',(#15592),#586);
#563=STYLED_ITEM('',(#15592),#587);
#564=STYLED_ITEM('',(#15592),#588);
#565=STYLED_ITEM('',(#15592),#589);
#566=STYLED_ITEM('',(#15592),#590);
#567=STYLED_ITEM('',(#15592),#591);
#568=STYLED_ITEM('',(#15592),#592);
#569=STYLED_ITEM('',(#15592),#593);
#570=STYLED_ITEM('',(#15592),#594);
#571=MANIFOLD_SOLID_BREP('Body1',#8187);
#572=MANIFOLD_SOLID_BREP('Body2',#8188);
#573=MANIFOLD_SOLID_BREP('Body3',#8189);
#574=MANIFOLD_SOLID_BREP('Body4',#8190);
#575=MANIFOLD_SOLID_BREP('Body5',#8191);
#576=MANIFOLD_SOLID_BREP('Body6',#8192);
#577=MANIFOLD_SOLID_BREP('Body7',#8193);
#578=MANIFOLD_SOLID_BREP('Body8',#8194);
#579=MANIFOLD_SOLID_BREP('Body9',#8195);
#580=MANIFOLD_SOLID_BREP('Body10',#8196);
#581=MANIFOLD_SOLID_BREP('Body11',#8197);
#582=MANIFOLD_SOLID_BREP('Body12',#8198);
#583=MANIFOLD_SOLID_BREP('Body13',#8199);
#584=MANIFOLD_SOLID_BREP('Body14',#8200);
#585=MANIFOLD_SOLID_BREP('Body15',#8201);
#586=MANIFOLD_SOLID_BREP('Body16',#8202);
#587=MANIFOLD_SOLID_BREP('Body17',#8203);
#588=MANIFOLD_SOLID_BREP('Body18',#8204);
#589=MANIFOLD_SOLID_BREP('Body19',#8205);
#590=MANIFOLD_SOLID_BREP('Body20',#8206);
#591=MANIFOLD_SOLID_BREP('Body21',#8207);
#592=MANIFOLD_SOLID_BREP('Body22',#8208);
#593=MANIFOLD_SOLID_BREP('Body23',#8209);
#594=MANIFOLD_SOLID_BREP('Body24',#8210);
#595=ELLIPSE('',#8271,1.41421356237309,1.);
#596=ELLIPSE('',#8272,1.4142135623731,1.);
#597=ELLIPSE('',#8274,1.4142135623731,1.);
#598=ELLIPSE('',#8276,1.41421356237309,1.);
#599=ELLIPSE('',#8283,1.41421356237309,1.);
#600=ELLIPSE('',#8284,1.4142135623731,1.);
#601=ELLIPSE('',#8286,1.4142135623731,1.);
#602=ELLIPSE('',#8287,1.41421356237309,1.);
#603=FACE_BOUND('',#1373,.T.);
#604=FACE_BOUND('',#1376,.T.);
#605=FACE_BOUND('',#1377,.T.);
#606=FACE_BOUND('',#1382,.T.);
#607=FACE_BOUND('',#1385,.T.);
#608=FACE_BOUND('',#1416,.T.);
#609=FACE_BOUND('',#1417,.T.);
#610=FACE_BOUND('',#1418,.T.);
#611=FACE_BOUND('',#1419,.T.);
#612=FACE_BOUND('',#1420,.T.);
#613=FACE_BOUND('',#1425,.T.);
#614=FACE_BOUND('',#1436,.T.);
#615=FACE_BOUND('',#1439,.T.);
#616=FACE_BOUND('',#1442,.T.);
#617=FACE_BOUND('',#1445,.T.);
#618=FACE_BOUND('',#1448,.T.);
#619=FACE_BOUND('',#1451,.T.);
#620=FACE_BOUND('',#1452,.T.);
#621=FACE_BOUND('',#1455,.T.);
#622=FACE_BOUND('',#1456,.T.);
#623=FACE_BOUND('',#1457,.T.);
#624=FACE_BOUND('',#1458,.T.);
#625=FACE_BOUND('',#1470,.T.);
#626=FACE_BOUND('',#1471,.T.);
#627=FACE_BOUND('',#1472,.T.);
#628=FACE_BOUND('',#1473,.T.);
#629=FACE_BOUND('',#1474,.T.);
#630=FACE_BOUND('',#1475,.T.);
#631=FACE_BOUND('',#1491,.T.);
#632=FACE_BOUND('',#1502,.T.);
#633=FACE_BOUND('',#1503,.T.);
#634=FACE_BOUND('',#1504,.T.);
#635=FACE_BOUND('',#1505,.T.);
#636=FACE_BOUND('',#1506,.T.);
#637=FACE_BOUND('',#1507,.T.);
#638=FACE_BOUND('',#1508,.T.);
#639=FACE_BOUND('',#1509,.T.);
#640=FACE_BOUND('',#1510,.T.);
#641=FACE_BOUND('',#1511,.T.);
#642=FACE_BOUND('',#1515,.T.);
#643=FACE_BOUND('',#1519,.T.);
#644=FACE_BOUND('',#1525,.T.);
#645=FACE_BOUND('',#1531,.T.);
#646=FACE_BOUND('',#1537,.T.);
#647=FACE_BOUND('',#1549,.T.);
#648=FACE_BOUND('',#1591,.T.);
#649=FACE_BOUND('',#1593,.T.);
#650=FACE_BOUND('',#1611,.T.);
#651=FACE_BOUND('',#1613,.T.);
#652=FACE_BOUND('',#1631,.T.);
#653=FACE_BOUND('',#1633,.T.);
#654=FACE_BOUND('',#1668,.T.);
#655=FACE_BOUND('',#1669,.T.);
#656=FACE_BOUND('',#1671,.T.);
#657=FACE_BOUND('',#1672,.T.);
#658=FACE_BOUND('',#1685,.T.);
#659=FACE_BOUND('',#1687,.T.);
#660=FACE_BOUND('',#1725,.T.);
#661=FACE_BOUND('',#1727,.T.);
#662=FACE_BOUND('',#1757,.T.);
#663=FACE_BOUND('',#1759,.T.);
#664=FACE_BOUND('',#1821,.T.);
#665=FACE_BOUND('',#1823,.T.);
#666=FACE_BOUND('',#1841,.T.);
#667=FACE_BOUND('',#1843,.T.);
#668=PLANE('',#8215);
#669=PLANE('',#8219);
#670=PLANE('',#8223);
#671=PLANE('',#8227);
#672=PLANE('',#8228);
#673=PLANE('',#8229);
#674=PLANE('',#8230);
#675=PLANE('',#8231);
#676=PLANE('',#8232);
#677=PLANE('',#8233);
#678=PLANE('',#8234);
#679=PLANE('',#8235);
#680=PLANE('',#8242);
#681=PLANE('',#8243);
#682=PLANE('',#8244);
#683=PLANE('',#8248);
#684=PLANE('',#8252);
#685=PLANE('',#8257);
#686=PLANE('',#8261);
#687=PLANE('',#8265);
#688=PLANE('',#8269);
#689=PLANE('',#8278);
#690=PLANE('',#8279);
#691=PLANE('',#8280);
#692=PLANE('',#8281);
#693=PLANE('',#8290);
#694=PLANE('',#8291);
#695=PLANE('',#8292);
#696=PLANE('',#8293);
#697=PLANE('',#8296);
#698=PLANE('',#8297);
#699=PLANE('',#8298);
#700=PLANE('',#8299);
#701=PLANE('',#8300);
#702=PLANE('',#8301);
#703=PLANE('',#8302);
#704=PLANE('',#8303);
#705=PLANE('',#8304);
#706=PLANE('',#8305);
#707=PLANE('',#8306);
#708=PLANE('',#8307);
#709=PLANE('',#8308);
#710=PLANE('',#8315);
#711=PLANE('',#8318);
#712=PLANE('',#8322);
#713=PLANE('',#8326);
#714=PLANE('',#8330);
#715=PLANE('',#8334);
#716=PLANE('',#8338);
#717=PLANE('',#8342);
#718=PLANE('',#8346);
#719=PLANE('',#8350);
#720=PLANE('',#8353);
#721=PLANE('',#8356);
#722=PLANE('',#8357);
#723=PLANE('',#8358);
#724=PLANE('',#8397);
#725=PLANE('',#8409);
#726=PLANE('',#8410);
#727=PLANE('',#8411);
#728=PLANE('',#8412);
#729=PLANE('',#8413);
#730=PLANE('',#8417);
#731=PLANE('',#8421);
#732=PLANE('',#8425);
#733=PLANE('',#8429);
#734=PLANE('',#8440);
#735=PLANE('',#8441);
#736=PLANE('',#8442);
#737=PLANE('',#8443);
#738=PLANE('',#8444);
#739=PLANE('',#8448);
#740=PLANE('',#8449);
#741=PLANE('',#8453);
#742=PLANE('',#8454);
#743=PLANE('',#8459);
#744=PLANE('',#8462);
#745=PLANE('',#8463);
#746=PLANE('',#8468);
#747=PLANE('',#8471);
#748=PLANE('',#8472);
#749=PLANE('',#8477);
#750=PLANE('',#8480);
#751=PLANE('',#8481);
#752=PLANE('',#8486);
#753=PLANE('',#8489);
#754=PLANE('',#8490);
#755=PLANE('',#8491);
#756=PLANE('',#8492);
#757=PLANE('',#8493);
#758=PLANE('',#8494);
#759=PLANE('',#8495);
#760=PLANE('',#8496);
#761=PLANE('',#8497);
#762=PLANE('',#8498);
#763=PLANE('',#8499);
#764=PLANE('',#8500);
#765=PLANE('',#8501);
#766=PLANE('',#8502);
#767=PLANE('',#8503);
#768=PLANE('',#8504);
#769=PLANE('',#8505);
#770=PLANE('',#8506);
#771=PLANE('',#8507);
#772=PLANE('',#8508);
#773=PLANE('',#8509);
#774=PLANE('',#8510);
#775=PLANE('',#8511);
#776=PLANE('',#8512);
#777=PLANE('',#8513);
#778=PLANE('',#8514);
#779=PLANE('',#8515);
#780=PLANE('',#8516);
#781=PLANE('',#8517);
#782=PLANE('',#8518);
#783=PLANE('',#8519);
#784=PLANE('',#8520);
#785=PLANE('',#8521);
#786=PLANE('',#8522);
#787=PLANE('',#8523);
#788=PLANE('',#8524);
#789=PLANE('',#8525);
#790=PLANE('',#8526);
#791=PLANE('',#8527);
#792=PLANE('',#8528);
#793=PLANE('',#8529);
#794=PLANE('',#8530);
#795=PLANE('',#8531);
#796=PLANE('',#8532);
#797=PLANE('',#8533);
#798=PLANE('',#8534);
#799=PLANE('',#8535);
#800=PLANE('',#8536);
#801=PLANE('',#8537);
#802=PLANE('',#8538);
#803=PLANE('',#8539);
#804=PLANE('',#8540);
#805=PLANE('',#8541);
#806=PLANE('',#8542);
#807=PLANE('',#8543);
#808=PLANE('',#8544);
#809=PLANE('',#8545);
#810=PLANE('',#8546);
#811=PLANE('',#8547);
#812=PLANE('',#8548);
#813=PLANE('',#8549);
#814=PLANE('',#8550);
#815=PLANE('',#8551);
#816=PLANE('',#8552);
#817=PLANE('',#8553);
#818=PLANE('',#8554);
#819=PLANE('',#8555);
#820=PLANE('',#8556);
#821=PLANE('',#8557);
#822=PLANE('',#8558);
#823=PLANE('',#8559);
#824=PLANE('',#8560);
#825=PLANE('',#8561);
#826=PLANE('',#8562);
#827=PLANE('',#8563);
#828=PLANE('',#8564);
#829=PLANE('',#8565);
#830=PLANE('',#8566);
#831=PLANE('',#8567);
#832=PLANE('',#8568);
#833=PLANE('',#8569);
#834=PLANE('',#8570);
#835=PLANE('',#8571);
#836=PLANE('',#8572);
#837=PLANE('',#8573);
#838=PLANE('',#8574);
#839=PLANE('',#8575);
#840=PLANE('',#8576);
#841=PLANE('',#8577);
#842=PLANE('',#8578);
#843=PLANE('',#8579);
#844=PLANE('',#8580);
#845=PLANE('',#8581);
#846=PLANE('',#8582);
#847=PLANE('',#8583);
#848=PLANE('',#8584);
#849=PLANE('',#8585);
#850=PLANE('',#8586);
#851=PLANE('',#8587);
#852=PLANE('',#8588);
#853=PLANE('',#8589);
#854=PLANE('',#8590);
#855=PLANE('',#8591);
#856=PLANE('',#8592);
#857=PLANE('',#8593);
#858=PLANE('',#8594);
#859=PLANE('',#8595);
#860=PLANE('',#8596);
#861=PLANE('',#8597);
#862=PLANE('',#8598);
#863=PLANE('',#8599);
#864=PLANE('',#8600);
#865=PLANE('',#8601);
#866=PLANE('',#8602);
#867=PLANE('',#8603);
#868=PLANE('',#8604);
#869=PLANE('',#8605);
#870=PLANE('',#8606);
#871=PLANE('',#8607);
#872=PLANE('',#8608);
#873=PLANE('',#8609);
#874=PLANE('',#8610);
#875=PLANE('',#8611);
#876=PLANE('',#8612);
#877=PLANE('',#8613);
#878=PLANE('',#8614);
#879=PLANE('',#8615);
#880=PLANE('',#8616);
#881=PLANE('',#8617);
#882=PLANE('',#8618);
#883=PLANE('',#8619);
#884=PLANE('',#8620);
#885=PLANE('',#8621);
#886=PLANE('',#8622);
#887=FACE_OUTER_BOUND('',#1348,.T.);
#888=FACE_OUTER_BOUND('',#1349,.T.);
#889=FACE_OUTER_BOUND('',#1350,.T.);
#890=FACE_OUTER_BOUND('',#1351,.T.);
#891=FACE_OUTER_BOUND('',#1352,.T.);
#892=FACE_OUTER_BOUND('',#1353,.T.);
#893=FACE_OUTER_BOUND('',#1354,.T.);
#894=FACE_OUTER_BOUND('',#1355,.T.);
#895=FACE_OUTER_BOUND('',#1356,.T.);
#896=FACE_OUTER_BOUND('',#1357,.T.);
#897=FACE_OUTER_BOUND('',#1358,.T.);
#898=FACE_OUTER_BOUND('',#1359,.T.);
#899=FACE_OUTER_BOUND('',#1360,.T.);
#900=FACE_OUTER_BOUND('',#1361,.T.);
#901=FACE_OUTER_BOUND('',#1362,.T.);
#902=FACE_OUTER_BOUND('',#1363,.T.);
#903=FACE_OUTER_BOUND('',#1364,.T.);
#904=FACE_OUTER_BOUND('',#1365,.T.);
#905=FACE_OUTER_BOUND('',#1366,.T.);
#906=FACE_OUTER_BOUND('',#1367,.T.);
#907=FACE_OUTER_BOUND('',#1368,.T.);
#908=FACE_OUTER_BOUND('',#1369,.T.);
#909=FACE_OUTER_BOUND('',#1370,.T.);
#910=FACE_OUTER_BOUND('',#1371,.T.);
#911=FACE_OUTER_BOUND('',#1372,.T.);
#912=FACE_OUTER_BOUND('',#1374,.T.);
#913=FACE_OUTER_BOUND('',#1375,.T.);
#914=FACE_OUTER_BOUND('',#1378,.T.);
#915=FACE_OUTER_BOUND('',#1379,.T.);
#916=FACE_OUTER_BOUND('',#1380,.T.);
#917=FACE_OUTER_BOUND('',#1381,.T.);
#918=FACE_OUTER_BOUND('',#1383,.T.);
#919=FACE_OUTER_BOUND('',#1384,.T.);
#920=FACE_OUTER_BOUND('',#1386,.T.);
#921=FACE_OUTER_BOUND('',#1387,.T.);
#922=FACE_OUTER_BOUND('',#1388,.T.);
#923=FACE_OUTER_BOUND('',#1389,.T.);
#924=FACE_OUTER_BOUND('',#1390,.T.);
#925=FACE_OUTER_BOUND('',#1391,.T.);
#926=FACE_OUTER_BOUND('',#1392,.T.);
#927=FACE_OUTER_BOUND('',#1393,.T.);
#928=FACE_OUTER_BOUND('',#1394,.T.);
#929=FACE_OUTER_BOUND('',#1395,.T.);
#930=FACE_OUTER_BOUND('',#1396,.T.);
#931=FACE_OUTER_BOUND('',#1397,.T.);
#932=FACE_OUTER_BOUND('',#1398,.T.);
#933=FACE_OUTER_BOUND('',#1399,.T.);
#934=FACE_OUTER_BOUND('',#1400,.T.);
#935=FACE_OUTER_BOUND('',#1401,.T.);
#936=FACE_OUTER_BOUND('',#1402,.T.);
#937=FACE_OUTER_BOUND('',#1403,.T.);
#938=FACE_OUTER_BOUND('',#1404,.T.);
#939=FACE_OUTER_BOUND('',#1405,.T.);
#940=FACE_OUTER_BOUND('',#1406,.T.);
#941=FACE_OUTER_BOUND('',#1407,.T.);
#942=FACE_OUTER_BOUND('',#1408,.T.);
#943=FACE_OUTER_BOUND('',#1409,.T.);
#944=FACE_OUTER_BOUND('',#1410,.T.);
#945=FACE_OUTER_BOUND('',#1411,.T.);
#946=FACE_OUTER_BOUND('',#1412,.T.);
#947=FACE_OUTER_BOUND('',#1413,.T.);
#948=FACE_OUTER_BOUND('',#1414,.T.);
#949=FACE_OUTER_BOUND('',#1415,.T.);
#950=FACE_OUTER_BOUND('',#1421,.T.);
#951=FACE_OUTER_BOUND('',#1422,.T.);
#952=FACE_OUTER_BOUND('',#1423,.T.);
#953=FACE_OUTER_BOUND('',#1424,.T.);
#954=FACE_OUTER_BOUND('',#1426,.T.);
#955=FACE_OUTER_BOUND('',#1427,.T.);
#956=FACE_OUTER_BOUND('',#1428,.T.);
#957=FACE_OUTER_BOUND('',#1429,.T.);
#958=FACE_OUTER_BOUND('',#1430,.T.);
#959=FACE_OUTER_BOUND('',#1431,.T.);
#960=FACE_OUTER_BOUND('',#1432,.T.);
#961=FACE_OUTER_BOUND('',#1433,.T.);
#962=FACE_OUTER_BOUND('',#1434,.T.);
#963=FACE_OUTER_BOUND('',#1435,.T.);
#964=FACE_OUTER_BOUND('',#1437,.T.);
#965=FACE_OUTER_BOUND('',#1438,.T.);
#966=FACE_OUTER_BOUND('',#1440,.T.);
#967=FACE_OUTER_BOUND('',#1441,.T.);
#968=FACE_OUTER_BOUND('',#1443,.T.);
#969=FACE_OUTER_BOUND('',#1444,.T.);
#970=FACE_OUTER_BOUND('',#1446,.T.);
#971=FACE_OUTER_BOUND('',#1447,.T.);
#972=FACE_OUTER_BOUND('',#1449,.T.);
#973=FACE_OUTER_BOUND('',#1450,.T.);
#974=FACE_OUTER_BOUND('',#1453,.T.);
#975=FACE_OUTER_BOUND('',#1454,.T.);
#976=FACE_OUTER_BOUND('',#1459,.T.);
#977=FACE_OUTER_BOUND('',#1460,.T.);
#978=FACE_OUTER_BOUND('',#1461,.T.);
#979=FACE_OUTER_BOUND('',#1462,.T.);
#980=FACE_OUTER_BOUND('',#1463,.T.);
#981=FACE_OUTER_BOUND('',#1464,.T.);
#982=FACE_OUTER_BOUND('',#1465,.T.);
#983=FACE_OUTER_BOUND('',#1466,.T.);
#984=FACE_OUTER_BOUND('',#1467,.T.);
#985=FACE_OUTER_BOUND('',#1468,.T.);
#986=FACE_OUTER_BOUND('',#1469,.T.);
#987=FACE_OUTER_BOUND('',#1476,.T.);
#988=FACE_OUTER_BOUND('',#1477,.T.);
#989=FACE_OUTER_BOUND('',#1478,.T.);
#990=FACE_OUTER_BOUND('',#1479,.T.);
#991=FACE_OUTER_BOUND('',#1480,.T.);
#992=FACE_OUTER_BOUND('',#1481,.T.);
#993=FACE_OUTER_BOUND('',#1482,.T.);
#994=FACE_OUTER_BOUND('',#1483,.T.);
#995=FACE_OUTER_BOUND('',#1484,.T.);
#996=FACE_OUTER_BOUND('',#1485,.T.);
#997=FACE_OUTER_BOUND('',#1486,.T.);
#998=FACE_OUTER_BOUND('',#1487,.T.);
#999=FACE_OUTER_BOUND('',#1488,.T.);
#1000=FACE_OUTER_BOUND('',#1489,.T.);
#1001=FACE_OUTER_BOUND('',#1490,.T.);
#1002=FACE_OUTER_BOUND('',#1492,.T.);
#1003=FACE_OUTER_BOUND('',#1493,.T.);
#1004=FACE_OUTER_BOUND('',#1494,.T.);
#1005=FACE_OUTER_BOUND('',#1495,.T.);
#1006=FACE_OUTER_BOUND('',#1496,.T.);
#1007=FACE_OUTER_BOUND('',#1497,.T.);
#1008=FACE_OUTER_BOUND('',#1498,.T.);
#1009=FACE_OUTER_BOUND('',#1499,.T.);
#1010=FACE_OUTER_BOUND('',#1500,.T.);
#1011=FACE_OUTER_BOUND('',#1501,.T.);
#1012=FACE_OUTER_BOUND('',#1512,.T.);
#1013=FACE_OUTER_BOUND('',#1513,.T.);
#1014=FACE_OUTER_BOUND('',#1514,.T.);
#1015=FACE_OUTER_BOUND('',#1516,.T.);
#1016=FACE_OUTER_BOUND('',#1517,.T.);
#1017=FACE_OUTER_BOUND('',#1518,.T.);
#1018=FACE_OUTER_BOUND('',#1520,.T.);
#1019=FACE_OUTER_BOUND('',#1521,.T.);
#1020=FACE_OUTER_BOUND('',#1522,.T.);
#1021=FACE_OUTER_BOUND('',#1523,.T.);
#1022=FACE_OUTER_BOUND('',#1524,.T.);
#1023=FACE_OUTER_BOUND('',#1526,.T.);
#1024=FACE_OUTER_BOUND('',#1527,.T.);
#1025=FACE_OUTER_BOUND('',#1528,.T.);
#1026=FACE_OUTER_BOUND('',#1529,.T.);
#1027=FACE_OUTER_BOUND('',#1530,.T.);
#1028=FACE_OUTER_BOUND('',#1532,.T.);
#1029=FACE_OUTER_BOUND('',#1533,.T.);
#1030=FACE_OUTER_BOUND('',#1534,.T.);
#1031=FACE_OUTER_BOUND('',#1535,.T.);
#1032=FACE_OUTER_BOUND('',#1536,.T.);
#1033=FACE_OUTER_BOUND('',#1538,.T.);
#1034=FACE_OUTER_BOUND('',#1539,.T.);
#1035=FACE_OUTER_BOUND('',#1540,.T.);
#1036=FACE_OUTER_BOUND('',#1541,.T.);
#1037=FACE_OUTER_BOUND('',#1542,.T.);
#1038=FACE_OUTER_BOUND('',#1543,.T.);
#1039=FACE_OUTER_BOUND('',#1544,.T.);
#1040=FACE_OUTER_BOUND('',#1545,.T.);
#1041=FACE_OUTER_BOUND('',#1546,.T.);
#1042=FACE_OUTER_BOUND('',#1547,.T.);
#1043=FACE_OUTER_BOUND('',#1548,.T.);
#1044=FACE_OUTER_BOUND('',#1550,.T.);
#1045=FACE_OUTER_BOUND('',#1551,.T.);
#1046=FACE_OUTER_BOUND('',#1552,.T.);
#1047=FACE_OUTER_BOUND('',#1553,.T.);
#1048=FACE_OUTER_BOUND('',#1554,.T.);
#1049=FACE_OUTER_BOUND('',#1555,.T.);
#1050=FACE_OUTER_BOUND('',#1556,.T.);
#1051=FACE_OUTER_BOUND('',#1557,.T.);
#1052=FACE_OUTER_BOUND('',#1558,.T.);
#1053=FACE_OUTER_BOUND('',#1559,.T.);
#1054=FACE_OUTER_BOUND('',#1560,.T.);
#1055=FACE_OUTER_BOUND('',#1561,.T.);
#1056=FACE_OUTER_BOUND('',#1562,.T.);
#1057=FACE_OUTER_BOUND('',#1563,.T.);
#1058=FACE_OUTER_BOUND('',#1564,.T.);
#1059=FACE_OUTER_BOUND('',#1565,.T.);
#1060=FACE_OUTER_BOUND('',#1566,.T.);
#1061=FACE_OUTER_BOUND('',#1567,.T.);
#1062=FACE_OUTER_BOUND('',#1568,.T.);
#1063=FACE_OUTER_BOUND('',#1569,.T.);
#1064=FACE_OUTER_BOUND('',#1570,.T.);
#1065=FACE_OUTER_BOUND('',#1571,.T.);
#1066=FACE_OUTER_BOUND('',#1572,.T.);
#1067=FACE_OUTER_BOUND('',#1573,.T.);
#1068=FACE_OUTER_BOUND('',#1574,.T.);
#1069=FACE_OUTER_BOUND('',#1575,.T.);
#1070=FACE_OUTER_BOUND('',#1576,.T.);
#1071=FACE_OUTER_BOUND('',#1577,.T.);
#1072=FACE_OUTER_BOUND('',#1578,.T.);
#1073=FACE_OUTER_BOUND('',#1579,.T.);
#1074=FACE_OUTER_BOUND('',#1580,.T.);
#1075=FACE_OUTER_BOUND('',#1581,.T.);
#1076=FACE_OUTER_BOUND('',#1582,.T.);
#1077=FACE_OUTER_BOUND('',#1583,.T.);
#1078=FACE_OUTER_BOUND('',#1584,.T.);
#1079=FACE_OUTER_BOUND('',#1585,.T.);
#1080=FACE_OUTER_BOUND('',#1586,.T.);
#1081=FACE_OUTER_BOUND('',#1587,.T.);
#1082=FACE_OUTER_BOUND('',#1588,.T.);
#1083=FACE_OUTER_BOUND('',#1589,.T.);
#1084=FACE_OUTER_BOUND('',#1590,.T.);
#1085=FACE_OUTER_BOUND('',#1592,.T.);
#1086=FACE_OUTER_BOUND('',#1594,.T.);
#1087=FACE_OUTER_BOUND('',#1595,.T.);
#1088=FACE_OUTER_BOUND('',#1596,.T.);
#1089=FACE_OUTER_BOUND('',#1597,.T.);
#1090=FACE_OUTER_BOUND('',#1598,.T.);
#1091=FACE_OUTER_BOUND('',#1599,.T.);
#1092=FACE_OUTER_BOUND('',#1600,.T.);
#1093=FACE_OUTER_BOUND('',#1601,.T.);
#1094=FACE_OUTER_BOUND('',#1602,.T.);
#1095=FACE_OUTER_BOUND('',#1603,.T.);
#1096=FACE_OUTER_BOUND('',#1604,.T.);
#1097=FACE_OUTER_BOUND('',#1605,.T.);
#1098=FACE_OUTER_BOUND('',#1606,.T.);
#1099=FACE_OUTER_BOUND('',#1607,.T.);
#1100=FACE_OUTER_BOUND('',#1608,.T.);
#1101=FACE_OUTER_BOUND('',#1609,.T.);
#1102=FACE_OUTER_BOUND('',#1610,.T.);
#1103=FACE_OUTER_BOUND('',#1612,.T.);
#1104=FACE_OUTER_BOUND('',#1614,.T.);
#1105=FACE_OUTER_BOUND('',#1615,.T.);
#1106=FACE_OUTER_BOUND('',#1616,.T.);
#1107=FACE_OUTER_BOUND('',#1617,.T.);
#1108=FACE_OUTER_BOUND('',#1618,.T.);
#1109=FACE_OUTER_BOUND('',#1619,.T.);
#1110=FACE_OUTER_BOUND('',#1620,.T.);
#1111=FACE_OUTER_BOUND('',#1621,.T.);
#1112=FACE_OUTER_BOUND('',#1622,.T.);
#1113=FACE_OUTER_BOUND('',#1623,.T.);
#1114=FACE_OUTER_BOUND('',#1624,.T.);
#1115=FACE_OUTER_BOUND('',#1625,.T.);
#1116=FACE_OUTER_BOUND('',#1626,.T.);
#1117=FACE_OUTER_BOUND('',#1627,.T.);
#1118=FACE_OUTER_BOUND('',#1628,.T.);
#1119=FACE_OUTER_BOUND('',#1629,.T.);
#1120=FACE_OUTER_BOUND('',#1630,.T.);
#1121=FACE_OUTER_BOUND('',#1632,.T.);
#1122=FACE_OUTER_BOUND('',#1634,.T.);
#1123=FACE_OUTER_BOUND('',#1635,.T.);
#1124=FACE_OUTER_BOUND('',#1636,.T.);
#1125=FACE_OUTER_BOUND('',#1637,.T.);
#1126=FACE_OUTER_BOUND('',#1638,.T.);
#1127=FACE_OUTER_BOUND('',#1639,.T.);
#1128=FACE_OUTER_BOUND('',#1640,.T.);
#1129=FACE_OUTER_BOUND('',#1641,.T.);
#1130=FACE_OUTER_BOUND('',#1642,.T.);
#1131=FACE_OUTER_BOUND('',#1643,.T.);
#1132=FACE_OUTER_BOUND('',#1644,.T.);
#1133=FACE_OUTER_BOUND('',#1645,.T.);
#1134=FACE_OUTER_BOUND('',#1646,.T.);
#1135=FACE_OUTER_BOUND('',#1647,.T.);
#1136=FACE_OUTER_BOUND('',#1648,.T.);
#1137=FACE_OUTER_BOUND('',#1649,.T.);
#1138=FACE_OUTER_BOUND('',#1650,.T.);
#1139=FACE_OUTER_BOUND('',#1651,.T.);
#1140=FACE_OUTER_BOUND('',#1652,.T.);
#1141=FACE_OUTER_BOUND('',#1653,.T.);
#1142=FACE_OUTER_BOUND('',#1654,.T.);
#1143=FACE_OUTER_BOUND('',#1655,.T.);
#1144=FACE_OUTER_BOUND('',#1656,.T.);
#1145=FACE_OUTER_BOUND('',#1657,.T.);
#1146=FACE_OUTER_BOUND('',#1658,.T.);
#1147=FACE_OUTER_BOUND('',#1659,.T.);
#1148=FACE_OUTER_BOUND('',#1660,.T.);
#1149=FACE_OUTER_BOUND('',#1661,.T.);
#1150=FACE_OUTER_BOUND('',#1662,.T.);
#1151=FACE_OUTER_BOUND('',#1663,.T.);
#1152=FACE_OUTER_BOUND('',#1664,.T.);
#1153=FACE_OUTER_BOUND('',#1665,.T.);
#1154=FACE_OUTER_BOUND('',#1666,.T.);
#1155=FACE_OUTER_BOUND('',#1667,.T.);
#1156=FACE_OUTER_BOUND('',#1670,.T.);
#1157=FACE_OUTER_BOUND('',#1673,.T.);
#1158=FACE_OUTER_BOUND('',#1674,.T.);
#1159=FACE_OUTER_BOUND('',#1675,.T.);
#1160=FACE_OUTER_BOUND('',#1676,.T.);
#1161=FACE_OUTER_BOUND('',#1677,.T.);
#1162=FACE_OUTER_BOUND('',#1678,.T.);
#1163=FACE_OUTER_BOUND('',#1679,.T.);
#1164=FACE_OUTER_BOUND('',#1680,.T.);
#1165=FACE_OUTER_BOUND('',#1681,.T.);
#1166=FACE_OUTER_BOUND('',#1682,.T.);
#1167=FACE_OUTER_BOUND('',#1683,.T.);
#1168=FACE_OUTER_BOUND('',#1684,.T.);
#1169=FACE_OUTER_BOUND('',#1686,.T.);
#1170=FACE_OUTER_BOUND('',#1688,.T.);
#1171=FACE_OUTER_BOUND('',#1689,.T.);
#1172=FACE_OUTER_BOUND('',#1690,.T.);
#1173=FACE_OUTER_BOUND('',#1691,.T.);
#1174=FACE_OUTER_BOUND('',#1692,.T.);
#1175=FACE_OUTER_BOUND('',#1693,.T.);
#1176=FACE_OUTER_BOUND('',#1694,.T.);
#1177=FACE_OUTER_BOUND('',#1695,.T.);
#1178=FACE_OUTER_BOUND('',#1696,.T.);
#1179=FACE_OUTER_BOUND('',#1697,.T.);
#1180=FACE_OUTER_BOUND('',#1698,.T.);
#1181=FACE_OUTER_BOUND('',#1699,.T.);
#1182=FACE_OUTER_BOUND('',#1700,.T.);
#1183=FACE_OUTER_BOUND('',#1701,.T.);
#1184=FACE_OUTER_BOUND('',#1702,.T.);
#1185=FACE_OUTER_BOUND('',#1703,.T.);
#1186=FACE_OUTER_BOUND('',#1704,.T.);
#1187=FACE_OUTER_BOUND('',#1705,.T.);
#1188=FACE_OUTER_BOUND('',#1706,.T.);
#1189=FACE_OUTER_BOUND('',#1707,.T.);
#1190=FACE_OUTER_BOUND('',#1708,.T.);
#1191=FACE_OUTER_BOUND('',#1709,.T.);
#1192=FACE_OUTER_BOUND('',#1710,.T.);
#1193=FACE_OUTER_BOUND('',#1711,.T.);
#1194=FACE_OUTER_BOUND('',#1712,.T.);
#1195=FACE_OUTER_BOUND('',#1713,.T.);
#1196=FACE_OUTER_BOUND('',#1714,.T.);
#1197=FACE_OUTER_BOUND('',#1715,.T.);
#1198=FACE_OUTER_BOUND('',#1716,.T.);
#1199=FACE_OUTER_BOUND('',#1717,.T.);
#1200=FACE_OUTER_BOUND('',#1718,.T.);
#1201=FACE_OUTER_BOUND('',#1719,.T.);
#1202=FACE_OUTER_BOUND('',#1720,.T.);
#1203=FACE_OUTER_BOUND('',#1721,.T.);
#1204=FACE_OUTER_BOUND('',#1722,.T.);
#1205=FACE_OUTER_BOUND('',#1723,.T.);
#1206=FACE_OUTER_BOUND('',#1724,.T.);
#1207=FACE_OUTER_BOUND('',#1726,.T.);
#1208=FACE_OUTER_BOUND('',#1728,.T.);
#1209=FACE_OUTER_BOUND('',#1729,.T.);
#1210=FACE_OUTER_BOUND('',#1730,.T.);
#1211=FACE_OUTER_BOUND('',#1731,.T.);
#1212=FACE_OUTER_BOUND('',#1732,.T.);
#1213=FACE_OUTER_BOUND('',#1733,.T.);
#1214=FACE_OUTER_BOUND('',#1734,.T.);
#1215=FACE_OUTER_BOUND('',#1735,.T.);
#1216=FACE_OUTER_BOUND('',#1736,.T.);
#1217=FACE_OUTER_BOUND('',#1737,.T.);
#1218=FACE_OUTER_BOUND('',#1738,.T.);
#1219=FACE_OUTER_BOUND('',#1739,.T.);
#1220=FACE_OUTER_BOUND('',#1740,.T.);
#1221=FACE_OUTER_BOUND('',#1741,.T.);
#1222=FACE_OUTER_BOUND('',#1742,.T.);
#1223=FACE_OUTER_BOUND('',#1743,.T.);
#1224=FACE_OUTER_BOUND('',#1744,.T.);
#1225=FACE_OUTER_BOUND('',#1745,.T.);
#1226=FACE_OUTER_BOUND('',#1746,.T.);
#1227=FACE_OUTER_BOUND('',#1747,.T.);
#1228=FACE_OUTER_BOUND('',#1748,.T.);
#1229=FACE_OUTER_BOUND('',#1749,.T.);
#1230=FACE_OUTER_BOUND('',#1750,.T.);
#1231=FACE_OUTER_BOUND('',#1751,.T.);
#1232=FACE_OUTER_BOUND('',#1752,.T.);
#1233=FACE_OUTER_BOUND('',#1753,.T.);
#1234=FACE_OUTER_BOUND('',#1754,.T.);
#1235=FACE_OUTER_BOUND('',#1755,.T.);
#1236=FACE_OUTER_BOUND('',#1756,.T.);
#1237=FACE_OUTER_BOUND('',#1758,.T.);
#1238=FACE_OUTER_BOUND('',#1760,.T.);
#1239=FACE_OUTER_BOUND('',#1761,.T.);
#1240=FACE_OUTER_BOUND('',#1762,.T.);
#1241=FACE_OUTER_BOUND('',#1763,.T.);
#1242=FACE_OUTER_BOUND('',#1764,.T.);
#1243=FACE_OUTER_BOUND('',#1765,.T.);
#1244=FACE_OUTER_BOUND('',#1766,.T.);
#1245=FACE_OUTER_BOUND('',#1767,.T.);
#1246=FACE_OUTER_BOUND('',#1768,.T.);
#1247=FACE_OUTER_BOUND('',#1769,.T.);
#1248=FACE_OUTER_BOUND('',#1770,.T.);
#1249=FACE_OUTER_BOUND('',#1771,.T.);
#1250=FACE_OUTER_BOUND('',#1772,.T.);
#1251=FACE_OUTER_BOUND('',#1773,.T.);
#1252=FACE_OUTER_BOUND('',#1774,.T.);
#1253=FACE_OUTER_BOUND('',#1775,.T.);
#1254=FACE_OUTER_BOUND('',#1776,.T.);
#1255=FACE_OUTER_BOUND('',#1777,.T.);
#1256=FACE_OUTER_BOUND('',#1778,.T.);
#1257=FACE_OUTER_BOUND('',#1779,.T.);
#1258=FACE_OUTER_BOUND('',#1780,.T.);
#1259=FACE_OUTER_BOUND('',#1781,.T.);
#1260=FACE_OUTER_BOUND('',#1782,.T.);
#1261=FACE_OUTER_BOUND('',#1783,.T.);
#1262=FACE_OUTER_BOUND('',#1784,.T.);
#1263=FACE_OUTER_BOUND('',#1785,.T.);
#1264=FACE_OUTER_BOUND('',#1786,.T.);
#1265=FACE_OUTER_BOUND('',#1787,.T.);
#1266=FACE_OUTER_BOUND('',#1788,.T.);
#1267=FACE_OUTER_BOUND('',#1789,.T.);
#1268=FACE_OUTER_BOUND('',#1790,.T.);
#1269=FACE_OUTER_BOUND('',#1791,.T.);
#1270=FACE_OUTER_BOUND('',#1792,.T.);
#1271=FACE_OUTER_BOUND('',#1793,.T.);
#1272=FACE_OUTER_BOUND('',#1794,.T.);
#1273=FACE_OUTER_BOUND('',#1795,.T.);
#1274=FACE_OUTER_BOUND('',#1796,.T.);
#1275=FACE_OUTER_BOUND('',#1797,.T.);
#1276=FACE_OUTER_BOUND('',#1798,.T.);
#1277=FACE_OUTER_BOUND('',#1799,.T.);
#1278=FACE_OUTER_BOUND('',#1800,.T.);
#1279=FACE_OUTER_BOUND('',#1801,.T.);
#1280=FACE_OUTER_BOUND('',#1802,.T.);
#1281=FACE_OUTER_BOUND('',#1803,.T.);
#1282=FACE_OUTER_BOUND('',#1804,.T.);
#1283=FACE_OUTER_BOUND('',#1805,.T.);
#1284=FACE_OUTER_BOUND('',#1806,.T.);
#1285=FACE_OUTER_BOUND('',#1807,.T.);
#1286=FACE_OUTER_BOUND('',#1808,.T.);
#1287=FACE_OUTER_BOUND('',#1809,.T.);
#1288=FACE_OUTER_BOUND('',#1810,.T.);
#1289=FACE_OUTER_BOUND('',#1811,.T.);
#1290=FACE_OUTER_BOUND('',#1812,.T.);
#1291=FACE_OUTER_BOUND('',#1813,.T.);
#1292=FACE_OUTER_BOUND('',#1814,.T.);
#1293=FACE_OUTER_BOUND('',#1815,.T.);
#1294=FACE_OUTER_BOUND('',#1816,.T.);
#1295=FACE_OUTER_BOUND('',#1817,.T.);
#1296=FACE_OUTER_BOUND('',#1818,.T.);
#1297=FACE_OUTER_BOUND('',#1819,.T.);
#1298=FACE_OUTER_BOUND('',#1820,.T.);
#1299=FACE_OUTER_BOUND('',#1822,.T.);
#1300=FACE_OUTER_BOUND('',#1824,.T.);
#1301=FACE_OUTER_BOUND('',#1825,.T.);
#1302=FACE_OUTER_BOUND('',#1826,.T.);
#1303=FACE_OUTER_BOUND('',#1827,.T.);
#1304=FACE_OUTER_BOUND('',#1828,.T.);
#1305=FACE_OUTER_BOUND('',#1829,.T.);
#1306=FACE_OUTER_BOUND('',#1830,.T.);
#1307=FACE_OUTER_BOUND('',#1831,.T.);
#1308=FACE_OUTER_BOUND('',#1832,.T.);
#1309=FACE_OUTER_BOUND('',#1833,.T.);
#1310=FACE_OUTER_BOUND('',#1834,.T.);
#1311=FACE_OUTER_BOUND('',#1835,.T.);
#1312=FACE_OUTER_BOUND('',#1836,.T.);
#1313=FACE_OUTER_BOUND('',#1837,.T.);
#1314=FACE_OUTER_BOUND('',#1838,.T.);
#1315=FACE_OUTER_BOUND('',#1839,.T.);
#1316=FACE_OUTER_BOUND('',#1840,.T.);
#1317=FACE_OUTER_BOUND('',#1842,.T.);
#1318=FACE_OUTER_BOUND('',#1844,.T.);
#1319=FACE_OUTER_BOUND('',#1845,.T.);
#1320=FACE_OUTER_BOUND('',#1846,.T.);
#1321=FACE_OUTER_BOUND('',#1847,.T.);
#1322=FACE_OUTER_BOUND('',#1848,.T.);
#1323=FACE_OUTER_BOUND('',#1849,.T.);
#1324=FACE_OUTER_BOUND('',#1850,.T.);
#1325=FACE_OUTER_BOUND('',#1851,.T.);
#1326=FACE_OUTER_BOUND('',#1852,.T.);
#1327=FACE_OUTER_BOUND('',#1853,.T.);
#1328=FACE_OUTER_BOUND('',#1854,.T.);
#1329=FACE_OUTER_BOUND('',#1855,.T.);
#1330=FACE_OUTER_BOUND('',#1856,.T.);
#1331=FACE_OUTER_BOUND('',#1857,.T.);
#1332=FACE_OUTER_BOUND('',#1858,.T.);
#1333=FACE_OUTER_BOUND('',#1859,.T.);
#1334=FACE_OUTER_BOUND('',#1860,.T.);
#1335=FACE_OUTER_BOUND('',#1861,.T.);
#1336=FACE_OUTER_BOUND('',#1862,.T.);
#1337=FACE_OUTER_BOUND('',#1863,.T.);
#1338=FACE_OUTER_BOUND('',#1864,.T.);
#1339=FACE_OUTER_BOUND('',#1865,.T.);
#1340=FACE_OUTER_BOUND('',#1866,.T.);
#1341=FACE_OUTER_BOUND('',#1867,.T.);
#1342=FACE_OUTER_BOUND('',#1868,.T.);
#1343=FACE_OUTER_BOUND('',#1869,.T.);
#1344=FACE_OUTER_BOUND('',#1870,.T.);
#1345=FACE_OUTER_BOUND('',#1871,.T.);
#1346=FACE_OUTER_BOUND('',#1872,.T.);
#1347=FACE_OUTER_BOUND('',#1873,.T.);
#1348=EDGE_LOOP('',(#5318,#5319,#5320,#5321));
#1349=EDGE_LOOP('',(#5322));
#1350=EDGE_LOOP('',(#5323,#5324,#5325,#5326));
#1351=EDGE_LOOP('',(#5327));
#1352=EDGE_LOOP('',(#5328,#5329,#5330,#5331));
#1353=EDGE_LOOP('',(#5332));
#1354=EDGE_LOOP('',(#5333,#5334,#5335,#5336));
#1355=EDGE_LOOP('',(#5337));
#1356=EDGE_LOOP('',(#5338,#5339,#5340,#5341));
#1357=EDGE_LOOP('',(#5342,#5343,#5344,#5345));
#1358=EDGE_LOOP('',(#5346,#5347,#5348,#5349));
#1359=EDGE_LOOP('',(#5350,#5351,#5352,#5353));
#1360=EDGE_LOOP('',(#5354,#5355,#5356,#5357));
#1361=EDGE_LOOP('',(#5358,#5359,#5360,#5361));
#1362=EDGE_LOOP('',(#5362,#5363,#5364,#5365));
#1363=EDGE_LOOP('',(#5366,#5367,#5368,#5369));
#1364=EDGE_LOOP('',(#5370,#5371,#5372,#5373));
#1365=EDGE_LOOP('',(#5374,#5375,#5376,#5377));
#1366=EDGE_LOOP('',(#5378,#5379,#5380,#5381));
#1367=EDGE_LOOP('',(#5382,#5383,#5384,#5385));
#1368=EDGE_LOOP('',(#5386,#5387,#5388,#5389));
#1369=EDGE_LOOP('',(#5390,#5391,#5392,#5393));
#1370=EDGE_LOOP('',(#5394,#5395,#5396,#5397));
#1371=EDGE_LOOP('',(#5398,#5399,#5400,#5401));
#1372=EDGE_LOOP('',(#5402,#5403,#5404,#5405));
#1373=EDGE_LOOP('',(#5406));
#1374=EDGE_LOOP('',(#5407,#5408,#5409,#5410));
#1375=EDGE_LOOP('',(#5411,#5412,#5413,#5414));
#1376=EDGE_LOOP('',(#5415,#5416,#5417,#5418,#5419,#5420,#5421,#5422,#5423,
#5424,#5425,#5426));
#1377=EDGE_LOOP('',(#5427,#5428,#5429,#5430));
#1378=EDGE_LOOP('',(#5431,#5432,#5433,#5434));
#1379=EDGE_LOOP('',(#5435,#5436,#5437,#5438));
#1380=EDGE_LOOP('',(#5439,#5440,#5441,#5442));
#1381=EDGE_LOOP('',(#5443,#5444,#5445,#5446));
#1382=EDGE_LOOP('',(#5447,#5448,#5449,#5450));
#1383=EDGE_LOOP('',(#5451,#5452,#5453,#5454));
#1384=EDGE_LOOP('',(#5455,#5456,#5457,#5458,#5459,#5460,#5461,#5462));
#1385=EDGE_LOOP('',(#5463,#5464,#5465,#5466,#5467,#5468,#5469,#5470));
#1386=EDGE_LOOP('',(#5471,#5472,#5473,#5474));
#1387=EDGE_LOOP('',(#5475,#5476,#5477,#5478));
#1388=EDGE_LOOP('',(#5479,#5480,#5481,#5482));
#1389=EDGE_LOOP('',(#5483,#5484,#5485,#5486));
#1390=EDGE_LOOP('',(#5487,#5488,#5489,#5490));
#1391=EDGE_LOOP('',(#5491,#5492,#5493,#5494));
#1392=EDGE_LOOP('',(#5495,#5496,#5497,#5498));
#1393=EDGE_LOOP('',(#5499,#5500,#5501,#5502));
#1394=EDGE_LOOP('',(#5503,#5504,#5505,#5506));
#1395=EDGE_LOOP('',(#5507,#5508,#5509,#5510));
#1396=EDGE_LOOP('',(#5511,#5512,#5513,#5514));
#1397=EDGE_LOOP('',(#5515,#5516,#5517,#5518));
#1398=EDGE_LOOP('',(#5519,#5520,#5521,#5522));
#1399=EDGE_LOOP('',(#5523,#5524,#5525,#5526));
#1400=EDGE_LOOP('',(#5527,#5528,#5529,#5530));
#1401=EDGE_LOOP('',(#5531,#5532,#5533,#5534));
#1402=EDGE_LOOP('',(#5535,#5536,#5537,#5538));
#1403=EDGE_LOOP('',(#5539,#5540,#5541,#5542));
#1404=EDGE_LOOP('',(#5543,#5544,#5545,#5546));
#1405=EDGE_LOOP('',(#5547,#5548,#5549,#5550));
#1406=EDGE_LOOP('',(#5551,#5552,#5553,#5554));
#1407=EDGE_LOOP('',(#5555,#5556,#5557,#5558));
#1408=EDGE_LOOP('',(#5559,#5560,#5561,#5562));
#1409=EDGE_LOOP('',(#5563,#5564,#5565,#5566));
#1410=EDGE_LOOP('',(#5567,#5568,#5569,#5570));
#1411=EDGE_LOOP('',(#5571,#5572,#5573,#5574));
#1412=EDGE_LOOP('',(#5575,#5576,#5577,#5578));
#1413=EDGE_LOOP('',(#5579,#5580,#5581,#5582));
#1414=EDGE_LOOP('',(#5583,#5584,#5585,#5586));
#1415=EDGE_LOOP('',(#5587,#5588,#5589,#5590,#5591,#5592,#5593,#5594));
#1416=EDGE_LOOP('',(#5595,#5596,#5597,#5598,#5599,#5600,#5601,#5602));
#1417=EDGE_LOOP('',(#5603));
#1418=EDGE_LOOP('',(#5604));
#1419=EDGE_LOOP('',(#5605));
#1420=EDGE_LOOP('',(#5606));
#1421=EDGE_LOOP('',(#5607,#5608,#5609,#5610));
#1422=EDGE_LOOP('',(#5611,#5612,#5613,#5614));
#1423=EDGE_LOOP('',(#5615,#5616,#5617,#5618));
#1424=EDGE_LOOP('',(#5619,#5620,#5621,#5622));
#1425=EDGE_LOOP('',(#5623,#5624,#5625,#5626));
#1426=EDGE_LOOP('',(#5627,#5628,#5629,#5630));
#1427=EDGE_LOOP('',(#5631));
#1428=EDGE_LOOP('',(#5632,#5633,#5634,#5635));
#1429=EDGE_LOOP('',(#5636));
#1430=EDGE_LOOP('',(#5637,#5638,#5639,#5640));
#1431=EDGE_LOOP('',(#5641));
#1432=EDGE_LOOP('',(#5642,#5643,#5644,#5645));
#1433=EDGE_LOOP('',(#5646));
#1434=EDGE_LOOP('',(#5647,#5648,#5649,#5650));
#1435=EDGE_LOOP('',(#5651));
#1436=EDGE_LOOP('',(#5652));
#1437=EDGE_LOOP('',(#5653,#5654,#5655,#5656));
#1438=EDGE_LOOP('',(#5657));
#1439=EDGE_LOOP('',(#5658));
#1440=EDGE_LOOP('',(#5659,#5660,#5661,#5662));
#1441=EDGE_LOOP('',(#5663));
#1442=EDGE_LOOP('',(#5664));
#1443=EDGE_LOOP('',(#5665,#5666,#5667,#5668));
#1444=EDGE_LOOP('',(#5669));
#1445=EDGE_LOOP('',(#5670));
#1446=EDGE_LOOP('',(#5671,#5672,#5673,#5674));
#1447=EDGE_LOOP('',(#5675,#5676,#5677,#5678));
#1448=EDGE_LOOP('',(#5679));
#1449=EDGE_LOOP('',(#5680,#5681,#5682,#5683));
#1450=EDGE_LOOP('',(#5684,#5685,#5686,#5687));
#1451=EDGE_LOOP('',(#5688,#5689,#5690,#5691));
#1452=EDGE_LOOP('',(#5692,#5693,#5694,#5695,#5696,#5697,#5698,#5699,#5700,
#5701,#5702,#5703));
#1453=EDGE_LOOP('',(#5704,#5705,#5706,#5707,#5708,#5709,#5710,#5711));
#1454=EDGE_LOOP('',(#5712,#5713,#5714,#5715,#5716,#5717,#5718,#5719));
#1455=EDGE_LOOP('',(#5720));
#1456=EDGE_LOOP('',(#5721));
#1457=EDGE_LOOP('',(#5722));
#1458=EDGE_LOOP('',(#5723));
#1459=EDGE_LOOP('',(#5724,#5725,#5726,#5727,#5728,#5729,#5730,#5731));
#1460=EDGE_LOOP('',(#5732,#5733,#5734,#5735,#5736,#5737,#5738,#5739));
#1461=EDGE_LOOP('',(#5740,#5741,#5742,#5743,#5744,#5745,#5746,#5747));
#1462=EDGE_LOOP('',(#5748,#5749,#5750,#5751,#5752,#5753,#5754,#5755));
#1463=EDGE_LOOP('',(#5756,#5757,#5758,#5759));
#1464=EDGE_LOOP('',(#5760,#5761,#5762,#5763));
#1465=EDGE_LOOP('',(#5764,#5765,#5766,#5767));
#1466=EDGE_LOOP('',(#5768,#5769,#5770,#5771));
#1467=EDGE_LOOP('',(#5772,#5773,#5774,#5775));
#1468=EDGE_LOOP('',(#5776,#5777,#5778,#5779));
#1469=EDGE_LOOP('',(#5780,#5781,#5782,#5783,#5784,#5785,#5786,#5787,#5788,
#5789,#5790,#5791,#5792,#5793,#5794,#5795,#5796,#5797));
#1470=EDGE_LOOP('',(#5798));
#1471=EDGE_LOOP('',(#5799));
#1472=EDGE_LOOP('',(#5800));
#1473=EDGE_LOOP('',(#5801));
#1474=EDGE_LOOP('',(#5802));
#1475=EDGE_LOOP('',(#5803,#5804,#5805,#5806));
#1476=EDGE_LOOP('',(#5807,#5808,#5809,#5810));
#1477=EDGE_LOOP('',(#5811,#5812,#5813,#5814));
#1478=EDGE_LOOP('',(#5815,#5816,#5817,#5818));
#1479=EDGE_LOOP('',(#5819,#5820,#5821,#5822));
#1480=EDGE_LOOP('',(#5823,#5824,#5825,#5826));
#1481=EDGE_LOOP('',(#5827,#5828,#5829,#5830));
#1482=EDGE_LOOP('',(#5831,#5832,#5833,#5834));
#1483=EDGE_LOOP('',(#5835,#5836,#5837,#5838));
#1484=EDGE_LOOP('',(#5839,#5840,#5841,#5842));
#1485=EDGE_LOOP('',(#5843,#5844,#5845,#5846));
#1486=EDGE_LOOP('',(#5847,#5848,#5849,#5850));
#1487=EDGE_LOOP('',(#5851,#5852,#5853,#5854));
#1488=EDGE_LOOP('',(#5855,#5856,#5857,#5858));
#1489=EDGE_LOOP('',(#5859,#5860,#5861,#5862));
#1490=EDGE_LOOP('',(#5863,#5864,#5865,#5866,#5867,#5868,#5869,#5870));
#1491=EDGE_LOOP('',(#5871,#5872,#5873,#5874,#5875,#5876,#5877,#5878,#5879,
#5880,#5881,#5882,#5883,#5884,#5885,#5886,#5887,#5888));
#1492=EDGE_LOOP('',(#5889,#5890,#5891,#5892));
#1493=EDGE_LOOP('',(#5893,#5894,#5895,#5896));
#1494=EDGE_LOOP('',(#5897,#5898,#5899,#5900));
#1495=EDGE_LOOP('',(#5901,#5902,#5903,#5904));
#1496=EDGE_LOOP('',(#5905,#5906,#5907,#5908));
#1497=EDGE_LOOP('',(#5909,#5910,#5911,#5912));
#1498=EDGE_LOOP('',(#5913,#5914,#5915,#5916));
#1499=EDGE_LOOP('',(#5917,#5918,#5919,#5920));
#1500=EDGE_LOOP('',(#5921,#5922,#5923,#5924));
#1501=EDGE_LOOP('',(#5925,#5926,#5927,#5928,#5929,#5930,#5931,#5932));
#1502=EDGE_LOOP('',(#5933));
#1503=EDGE_LOOP('',(#5934));
#1504=EDGE_LOOP('',(#5935));
#1505=EDGE_LOOP('',(#5936));
#1506=EDGE_LOOP('',(#5937));
#1507=EDGE_LOOP('',(#5938,#5939,#5940,#5941));
#1508=EDGE_LOOP('',(#5942));
#1509=EDGE_LOOP('',(#5943));
#1510=EDGE_LOOP('',(#5944));
#1511=EDGE_LOOP('',(#5945));
#1512=EDGE_LOOP('',(#5946,#5947,#5948,#5949));
#1513=EDGE_LOOP('',(#5950));
#1514=EDGE_LOOP('',(#5951));
#1515=EDGE_LOOP('',(#5952));
#1516=EDGE_LOOP('',(#5953,#5954,#5955,#5956));
#1517=EDGE_LOOP('',(#5957));
#1518=EDGE_LOOP('',(#5958));
#1519=EDGE_LOOP('',(#5959));
#1520=EDGE_LOOP('',(#5960,#5961,#5962,#5963));
#1521=EDGE_LOOP('',(#5964));
#1522=EDGE_LOOP('',(#5965,#5966,#5967,#5968));
#1523=EDGE_LOOP('',(#5969));
#1524=EDGE_LOOP('',(#5970));
#1525=EDGE_LOOP('',(#5971));
#1526=EDGE_LOOP('',(#5972,#5973,#5974,#5975));
#1527=EDGE_LOOP('',(#5976));
#1528=EDGE_LOOP('',(#5977,#5978,#5979,#5980));
#1529=EDGE_LOOP('',(#5981));
#1530=EDGE_LOOP('',(#5982));
#1531=EDGE_LOOP('',(#5983));
#1532=EDGE_LOOP('',(#5984,#5985,#5986,#5987));
#1533=EDGE_LOOP('',(#5988));
#1534=EDGE_LOOP('',(#5989,#5990,#5991,#5992));
#1535=EDGE_LOOP('',(#5993));
#1536=EDGE_LOOP('',(#5994));
#1537=EDGE_LOOP('',(#5995));
#1538=EDGE_LOOP('',(#5996,#5997,#5998,#5999));
#1539=EDGE_LOOP('',(#6000));
#1540=EDGE_LOOP('',(#6001,#6002,#6003,#6004));
#1541=EDGE_LOOP('',(#6005));
#1542=EDGE_LOOP('',(#6006,#6007,#6008,#6009));
#1543=EDGE_LOOP('',(#6010,#6011,#6012,#6013));
#1544=EDGE_LOOP('',(#6014,#6015,#6016,#6017));
#1545=EDGE_LOOP('',(#6018,#6019,#6020,#6021));
#1546=EDGE_LOOP('',(#6022,#6023,#6024,#6025));
#1547=EDGE_LOOP('',(#6026,#6027,#6028,#6029));
#1548=EDGE_LOOP('',(#6030,#6031,#6032,#6033));
#1549=EDGE_LOOP('',(#6034,#6035,#6036,#6037));
#1550=EDGE_LOOP('',(#6038,#6039,#6040,#6041));
#1551=EDGE_LOOP('',(#6042,#6043,#6044,#6045));
#1552=EDGE_LOOP('',(#6046,#6047,#6048,#6049));
#1553=EDGE_LOOP('',(#6050,#6051,#6052,#6053));
#1554=EDGE_LOOP('',(#6054,#6055,#6056,#6057));
#1555=EDGE_LOOP('',(#6058,#6059,#6060,#6061));
#1556=EDGE_LOOP('',(#6062,#6063,#6064,#6065));
#1557=EDGE_LOOP('',(#6066,#6067,#6068,#6069));
#1558=EDGE_LOOP('',(#6070,#6071,#6072,#6073));
#1559=EDGE_LOOP('',(#6074,#6075,#6076,#6077));
#1560=EDGE_LOOP('',(#6078,#6079,#6080,#6081));
#1561=EDGE_LOOP('',(#6082,#6083,#6084,#6085));
#1562=EDGE_LOOP('',(#6086,#6087,#6088,#6089));
#1563=EDGE_LOOP('',(#6090,#6091,#6092,#6093));
#1564=EDGE_LOOP('',(#6094,#6095,#6096,#6097));
#1565=EDGE_LOOP('',(#6098,#6099,#6100,#6101));
#1566=EDGE_LOOP('',(#6102,#6103,#6104,#6105));
#1567=EDGE_LOOP('',(#6106,#6107,#6108,#6109));
#1568=EDGE_LOOP('',(#6110,#6111,#6112,#6113));
#1569=EDGE_LOOP('',(#6114,#6115,#6116,#6117));
#1570=EDGE_LOOP('',(#6118,#6119,#6120,#6121));
#1571=EDGE_LOOP('',(#6122,#6123,#6124,#6125));
#1572=EDGE_LOOP('',(#6126,#6127,#6128,#6129));
#1573=EDGE_LOOP('',(#6130,#6131,#6132,#6133));
#1574=EDGE_LOOP('',(#6134,#6135,#6136,#6137));
#1575=EDGE_LOOP('',(#6138,#6139,#6140,#6141));
#1576=EDGE_LOOP('',(#6142,#6143,#6144,#6145));
#1577=EDGE_LOOP('',(#6146,#6147,#6148,#6149));
#1578=EDGE_LOOP('',(#6150,#6151,#6152,#6153));
#1579=EDGE_LOOP('',(#6154,#6155,#6156,#6157));
#1580=EDGE_LOOP('',(#6158,#6159,#6160,#6161));
#1581=EDGE_LOOP('',(#6162,#6163,#6164,#6165));
#1582=EDGE_LOOP('',(#6166,#6167,#6168,#6169));
#1583=EDGE_LOOP('',(#6170,#6171,#6172,#6173));
#1584=EDGE_LOOP('',(#6174,#6175,#6176,#6177));
#1585=EDGE_LOOP('',(#6178,#6179,#6180,#6181));
#1586=EDGE_LOOP('',(#6182,#6183,#6184,#6185));
#1587=EDGE_LOOP('',(#6186,#6187,#6188,#6189));
#1588=EDGE_LOOP('',(#6190,#6191,#6192,#6193));
#1589=EDGE_LOOP('',(#6194,#6195,#6196,#6197));
#1590=EDGE_LOOP('',(#6198,#6199,#6200,#6201,#6202,#6203,#6204,#6205,#6206,
#6207,#6208,#6209,#6210,#6211,#6212,#6213,#6214,#6215,#6216,#6217,#6218,
#6219,#6220,#6221,#6222,#6223,#6224));
#1591=EDGE_LOOP('',(#6225,#6226,#6227,#6228,#6229,#6230,#6231,#6232,#6233));
#1592=EDGE_LOOP('',(#6234,#6235,#6236,#6237,#6238,#6239,#6240,#6241,#6242,
#6243,#6244,#6245,#6246,#6247,#6248,#6249,#6250,#6251,#6252,#6253,#6254,
#6255,#6256,#6257,#6258,#6259,#6260));
#1593=EDGE_LOOP('',(#6261,#6262,#6263,#6264,#6265,#6266,#6267,#6268,#6269));
#1594=EDGE_LOOP('',(#6270,#6271,#6272,#6273));
#1595=EDGE_LOOP('',(#6274,#6275,#6276,#6277));
#1596=EDGE_LOOP('',(#6278,#6279,#6280,#6281));
#1597=EDGE_LOOP('',(#6282,#6283,#6284,#6285));
#1598=EDGE_LOOP('',(#6286,#6287,#6288,#6289));
#1599=EDGE_LOOP('',(#6290,#6291,#6292,#6293));
#1600=EDGE_LOOP('',(#6294,#6295,#6296,#6297));
#1601=EDGE_LOOP('',(#6298,#6299,#6300,#6301));
#1602=EDGE_LOOP('',(#6302,#6303,#6304,#6305));
#1603=EDGE_LOOP('',(#6306,#6307,#6308,#6309));
#1604=EDGE_LOOP('',(#6310,#6311,#6312,#6313));
#1605=EDGE_LOOP('',(#6314,#6315,#6316,#6317));
#1606=EDGE_LOOP('',(#6318,#6319,#6320,#6321));
#1607=EDGE_LOOP('',(#6322,#6323,#6324,#6325));
#1608=EDGE_LOOP('',(#6326,#6327,#6328,#6329));
#1609=EDGE_LOOP('',(#6330,#6331,#6332,#6333));
#1610=EDGE_LOOP('',(#6334,#6335,#6336,#6337,#6338,#6339,#6340,#6341));
#1611=EDGE_LOOP('',(#6342,#6343,#6344,#6345,#6346,#6347,#6348,#6349));
#1612=EDGE_LOOP('',(#6350,#6351,#6352,#6353,#6354,#6355,#6356,#6357));
#1613=EDGE_LOOP('',(#6358,#6359,#6360,#6361,#6362,#6363,#6364,#6365));
#1614=EDGE_LOOP('',(#6366,#6367,#6368,#6369));
#1615=EDGE_LOOP('',(#6370,#6371,#6372,#6373));
#1616=EDGE_LOOP('',(#6374,#6375,#6376,#6377));
#1617=EDGE_LOOP('',(#6378,#6379,#6380,#6381));
#1618=EDGE_LOOP('',(#6382,#6383,#6384,#6385));
#1619=EDGE_LOOP('',(#6386,#6387,#6388,#6389));
#1620=EDGE_LOOP('',(#6390,#6391,#6392,#6393));
#1621=EDGE_LOOP('',(#6394,#6395,#6396,#6397));
#1622=EDGE_LOOP('',(#6398,#6399,#6400,#6401));
#1623=EDGE_LOOP('',(#6402,#6403,#6404,#6405));
#1624=EDGE_LOOP('',(#6406,#6407,#6408,#6409));
#1625=EDGE_LOOP('',(#6410,#6411,#6412,#6413));
#1626=EDGE_LOOP('',(#6414,#6415,#6416,#6417));
#1627=EDGE_LOOP('',(#6418,#6419,#6420,#6421));
#1628=EDGE_LOOP('',(#6422,#6423,#6424,#6425));
#1629=EDGE_LOOP('',(#6426,#6427,#6428,#6429));
#1630=EDGE_LOOP('',(#6430,#6431,#6432,#6433,#6434,#6435,#6436,#6437));
#1631=EDGE_LOOP('',(#6438,#6439,#6440,#6441,#6442,#6443,#6444,#6445));
#1632=EDGE_LOOP('',(#6446,#6447,#6448,#6449,#6450,#6451,#6452,#6453));
#1633=EDGE_LOOP('',(#6454,#6455,#6456,#6457,#6458,#6459,#6460,#6461));
#1634=EDGE_LOOP('',(#6462,#6463,#6464,#6465));
#1635=EDGE_LOOP('',(#6466,#6467,#6468,#6469));
#1636=EDGE_LOOP('',(#6470,#6471,#6472,#6473));
#1637=EDGE_LOOP('',(#6474,#6475,#6476,#6477));
#1638=EDGE_LOOP('',(#6478,#6479,#6480,#6481));
#1639=EDGE_LOOP('',(#6482,#6483,#6484,#6485));
#1640=EDGE_LOOP('',(#6486,#6487,#6488,#6489));
#1641=EDGE_LOOP('',(#6490,#6491,#6492,#6493));
#1642=EDGE_LOOP('',(#6494,#6495,#6496,#6497));
#1643=EDGE_LOOP('',(#6498,#6499,#6500,#6501));
#1644=EDGE_LOOP('',(#6502,#6503,#6504,#6505));
#1645=EDGE_LOOP('',(#6506,#6507,#6508,#6509));
#1646=EDGE_LOOP('',(#6510,#6511,#6512,#6513));
#1647=EDGE_LOOP('',(#6514,#6515,#6516,#6517));
#1648=EDGE_LOOP('',(#6518,#6519,#6520,#6521));
#1649=EDGE_LOOP('',(#6522,#6523,#6524,#6525));
#1650=EDGE_LOOP('',(#6526,#6527,#6528,#6529));
#1651=EDGE_LOOP('',(#6530,#6531,#6532,#6533));
#1652=EDGE_LOOP('',(#6534,#6535,#6536,#6537));
#1653=EDGE_LOOP('',(#6538,#6539,#6540,#6541));
#1654=EDGE_LOOP('',(#6542,#6543,#6544,#6545));
#1655=EDGE_LOOP('',(#6546,#6547,#6548,#6549));
#1656=EDGE_LOOP('',(#6550,#6551,#6552,#6553));
#1657=EDGE_LOOP('',(#6554,#6555,#6556,#6557));
#1658=EDGE_LOOP('',(#6558,#6559,#6560,#6561));
#1659=EDGE_LOOP('',(#6562,#6563,#6564,#6565));
#1660=EDGE_LOOP('',(#6566,#6567,#6568,#6569));
#1661=EDGE_LOOP('',(#6570,#6571,#6572,#6573));
#1662=EDGE_LOOP('',(#6574,#6575,#6576,#6577));
#1663=EDGE_LOOP('',(#6578,#6579,#6580,#6581));
#1664=EDGE_LOOP('',(#6582,#6583,#6584,#6585));
#1665=EDGE_LOOP('',(#6586,#6587,#6588,#6589));
#1666=EDGE_LOOP('',(#6590,#6591,#6592,#6593));
#1667=EDGE_LOOP('',(#6594,#6595,#6596,#6597,#6598,#6599,#6600,#6601,#6602,
#6603,#6604,#6605,#6606));
#1668=EDGE_LOOP('',(#6607,#6608,#6609,#6610,#6611,#6612,#6613));
#1669=EDGE_LOOP('',(#6614,#6615,#6616,#6617,#6618,#6619,#6620));
#1670=EDGE_LOOP('',(#6621,#6622,#6623,#6624,#6625,#6626,#6627,#6628,#6629,
#6630,#6631,#6632,#6633));
#1671=EDGE_LOOP('',(#6634,#6635,#6636,#6637,#6638,#6639,#6640));
#1672=EDGE_LOOP('',(#6641,#6642,#6643,#6644,#6645,#6646,#6647));
#1673=EDGE_LOOP('',(#6648,#6649,#6650,#6651));
#1674=EDGE_LOOP('',(#6652,#6653,#6654,#6655));
#1675=EDGE_LOOP('',(#6656,#6657,#6658,#6659));
#1676=EDGE_LOOP('',(#6660,#6661,#6662,#6663));
#1677=EDGE_LOOP('',(#6664,#6665,#6666,#6667));
#1678=EDGE_LOOP('',(#6668,#6669,#6670,#6671));
#1679=EDGE_LOOP('',(#6672,#6673,#6674,#6675));
#1680=EDGE_LOOP('',(#6676,#6677,#6678,#6679));
#1681=EDGE_LOOP('',(#6680,#6681,#6682,#6683));
#1682=EDGE_LOOP('',(#6684,#6685,#6686,#6687));
#1683=EDGE_LOOP('',(#6688,#6689,#6690,#6691));
#1684=EDGE_LOOP('',(#6692,#6693,#6694,#6695,#6696,#6697,#6698,#6699));
#1685=EDGE_LOOP('',(#6700,#6701,#6702));
#1686=EDGE_LOOP('',(#6703,#6704,#6705,#6706,#6707,#6708,#6709,#6710));
#1687=EDGE_LOOP('',(#6711,#6712,#6713));
#1688=EDGE_LOOP('',(#6714,#6715,#6716,#6717));
#1689=EDGE_LOOP('',(#6718,#6719,#6720,#6721));
#1690=EDGE_LOOP('',(#6722,#6723,#6724,#6725));
#1691=EDGE_LOOP('',(#6726,#6727,#6728,#6729));
#1692=EDGE_LOOP('',(#6730,#6731,#6732,#6733));
#1693=EDGE_LOOP('',(#6734,#6735,#6736,#6737));
#1694=EDGE_LOOP('',(#6738,#6739,#6740,#6741));
#1695=EDGE_LOOP('',(#6742,#6743,#6744,#6745));
#1696=EDGE_LOOP('',(#6746,#6747,#6748,#6749));
#1697=EDGE_LOOP('',(#6750,#6751,#6752,#6753));
#1698=EDGE_LOOP('',(#6754,#6755,#6756,#6757));
#1699=EDGE_LOOP('',(#6758,#6759,#6760,#6761));
#1700=EDGE_LOOP('',(#6762,#6763,#6764,#6765));
#1701=EDGE_LOOP('',(#6766,#6767,#6768,#6769));
#1702=EDGE_LOOP('',(#6770,#6771,#6772,#6773));
#1703=EDGE_LOOP('',(#6774,#6775,#6776,#6777));
#1704=EDGE_LOOP('',(#6778,#6779,#6780,#6781));
#1705=EDGE_LOOP('',(#6782,#6783,#6784,#6785));
#1706=EDGE_LOOP('',(#6786,#6787,#6788,#6789));
#1707=EDGE_LOOP('',(#6790,#6791,#6792,#6793));
#1708=EDGE_LOOP('',(#6794,#6795,#6796,#6797));
#1709=EDGE_LOOP('',(#6798,#6799,#6800,#6801));
#1710=EDGE_LOOP('',(#6802,#6803,#6804,#6805));
#1711=EDGE_LOOP('',(#6806,#6807,#6808,#6809));
#1712=EDGE_LOOP('',(#6810,#6811,#6812,#6813));
#1713=EDGE_LOOP('',(#6814,#6815,#6816,#6817));
#1714=EDGE_LOOP('',(#6818,#6819,#6820,#6821));
#1715=EDGE_LOOP('',(#6822,#6823,#6824,#6825));
#1716=EDGE_LOOP('',(#6826,#6827,#6828,#6829));
#1717=EDGE_LOOP('',(#6830,#6831,#6832,#6833));
#1718=EDGE_LOOP('',(#6834,#6835,#6836,#6837));
#1719=EDGE_LOOP('',(#6838,#6839,#6840,#6841));
#1720=EDGE_LOOP('',(#6842,#6843,#6844,#6845));
#1721=EDGE_LOOP('',(#6846,#6847,#6848,#6849));
#1722=EDGE_LOOP('',(#6850,#6851,#6852,#6853));
#1723=EDGE_LOOP('',(#6854,#6855,#6856,#6857));
#1724=EDGE_LOOP('',(#6858,#6859,#6860,#6861,#6862,#6863,#6864,#6865,#6866,
#6867,#6868,#6869,#6870,#6871,#6872,#6873,#6874,#6875,#6876,#6877,#6878,
#6879,#6880,#6881,#6882,#6883,#6884));
#1725=EDGE_LOOP('',(#6885,#6886,#6887,#6888,#6889,#6890,#6891,#6892,#6893));
#1726=EDGE_LOOP('',(#6894,#6895,#6896,#6897,#6898,#6899,#6900,#6901,#6902,
#6903,#6904,#6905,#6906,#6907,#6908,#6909,#6910,#6911,#6912,#6913,#6914,
#6915,#6916,#6917,#6918,#6919,#6920));
#1727=EDGE_LOOP('',(#6921,#6922,#6923,#6924,#6925,#6926,#6927,#6928,#6929));
#1728=EDGE_LOOP('',(#6930,#6931,#6932,#6933));
#1729=EDGE_LOOP('',(#6934,#6935,#6936,#6937));
#1730=EDGE_LOOP('',(#6938,#6939,#6940,#6941));
#1731=EDGE_LOOP('',(#6942,#6943,#6944,#6945));
#1732=EDGE_LOOP('',(#6946,#6947,#6948,#6949));
#1733=EDGE_LOOP('',(#6950,#6951,#6952,#6953));
#1734=EDGE_LOOP('',(#6954,#6955,#6956,#6957));
#1735=EDGE_LOOP('',(#6958,#6959,#6960,#6961));
#1736=EDGE_LOOP('',(#6962,#6963,#6964,#6965));
#1737=EDGE_LOOP('',(#6966,#6967,#6968,#6969));
#1738=EDGE_LOOP('',(#6970,#6971,#6972,#6973));
#1739=EDGE_LOOP('',(#6974,#6975,#6976,#6977));
#1740=EDGE_LOOP('',(#6978,#6979,#6980,#6981));
#1741=EDGE_LOOP('',(#6982,#6983,#6984,#6985));
#1742=EDGE_LOOP('',(#6986,#6987,#6988,#6989));
#1743=EDGE_LOOP('',(#6990,#6991,#6992,#6993));
#1744=EDGE_LOOP('',(#6994,#6995,#6996,#6997));
#1745=EDGE_LOOP('',(#6998,#6999,#7000,#7001));
#1746=EDGE_LOOP('',(#7002,#7003,#7004,#7005));
#1747=EDGE_LOOP('',(#7006,#7007,#7008,#7009));
#1748=EDGE_LOOP('',(#7010,#7011,#7012,#7013));
#1749=EDGE_LOOP('',(#7014,#7015,#7016,#7017));
#1750=EDGE_LOOP('',(#7018,#7019,#7020,#7021));
#1751=EDGE_LOOP('',(#7022,#7023,#7024,#7025));
#1752=EDGE_LOOP('',(#7026,#7027,#7028,#7029));
#1753=EDGE_LOOP('',(#7030,#7031,#7032,#7033));
#1754=EDGE_LOOP('',(#7034,#7035,#7036,#7037));
#1755=EDGE_LOOP('',(#7038,#7039,#7040,#7041));
#1756=EDGE_LOOP('',(#7042,#7043,#7044,#7045,#7046,#7047,#7048,#7049,#7050,
#7051,#7052,#7053,#7054,#7055,#7056,#7057,#7058));
#1757=EDGE_LOOP('',(#7059,#7060,#7061,#7062,#7063));
#1758=EDGE_LOOP('',(#7064,#7065,#7066,#7067,#7068,#7069,#7070,#7071,#7072,
#7073,#7074,#7075,#7076,#7077,#7078,#7079,#7080));
#1759=EDGE_LOOP('',(#7081,#7082,#7083,#7084,#7085));
#1760=EDGE_LOOP('',(#7086,#7087,#7088,#7089));
#1761=EDGE_LOOP('',(#7090,#7091,#7092,#7093));
#1762=EDGE_LOOP('',(#7094,#7095,#7096,#7097));
#1763=EDGE_LOOP('',(#7098,#7099,#7100,#7101));
#1764=EDGE_LOOP('',(#7102,#7103,#7104,#7105));
#1765=EDGE_LOOP('',(#7106,#7107,#7108,#7109));
#1766=EDGE_LOOP('',(#7110,#7111,#7112,#7113));
#1767=EDGE_LOOP('',(#7114,#7115,#7116,#7117));
#1768=EDGE_LOOP('',(#7118,#7119,#7120,#7121));
#1769=EDGE_LOOP('',(#7122,#7123,#7124,#7125));
#1770=EDGE_LOOP('',(#7126,#7127,#7128,#7129));
#1771=EDGE_LOOP('',(#7130,#7131,#7132,#7133));
#1772=EDGE_LOOP('',(#7134,#7135,#7136,#7137));
#1773=EDGE_LOOP('',(#7138,#7139,#7140,#7141));
#1774=EDGE_LOOP('',(#7142,#7143,#7144,#7145));
#1775=EDGE_LOOP('',(#7146,#7147,#7148,#7149));
#1776=EDGE_LOOP('',(#7150,#7151,#7152,#7153,#7154,#7155,#7156,#7157,#7158,
#7159,#7160,#7161,#7162,#7163,#7164,#7165));
#1777=EDGE_LOOP('',(#7166,#7167,#7168,#7169,#7170,#7171,#7172,#7173,#7174,
#7175,#7176,#7177,#7178,#7179,#7180,#7181));
#1778=EDGE_LOOP('',(#7182,#7183,#7184,#7185));
#1779=EDGE_LOOP('',(#7186,#7187,#7188,#7189));
#1780=EDGE_LOOP('',(#7190,#7191,#7192,#7193));
#1781=EDGE_LOOP('',(#7194,#7195,#7196,#7197));
#1782=EDGE_LOOP('',(#7198,#7199,#7200,#7201));
#1783=EDGE_LOOP('',(#7202,#7203,#7204,#7205));
#1784=EDGE_LOOP('',(#7206,#7207,#7208,#7209));
#1785=EDGE_LOOP('',(#7210,#7211,#7212,#7213));
#1786=EDGE_LOOP('',(#7214,#7215,#7216,#7217));
#1787=EDGE_LOOP('',(#7218,#7219,#7220,#7221));
#1788=EDGE_LOOP('',(#7222,#7223,#7224,#7225));
#1789=EDGE_LOOP('',(#7226,#7227,#7228,#7229));
#1790=EDGE_LOOP('',(#7230,#7231,#7232,#7233));
#1791=EDGE_LOOP('',(#7234,#7235,#7236,#7237,#7238,#7239,#7240,#7241,#7242,
#7243,#7244,#7245,#7246));
#1792=EDGE_LOOP('',(#7247,#7248,#7249,#7250,#7251,#7252,#7253,#7254,#7255,
#7256,#7257,#7258,#7259));
#1793=EDGE_LOOP('',(#7260,#7261,#7262,#7263));
#1794=EDGE_LOOP('',(#7264,#7265,#7266,#7267));
#1795=EDGE_LOOP('',(#7268,#7269,#7270,#7271));
#1796=EDGE_LOOP('',(#7272,#7273,#7274,#7275));
#1797=EDGE_LOOP('',(#7276,#7277,#7278,#7279));
#1798=EDGE_LOOP('',(#7280,#7281,#7282,#7283));
#1799=EDGE_LOOP('',(#7284,#7285,#7286,#7287));
#1800=EDGE_LOOP('',(#7288,#7289,#7290,#7291));
#1801=EDGE_LOOP('',(#7292,#7293,#7294,#7295));
#1802=EDGE_LOOP('',(#7296,#7297,#7298,#7299));
#1803=EDGE_LOOP('',(#7300,#7301,#7302,#7303));
#1804=EDGE_LOOP('',(#7304,#7305,#7306,#7307));
#1805=EDGE_LOOP('',(#7308,#7309,#7310,#7311));
#1806=EDGE_LOOP('',(#7312,#7313,#7314,#7315));
#1807=EDGE_LOOP('',(#7316,#7317,#7318,#7319));
#1808=EDGE_LOOP('',(#7320,#7321,#7322,#7323));
#1809=EDGE_LOOP('',(#7324,#7325,#7326,#7327));
#1810=EDGE_LOOP('',(#7328,#7329,#7330,#7331));
#1811=EDGE_LOOP('',(#7332,#7333,#7334,#7335));
#1812=EDGE_LOOP('',(#7336,#7337,#7338,#7339));
#1813=EDGE_LOOP('',(#7340,#7341,#7342,#7343));
#1814=EDGE_LOOP('',(#7344,#7345,#7346,#7347));
#1815=EDGE_LOOP('',(#7348,#7349,#7350,#7351));
#1816=EDGE_LOOP('',(#7352,#7353,#7354,#7355));
#1817=EDGE_LOOP('',(#7356,#7357,#7358,#7359));
#1818=EDGE_LOOP('',(#7360,#7361,#7362,#7363));
#1819=EDGE_LOOP('',(#7364,#7365,#7366,#7367));
#1820=EDGE_LOOP('',(#7368,#7369,#7370,#7371,#7372,#7373,#7374,#7375,#7376,
#7377,#7378,#7379,#7380));
#1821=EDGE_LOOP('',(#7381,#7382,#7383,#7384,#7385,#7386,#7387,#7388));
#1822=EDGE_LOOP('',(#7389,#7390,#7391,#7392,#7393,#7394,#7395,#7396,#7397,
#7398,#7399,#7400,#7401));
#1823=EDGE_LOOP('',(#7402,#7403,#7404,#7405,#7406,#7407,#7408,#7409));
#1824=EDGE_LOOP('',(#7410,#7411,#7412,#7413));
#1825=EDGE_LOOP('',(#7414,#7415,#7416,#7417));
#1826=EDGE_LOOP('',(#7418,#7419,#7420,#7421));
#1827=EDGE_LOOP('',(#7422,#7423,#7424,#7425));
#1828=EDGE_LOOP('',(#7426,#7427,#7428,#7429));
#1829=EDGE_LOOP('',(#7430,#7431,#7432,#7433));
#1830=EDGE_LOOP('',(#7434,#7435,#7436,#7437));
#1831=EDGE_LOOP('',(#7438,#7439,#7440,#7441));
#1832=EDGE_LOOP('',(#7442,#7443,#7444,#7445));
#1833=EDGE_LOOP('',(#7446,#7447,#7448,#7449));
#1834=EDGE_LOOP('',(#7450,#7451,#7452,#7453));
#1835=EDGE_LOOP('',(#7454,#7455,#7456,#7457));
#1836=EDGE_LOOP('',(#7458,#7459,#7460,#7461));
#1837=EDGE_LOOP('',(#7462,#7463,#7464,#7465));
#1838=EDGE_LOOP('',(#7466,#7467,#7468,#7469));
#1839=EDGE_LOOP('',(#7470,#7471,#7472,#7473));
#1840=EDGE_LOOP('',(#7474,#7475,#7476,#7477,#7478,#7479,#7480,#7481,#7482));
#1841=EDGE_LOOP('',(#7483,#7484,#7485,#7486,#7487,#7488,#7489));
#1842=EDGE_LOOP('',(#7490,#7491,#7492,#7493,#7494,#7495,#7496,#7497,#7498));
#1843=EDGE_LOOP('',(#7499,#7500,#7501,#7502,#7503,#7504,#7505));
#1844=EDGE_LOOP('',(#7506,#7507,#7508,#7509));
#1845=EDGE_LOOP('',(#7510,#7511,#7512,#7513));
#1846=EDGE_LOOP('',(#7514,#7515,#7516,#7517));
#1847=EDGE_LOOP('',(#7518,#7519,#7520,#7521));
#1848=EDGE_LOOP('',(#7522,#7523,#7524,#7525));
#1849=EDGE_LOOP('',(#7526,#7527,#7528,#7529));
#1850=EDGE_LOOP('',(#7530,#7531,#7532,#7533));
#1851=EDGE_LOOP('',(#7534,#7535,#7536,#7537));
#1852=EDGE_LOOP('',(#7538,#7539,#7540,#7541));
#1853=EDGE_LOOP('',(#7542,#7543,#7544,#7545));
#1854=EDGE_LOOP('',(#7546,#7547,#7548,#7549));
#1855=EDGE_LOOP('',(#7550,#7551,#7552,#7553));
#1856=EDGE_LOOP('',(#7554,#7555,#7556,#7557));
#1857=EDGE_LOOP('',(#7558,#7559,#7560,#7561));
#1858=EDGE_LOOP('',(#7562,#7563,#7564,#7565));
#1859=EDGE_LOOP('',(#7566,#7567,#7568,#7569));
#1860=EDGE_LOOP('',(#7570,#7571,#7572,#7573,#7574,#7575,#7576,#7577,#7578,
#7579,#7580,#7581,#7582,#7583,#7584,#7585));
#1861=EDGE_LOOP('',(#7586,#7587,#7588,#7589,#7590,#7591,#7592,#7593,#7594,
#7595,#7596,#7597,#7598,#7599,#7600,#7601));
#1862=EDGE_LOOP('',(#7602,#7603,#7604,#7605));
#1863=EDGE_LOOP('',(#7606,#7607,#7608,#7609));
#1864=EDGE_LOOP('',(#7610,#7611,#7612,#7613));
#1865=EDGE_LOOP('',(#7614,#7615,#7616,#7617));
#1866=EDGE_LOOP('',(#7618,#7619,#7620,#7621));
#1867=EDGE_LOOP('',(#7622,#7623,#7624,#7625));
#1868=EDGE_LOOP('',(#7626,#7627,#7628,#7629));
#1869=EDGE_LOOP('',(#7630,#7631,#7632,#7633));
#1870=EDGE_LOOP('',(#7634,#7635,#7636,#7637));
#1871=EDGE_LOOP('',(#7638,#7639,#7640,#7641));
#1872=EDGE_LOOP('',(#7642,#7643,#7644,#7645,#7646,#7647,#7648,#7649,#7650,
#7651));
#1873=EDGE_LOOP('',(#7652,#7653,#7654,#7655,#7656,#7657,#7658,#7659,#7660,
#7661));
#1874=LINE('',#10140,#2562);
#1875=LINE('',#10147,#2563);
#1876=LINE('',#10154,#2564);
#1877=LINE('',#10161,#2565);
#1878=LINE('',#10167,#2566);
#1879=LINE('',#10169,#2567);
#1880=LINE('',#10171,#2568);
#1881=LINE('',#10172,#2569);
#1882=LINE('',#10175,#2570);
#1883=LINE('',#10177,#2571);
#1884=LINE('',#10178,#2572);
#1885=LINE('',#10181,#2573);
#1886=LINE('',#10183,#2574);
#1887=LINE('',#10184,#2575);
#1888=LINE('',#10186,#2576);
#1889=LINE('',#10187,#2577);
#1890=LINE('',#10191,#2578);
#1891=LINE('',#10193,#2579);
#1892=LINE('',#10195,#2580);
#1893=LINE('',#10196,#2581);
#1894=LINE('',#10199,#2582);
#1895=LINE('',#10201,#2583);
#1896=LINE('',#10202,#2584);
#1897=LINE('',#10205,#2585);
#1898=LINE('',#10207,#2586);
#1899=LINE('',#10208,#2587);
#1900=LINE('',#10210,#2588);
#1901=LINE('',#10211,#2589);
#1902=LINE('',#10217,#2590);
#1903=LINE('',#10220,#2591);
#1904=LINE('',#10226,#2592);
#1905=LINE('',#10229,#2593);
#1906=LINE('',#10231,#2594);
#1907=LINE('',#10232,#2595);
#1908=LINE('',#10235,#2596);
#1909=LINE('',#10237,#2597);
#1910=LINE('',#10238,#2598);
#1911=LINE('',#10241,#2599);
#1912=LINE('',#10243,#2600);
#1913=LINE('',#10244,#2601);
#1914=LINE('',#10250,#2602);
#1915=LINE('',#10253,#2603);
#1916=LINE('',#10255,#2604);
#1917=LINE('',#10256,#2605);
#1918=LINE('',#10263,#2606);
#1919=LINE('',#10265,#2607);
#1920=LINE('',#10267,#2608);
#1921=LINE('',#10268,#2609);
#1922=LINE('',#10276,#2610);
#1923=LINE('',#10279,#2611);
#1924=LINE('',#10281,#2612);
#1925=LINE('',#10282,#2613);
#1926=LINE('',#10285,#2614);
#1927=LINE('',#10287,#2615);
#1928=LINE('',#10289,#2616);
#1929=LINE('',#10291,#2617);
#1930=LINE('',#10293,#2618);
#1931=LINE('',#10295,#2619);
#1932=LINE('',#10297,#2620);
#1933=LINE('',#10299,#2621);
#1934=LINE('',#10301,#2622);
#1935=LINE('',#10303,#2623);
#1936=LINE('',#10305,#2624);
#1937=LINE('',#10306,#2625);
#1938=LINE('',#10312,#2626);
#1939=LINE('',#10315,#2627);
#1940=LINE('',#10317,#2628);
#1941=LINE('',#10318,#2629);
#1942=LINE('',#10324,#2630);
#1943=LINE('',#10327,#2631);
#1944=LINE('',#10329,#2632);
#1945=LINE('',#10330,#2633);
#1946=LINE('',#10339,#2634);
#1947=LINE('',#10343,#2635);
#1948=LINE('',#10347,#2636);
#1949=LINE('',#10350,#2637);
#1950=LINE('',#10353,#2638);
#1951=LINE('',#10355,#2639);
#1952=LINE('',#10356,#2640);
#1953=LINE('',#10359,#2641);
#1954=LINE('',#10360,#2642);
#1955=LINE('',#10363,#2643);
#1956=LINE('',#10364,#2644);
#1957=LINE('',#10366,#2645);
#1958=LINE('',#10371,#2646);
#1959=LINE('',#10377,#2647);
#1960=LINE('',#10380,#2648);
#1961=LINE('',#10382,#2649);
#1962=LINE('',#10385,#2650);
#1963=LINE('',#10387,#2651);
#1964=LINE('',#10388,#2652);
#1965=LINE('',#10391,#2653);
#1966=LINE('',#10392,#2654);
#1967=LINE('',#10395,#2655);
#1968=LINE('',#10396,#2656);
#1969=LINE('',#10398,#2657);
#1970=LINE('',#10401,#2658);
#1971=LINE('',#10405,#2659);
#1972=LINE('',#10407,#2660);
#1973=LINE('',#10408,#2661);
#1974=LINE('',#10411,#2662);
#1975=LINE('',#10412,#2663);
#1976=LINE('',#10415,#2664);
#1977=LINE('',#10416,#2665);
#1978=LINE('',#10419,#2666);
#1979=LINE('',#10420,#2667);
#1980=LINE('',#10423,#2668);
#1981=LINE('',#10424,#2669);
#1982=LINE('',#10427,#2670);
#1983=LINE('',#10428,#2671);
#1984=LINE('',#10431,#2672);
#1985=LINE('',#10432,#2673);
#1986=LINE('',#10435,#2674);
#1987=LINE('',#10436,#2675);
#1988=LINE('',#10439,#2676);
#1989=LINE('',#10440,#2677);
#1990=LINE('',#10443,#2678);
#1991=LINE('',#10444,#2679);
#1992=LINE('',#10447,#2680);
#1993=LINE('',#10448,#2681);
#1994=LINE('',#10450,#2682);
#1995=LINE('',#10454,#2683);
#1996=LINE('',#10458,#2684);
#1997=LINE('',#10462,#2685);
#1998=LINE('',#10466,#2686);
#1999=LINE('',#10470,#2687);
#2000=LINE('',#10473,#2688);
#2001=LINE('',#10476,#2689);
#2002=LINE('',#10477,#2690);
#2003=LINE('',#10480,#2691);
#2004=LINE('',#10484,#2692);
#2005=LINE('',#10485,#2693);
#2006=LINE('',#10490,#2694);
#2007=LINE('',#10497,#2695);
#2008=LINE('',#10504,#2696);
#2009=LINE('',#10511,#2697);
#2010=LINE('',#10518,#2698);
#2011=LINE('',#10525,#2699);
#2012=LINE('',#10532,#2700);
#2013=LINE('',#10539,#2701);
#2014=LINE('',#10544,#2702);
#2015=LINE('',#10548,#2703);
#2016=LINE('',#10549,#2704);
#2017=LINE('',#10552,#2705);
#2018=LINE('',#10555,#2706);
#2019=LINE('',#10562,#2707);
#2020=LINE('',#10566,#2708);
#2021=LINE('',#10570,#2709);
#2022=LINE('',#10576,#2710);
#2023=LINE('',#10580,#2711);
#2024=LINE('',#10584,#2712);
#2025=LINE('',#10590,#2713);
#2026=LINE('',#10594,#2714);
#2027=LINE('',#10598,#2715);
#2028=LINE('',#10604,#2716);
#2029=LINE('',#10608,#2717);
#2030=LINE('',#10612,#2718);
#2031=LINE('',#10618,#2719);
#2032=LINE('',#10624,#2720);
#2033=LINE('',#10630,#2721);
#2034=LINE('',#10636,#2722);
#2035=LINE('',#10642,#2723);
#2036=LINE('',#10648,#2724);
#2037=LINE('',#10651,#2725);
#2038=LINE('',#10653,#2726);
#2039=LINE('',#10657,#2727);
#2040=LINE('',#10658,#2728);
#2041=LINE('',#10671,#2729);
#2042=LINE('',#10673,#2730);
#2043=LINE('',#10675,#2731);
#2044=LINE('',#10676,#2732);
#2045=LINE('',#10679,#2733);
#2046=LINE('',#10684,#2734);
#2047=LINE('',#10686,#2735);
#2048=LINE('',#10688,#2736);
#2049=LINE('',#10690,#2737);
#2050=LINE('',#10692,#2738);
#2051=LINE('',#10696,#2739);
#2052=LINE('',#10698,#2740);
#2053=LINE('',#10700,#2741);
#2054=LINE('',#10701,#2742);
#2055=LINE('',#10707,#2743);
#2056=LINE('',#10710,#2744);
#2057=LINE('',#10712,#2745);
#2058=LINE('',#10713,#2746);
#2059=LINE('',#10719,#2747);
#2060=LINE('',#10722,#2748);
#2061=LINE('',#10724,#2749);
#2062=LINE('',#10725,#2750);
#2063=LINE('',#10731,#2751);
#2064=LINE('',#10734,#2752);
#2065=LINE('',#10736,#2753);
#2066=LINE('',#10737,#2754);
#2067=LINE('',#10745,#2755);
#2068=LINE('',#10749,#2756);
#2069=LINE('',#10753,#2757);
#2070=LINE('',#10757,#2758);
#2071=LINE('',#10761,#2759);
#2072=LINE('',#10764,#2760);
#2073=LINE('',#10766,#2761);
#2074=LINE('',#10767,#2762);
#2075=LINE('',#10770,#2763);
#2076=LINE('',#10771,#2764);
#2077=LINE('',#10774,#2765);
#2078=LINE('',#10775,#2766);
#2079=LINE('',#10777,#2767);
#2080=LINE('',#10783,#2768);
#2081=LINE('',#10791,#2769);
#2082=LINE('',#10802,#2770);
#2083=LINE('',#10806,#2771);
#2084=LINE('',#10817,#2772);
#2085=LINE('',#10821,#2773);
#2086=LINE('',#10832,#2774);
#2087=LINE('',#10836,#2775);
#2088=LINE('',#10847,#2776);
#2089=LINE('',#10851,#2777);
#2090=LINE('',#10857,#2778);
#2091=LINE('',#10859,#2779);
#2092=LINE('',#10861,#2780);
#2093=LINE('',#10862,#2781);
#2094=LINE('',#10865,#2782);
#2095=LINE('',#10867,#2783);
#2096=LINE('',#10868,#2784);
#2097=LINE('',#10871,#2785);
#2098=LINE('',#10873,#2786);
#2099=LINE('',#10874,#2787);
#2100=LINE('',#10876,#2788);
#2101=LINE('',#10877,#2789);
#2102=LINE('',#10882,#2790);
#2103=LINE('',#10884,#2791);
#2104=LINE('',#10886,#2792);
#2105=LINE('',#10887,#2793);
#2106=LINE('',#10891,#2794);
#2107=LINE('',#10892,#2795);
#2108=LINE('',#10893,#2796);
#2109=LINE('',#10896,#2797);
#2110=LINE('',#10897,#2798);
#2111=LINE('',#10900,#2799);
#2112=LINE('',#10901,#2800);
#2113=LINE('',#10903,#2801);
#2114=LINE('',#10923,#2802);
#2115=LINE('',#10930,#2803);
#2116=LINE('',#10953,#2804);
#2117=LINE('',#10976,#2805);
#2118=LINE('',#10999,#2806);
#2119=LINE('',#11022,#2807);
#2120=LINE('',#11045,#2808);
#2121=LINE('',#11068,#2809);
#2122=LINE('',#11091,#2810);
#2123=LINE('',#11093,#2811);
#2124=LINE('',#11094,#2812);
#2125=LINE('',#11098,#2813);
#2126=LINE('',#11100,#2814);
#2127=LINE('',#11102,#2815);
#2128=LINE('',#11103,#2816);
#2129=LINE('',#11126,#2817);
#2130=LINE('',#11149,#2818);
#2131=LINE('',#11172,#2819);
#2132=LINE('',#11195,#2820);
#2133=LINE('',#11218,#2821);
#2134=LINE('',#11241,#2822);
#2135=LINE('',#11264,#2823);
#2136=LINE('',#11287,#2824);
#2137=LINE('',#11290,#2825);
#2138=LINE('',#11292,#2826);
#2139=LINE('',#11293,#2827);
#2140=LINE('',#11316,#2828);
#2141=LINE('',#11339,#2829);
#2142=LINE('',#11342,#2830);
#2143=LINE('',#11344,#2831);
#2144=LINE('',#11345,#2832);
#2145=LINE('',#11368,#2833);
#2146=LINE('',#11391,#2834);
#2147=LINE('',#11414,#2835);
#2148=LINE('',#11437,#2836);
#2149=LINE('',#11460,#2837);
#2150=LINE('',#11483,#2838);
#2151=LINE('',#11506,#2839);
#2152=LINE('',#11529,#2840);
#2153=LINE('',#11552,#2841);
#2154=LINE('',#11575,#2842);
#2155=LINE('',#11598,#2843);
#2156=LINE('',#11621,#2844);
#2157=LINE('',#11644,#2845);
#2158=LINE('',#11685,#2846);
#2159=LINE('',#11692,#2847);
#2160=LINE('',#11715,#2848);
#2161=LINE('',#11738,#2849);
#2162=LINE('',#11761,#2850);
#2163=LINE('',#11784,#2851);
#2164=LINE('',#11807,#2852);
#2165=LINE('',#11830,#2853);
#2166=LINE('',#11869,#2854);
#2167=LINE('',#11876,#2855);
#2168=LINE('',#11899,#2856);
#2169=LINE('',#11922,#2857);
#2170=LINE('',#11945,#2858);
#2171=LINE('',#11968,#2859);
#2172=LINE('',#11991,#2860);
#2173=LINE('',#12014,#2861);
#2174=LINE('',#12055,#2862);
#2175=LINE('',#12062,#2863);
#2176=LINE('',#12085,#2864);
#2177=LINE('',#12108,#2865);
#2178=LINE('',#12131,#2866);
#2179=LINE('',#12154,#2867);
#2180=LINE('',#12177,#2868);
#2181=LINE('',#12200,#2869);
#2182=LINE('',#12239,#2870);
#2183=LINE('',#12246,#2871);
#2184=LINE('',#12269,#2872);
#2185=LINE('',#12292,#2873);
#2186=LINE('',#12315,#2874);
#2187=LINE('',#12338,#2875);
#2188=LINE('',#12361,#2876);
#2189=LINE('',#12384,#2877);
#2190=LINE('',#12410,#2878);
#2191=LINE('',#12412,#2879);
#2192=LINE('',#12414,#2880);
#2193=LINE('',#12415,#2881);
#2194=LINE('',#12418,#2882);
#2195=LINE('',#12420,#2883);
#2196=LINE('',#12421,#2884);
#2197=LINE('',#12424,#2885);
#2198=LINE('',#12426,#2886);
#2199=LINE('',#12427,#2887);
#2200=LINE('',#12429,#2888);
#2201=LINE('',#12430,#2889);
#2202=LINE('',#12436,#2890);
#2203=LINE('',#12438,#2891);
#2204=LINE('',#12440,#2892);
#2205=LINE('',#12441,#2893);
#2206=LINE('',#12464,#2894);
#2207=LINE('',#12487,#2895);
#2208=LINE('',#12510,#2896);
#2209=LINE('',#12533,#2897);
#2210=LINE('',#12536,#2898);
#2211=LINE('',#12538,#2899);
#2212=LINE('',#12539,#2900);
#2213=LINE('',#12541,#2901);
#2214=LINE('',#12542,#2902);
#2215=LINE('',#12546,#2903);
#2216=LINE('',#12548,#2904);
#2217=LINE('',#12550,#2905);
#2218=LINE('',#12551,#2906);
#2219=LINE('',#12574,#2907);
#2220=LINE('',#12597,#2908);
#2221=LINE('',#12620,#2909);
#2222=LINE('',#12643,#2910);
#2223=LINE('',#12646,#2911);
#2224=LINE('',#12648,#2912);
#2225=LINE('',#12649,#2913);
#2226=LINE('',#12651,#2914);
#2227=LINE('',#12652,#2915);
#2228=LINE('',#12656,#2916);
#2229=LINE('',#12658,#2917);
#2230=LINE('',#12660,#2918);
#2231=LINE('',#12661,#2919);
#2232=LINE('',#12684,#2920);
#2233=LINE('',#12707,#2921);
#2234=LINE('',#12730,#2922);
#2235=LINE('',#12753,#2923);
#2236=LINE('',#12776,#2924);
#2237=LINE('',#12799,#2925);
#2238=LINE('',#12822,#2926);
#2239=LINE('',#12845,#2927);
#2240=LINE('',#12868,#2928);
#2241=LINE('',#12891,#2929);
#2242=LINE('',#12894,#2930);
#2243=LINE('',#12896,#2931);
#2244=LINE('',#12897,#2932);
#2245=LINE('',#12899,#2933);
#2246=LINE('',#12900,#2934);
#2247=LINE('',#12906,#2935);
#2248=LINE('',#12908,#2936);
#2249=LINE('',#12910,#2937);
#2250=LINE('',#12911,#2938);
#2251=LINE('',#12914,#2939);
#2252=LINE('',#12916,#2940);
#2253=LINE('',#12917,#2941);
#2254=LINE('',#12919,#2942);
#2255=LINE('',#12920,#2943);
#2256=LINE('',#12924,#2944);
#2257=LINE('',#12926,#2945);
#2258=LINE('',#12928,#2946);
#2259=LINE('',#12929,#2947);
#2260=LINE('',#12932,#2948);
#2261=LINE('',#12934,#2949);
#2262=LINE('',#12935,#2950);
#2263=LINE('',#12938,#2951);
#2264=LINE('',#12940,#2952);
#2265=LINE('',#12941,#2953);
#2266=LINE('',#12944,#2954);
#2267=LINE('',#12946,#2955);
#2268=LINE('',#12947,#2956);
#2269=LINE('',#12950,#2957);
#2270=LINE('',#12952,#2958);
#2271=LINE('',#12953,#2959);
#2272=LINE('',#12956,#2960);
#2273=LINE('',#12958,#2961);
#2274=LINE('',#12959,#2962);
#2275=LINE('',#12962,#2963);
#2276=LINE('',#12964,#2964);
#2277=LINE('',#12965,#2965);
#2278=LINE('',#12967,#2966);
#2279=LINE('',#12968,#2967);
#2280=LINE('',#12989,#2968);
#2281=LINE('',#12996,#2969);
#2282=LINE('',#13019,#2970);
#2283=LINE('',#13042,#2971);
#2284=LINE('',#13065,#2972);
#2285=LINE('',#13088,#2973);
#2286=LINE('',#13111,#2974);
#2287=LINE('',#13134,#2975);
#2288=LINE('',#13157,#2976);
#2289=LINE('',#13159,#2977);
#2290=LINE('',#13160,#2978);
#2291=LINE('',#13164,#2979);
#2292=LINE('',#13166,#2980);
#2293=LINE('',#13168,#2981);
#2294=LINE('',#13169,#2982);
#2295=LINE('',#13192,#2983);
#2296=LINE('',#13215,#2984);
#2297=LINE('',#13238,#2985);
#2298=LINE('',#13261,#2986);
#2299=LINE('',#13284,#2987);
#2300=LINE('',#13307,#2988);
#2301=LINE('',#13330,#2989);
#2302=LINE('',#13353,#2990);
#2303=LINE('',#13356,#2991);
#2304=LINE('',#13358,#2992);
#2305=LINE('',#13359,#2993);
#2306=LINE('',#13382,#2994);
#2307=LINE('',#13405,#2995);
#2308=LINE('',#13408,#2996);
#2309=LINE('',#13410,#2997);
#2310=LINE('',#13411,#2998);
#2311=LINE('',#13434,#2999);
#2312=LINE('',#13457,#3000);
#2313=LINE('',#13480,#3001);
#2314=LINE('',#13503,#3002);
#2315=LINE('',#13526,#3003);
#2316=LINE('',#13549,#3004);
#2317=LINE('',#13572,#3005);
#2318=LINE('',#13595,#3006);
#2319=LINE('',#13618,#3007);
#2320=LINE('',#13641,#3008);
#2321=LINE('',#13664,#3009);
#2322=LINE('',#13687,#3010);
#2323=LINE('',#13710,#3011);
#2324=LINE('',#13736,#3012);
#2325=LINE('',#13738,#3013);
#2326=LINE('',#13740,#3014);
#2327=LINE('',#13741,#3015);
#2328=LINE('',#13744,#3016);
#2329=LINE('',#13746,#3017);
#2330=LINE('',#13747,#3018);
#2331=LINE('',#13750,#3019);
#2332=LINE('',#13752,#3020);
#2333=LINE('',#13753,#3021);
#2334=LINE('',#13755,#3022);
#2335=LINE('',#13756,#3023);
#2336=LINE('',#13777,#3024);
#2337=LINE('',#13784,#3025);
#2338=LINE('',#13807,#3026);
#2339=LINE('',#13830,#3027);
#2340=LINE('',#13853,#3028);
#2341=LINE('',#13855,#3029);
#2342=LINE('',#13856,#3030);
#2343=LINE('',#13860,#3031);
#2344=LINE('',#13862,#3032);
#2345=LINE('',#13864,#3033);
#2346=LINE('',#13865,#3034);
#2347=LINE('',#13888,#3035);
#2348=LINE('',#13911,#3036);
#2349=LINE('',#13934,#3037);
#2350=LINE('',#13957,#3038);
#2351=LINE('',#13960,#3039);
#2352=LINE('',#13962,#3040);
#2353=LINE('',#13963,#3041);
#2354=LINE('',#13986,#3042);
#2355=LINE('',#14009,#3043);
#2356=LINE('',#14032,#3044);
#2357=LINE('',#14055,#3045);
#2358=LINE('',#14078,#3046);
#2359=LINE('',#14101,#3047);
#2360=LINE('',#14124,#3048);
#2361=LINE('',#14147,#3049);
#2362=LINE('',#14170,#3050);
#2363=LINE('',#14193,#3051);
#2364=LINE('',#14195,#3052);
#2365=LINE('',#14196,#3053);
#2366=LINE('',#14202,#3054);
#2367=LINE('',#14204,#3055);
#2368=LINE('',#14206,#3056);
#2369=LINE('',#14207,#3057);
#2370=LINE('',#14210,#3058);
#2371=LINE('',#14212,#3059);
#2372=LINE('',#14213,#3060);
#2373=LINE('',#14236,#3061);
#2374=LINE('',#14259,#3062);
#2375=LINE('',#14282,#3063);
#2376=LINE('',#14305,#3064);
#2377=LINE('',#14308,#3065);
#2378=LINE('',#14310,#3066);
#2379=LINE('',#14311,#3067);
#2380=LINE('',#14314,#3068);
#2381=LINE('',#14316,#3069);
#2382=LINE('',#14317,#3070);
#2383=LINE('',#14320,#3071);
#2384=LINE('',#14322,#3072);
#2385=LINE('',#14323,#3073);
#2386=LINE('',#14346,#3074);
#2387=LINE('',#14369,#3075);
#2388=LINE('',#14392,#3076);
#2389=LINE('',#14415,#3077);
#2390=LINE('',#14418,#3078);
#2391=LINE('',#14420,#3079);
#2392=LINE('',#14421,#3080);
#2393=LINE('',#14424,#3081);
#2394=LINE('',#14426,#3082);
#2395=LINE('',#14427,#3083);
#2396=LINE('',#14429,#3084);
#2397=LINE('',#14430,#3085);
#2398=LINE('',#14436,#3086);
#2399=LINE('',#14438,#3087);
#2400=LINE('',#14440,#3088);
#2401=LINE('',#14441,#3089);
#2402=LINE('',#14444,#3090);
#2403=LINE('',#14446,#3091);
#2404=LINE('',#14447,#3092);
#2405=LINE('',#14450,#3093);
#2406=LINE('',#14452,#3094);
#2407=LINE('',#14453,#3095);
#2408=LINE('',#14456,#3096);
#2409=LINE('',#14458,#3097);
#2410=LINE('',#14459,#3098);
#2411=LINE('',#14462,#3099);
#2412=LINE('',#14464,#3100);
#2413=LINE('',#14465,#3101);
#2414=LINE('',#14488,#3102);
#2415=LINE('',#14511,#3103);
#2416=LINE('',#14534,#3104);
#2417=LINE('',#14537,#3105);
#2418=LINE('',#14539,#3106);
#2419=LINE('',#14540,#3107);
#2420=LINE('',#14563,#3108);
#2421=LINE('',#14586,#3109);
#2422=LINE('',#14609,#3110);
#2423=LINE('',#14611,#3111);
#2424=LINE('',#14612,#3112);
#2425=LINE('',#14618,#3113);
#2426=LINE('',#14620,#3114);
#2427=LINE('',#14622,#3115);
#2428=LINE('',#14623,#3116);
#2429=LINE('',#14626,#3117);
#2430=LINE('',#14628,#3118);
#2431=LINE('',#14629,#3119);
#2432=LINE('',#14632,#3120);
#2433=LINE('',#14634,#3121);
#2434=LINE('',#14635,#3122);
#2435=LINE('',#14637,#3123);
#2436=LINE('',#14638,#3124);
#2437=LINE('',#14659,#3125);
#2438=LINE('',#14666,#3126);
#2439=LINE('',#14689,#3127);
#2440=LINE('',#14712,#3128);
#2441=LINE('',#14735,#3129);
#2442=LINE('',#14758,#3130);
#2443=LINE('',#14781,#3131);
#2444=LINE('',#14804,#3132);
#2445=LINE('',#14828,#3133);
#2446=LINE('',#14830,#3134);
#2447=LINE('',#14832,#3135);
#2448=LINE('',#14833,#3136);
#2449=LINE('',#14836,#3137);
#2450=LINE('',#14838,#3138);
#2451=LINE('',#14839,#3139);
#2452=LINE('',#14842,#3140);
#2453=LINE('',#14844,#3141);
#2454=LINE('',#14845,#3142);
#2455=LINE('',#14868,#3143);
#2456=LINE('',#14891,#3144);
#2457=LINE('',#14914,#3145);
#2458=LINE('',#14937,#3146);
#2459=LINE('',#14960,#3147);
#2460=LINE('',#14983,#3148);
#2461=LINE('',#15006,#3149);
#2462=LINE('',#15029,#3150);
#2463=LINE('',#15032,#3151);
#2464=LINE('',#15034,#3152);
#2465=LINE('',#15035,#3153);
#2466=LINE('',#15037,#3154);
#2467=LINE('',#15038,#3155);
#2468=LINE('',#15044,#3156);
#2469=LINE('',#15046,#3157);
#2470=LINE('',#15048,#3158);
#2471=LINE('',#15049,#3159);
#2472=LINE('',#15072,#3160);
#2473=LINE('',#15095,#3161);
#2474=LINE('',#15118,#3162);
#2475=LINE('',#15141,#3163);
#2476=LINE('',#15144,#3164);
#2477=LINE('',#15146,#3165);
#2478=LINE('',#15147,#3166);
#2479=LINE('',#15149,#3167);
#2480=LINE('',#15150,#3168);
#2481=LINE('',#15154,#3169);
#2482=LINE('',#15156,#3170);
#2483=LINE('',#15158,#3171);
#2484=LINE('',#15159,#3172);
#2485=LINE('',#15182,#3173);
#2486=LINE('',#15205,#3174);
#2487=LINE('',#15228,#3175);
#2488=LINE('',#15251,#3176);
#2489=LINE('',#15254,#3177);
#2490=LINE('',#15256,#3178);
#2491=LINE('',#15257,#3179);
#2492=LINE('',#15260,#3180);
#2493=LINE('',#15262,#3181);
#2494=LINE('',#15263,#3182);
#2495=LINE('',#15266,#3183);
#2496=LINE('',#15268,#3184);
#2497=LINE('',#15269,#3185);
#2498=LINE('',#15271,#3186);
#2499=LINE('',#15272,#3187);
#2500=LINE('',#15278,#3188);
#2501=LINE('',#15280,#3189);
#2502=LINE('',#15282,#3190);
#2503=LINE('',#15283,#3191);
#2504=LINE('',#15286,#3192);
#2505=LINE('',#15288,#3193);
#2506=LINE('',#15289,#3194);
#2507=LINE('',#15312,#3195);
#2508=LINE('',#15335,#3196);
#2509=LINE('',#15358,#3197);
#2510=LINE('',#15381,#3198);
#2511=LINE('',#15384,#3199);
#2512=LINE('',#15386,#3200);
#2513=LINE('',#15387,#3201);
#2514=LINE('',#15390,#3202);
#2515=LINE('',#15392,#3203);
#2516=LINE('',#15393,#3204);
#2517=LINE('',#15396,#3205);
#2518=LINE('',#15398,#3206);
#2519=LINE('',#15399,#3207);
#2520=LINE('',#15422,#3208);
#2521=LINE('',#15445,#3209);
#2522=LINE('',#15468,#3210);
#2523=LINE('',#15491,#3211);
#2524=LINE('',#15494,#3212);
#2525=LINE('',#15496,#3213);
#2526=LINE('',#15497,#3214);
#2527=LINE('',#15500,#3215);
#2528=LINE('',#15502,#3216);
#2529=LINE('',#15503,#3217);
#2530=LINE('',#15505,#3218);
#2531=LINE('',#15506,#3219);
#2532=LINE('',#15512,#3220);
#2533=LINE('',#15514,#3221);
#2534=LINE('',#15516,#3222);
#2535=LINE('',#15517,#3223);
#2536=LINE('',#15520,#3224);
#2537=LINE('',#15522,#3225);
#2538=LINE('',#15523,#3226);
#2539=LINE('',#15526,#3227);
#2540=LINE('',#15528,#3228);
#2541=LINE('',#15529,#3229);
#2542=LINE('',#15532,#3230);
#2543=LINE('',#15534,#3231);
#2544=LINE('',#15535,#3232);
#2545=LINE('',#15538,#3233);
#2546=LINE('',#15540,#3234);
#2547=LINE('',#15541,#3235);
#2548=LINE('',#15544,#3236);
#2549=LINE('',#15546,#3237);
#2550=LINE('',#15547,#3238);
#2551=LINE('',#15550,#3239);
#2552=LINE('',#15552,#3240);
#2553=LINE('',#15553,#3241);
#2554=LINE('',#15556,#3242);
#2555=LINE('',#15558,#3243);
#2556=LINE('',#15559,#3244);
#2557=LINE('',#15562,#3245);
#2558=LINE('',#15564,#3246);
#2559=LINE('',#15565,#3247);
#2560=LINE('',#15567,#3248);
#2561=LINE('',#15568,#3249);
#2562=VECTOR('',#8629,1.25);
#2563=VECTOR('',#8638,1.25);
#2564=VECTOR('',#8647,1.25);
#2565=VECTOR('',#8656,1.25);
#2566=VECTOR('',#8663,10.);
#2567=VECTOR('',#8664,10.);
#2568=VECTOR('',#8665,10.);
#2569=VECTOR('',#8666,10.);
#2570=VECTOR('',#8669,10.);
#2571=VECTOR('',#8670,10.);
#2572=VECTOR('',#8671,10.);
#2573=VECTOR('',#8674,10.);
#2574=VECTOR('',#8675,10.);
#2575=VECTOR('',#8676,10.);
#2576=VECTOR('',#8679,10.);
#2577=VECTOR('',#8680,10.);
#2578=VECTOR('',#8683,10.);
#2579=VECTOR('',#8684,10.);
#2580=VECTOR('',#8685,10.);
#2581=VECTOR('',#8686,10.);
#2582=VECTOR('',#8689,10.);
#2583=VECTOR('',#8690,10.);
#2584=VECTOR('',#8691,10.);
#2585=VECTOR('',#8694,10.);
#2586=VECTOR('',#8695,10.);
#2587=VECTOR('',#8696,10.);
#2588=VECTOR('',#8699,10.);
#2589=VECTOR('',#8700,10.);
#2590=VECTOR('',#8705,10.);
#2591=VECTOR('',#8708,10.);
#2592=VECTOR('',#8713,10.);
#2593=VECTOR('',#8716,10.);
#2594=VECTOR('',#8719,10.);
#2595=VECTOR('',#8720,10.);
#2596=VECTOR('',#8723,10.);
#2597=VECTOR('',#8724,10.);
#2598=VECTOR('',#8725,10.);
#2599=VECTOR('',#8728,10.);
#2600=VECTOR('',#8729,10.);
#2601=VECTOR('',#8730,10.);
#2602=VECTOR('',#8737,10.);
#2603=VECTOR('',#8740,10.);
#2604=VECTOR('',#8741,10.);
#2605=VECTOR('',#8742,10.);
#2606=VECTOR('',#8751,10.);
#2607=VECTOR('',#8752,10.);
#2608=VECTOR('',#8753,10.);
#2609=VECTOR('',#8754,10.);
#2610=VECTOR('',#8763,10.);
#2611=VECTOR('',#8766,10.);
#2612=VECTOR('',#8767,10.);
#2613=VECTOR('',#8768,10.);
#2614=VECTOR('',#8769,10.);
#2615=VECTOR('',#8770,10.);
#2616=VECTOR('',#8771,10.);
#2617=VECTOR('',#8772,10.);
#2618=VECTOR('',#8773,10.);
#2619=VECTOR('',#8774,10.);
#2620=VECTOR('',#8775,10.);
#2621=VECTOR('',#8776,10.);
#2622=VECTOR('',#8777,10.);
#2623=VECTOR('',#8778,10.);
#2624=VECTOR('',#8779,10.);
#2625=VECTOR('',#8780,10.);
#2626=VECTOR('',#8787,10.);
#2627=VECTOR('',#8790,10.);
#2628=VECTOR('',#8791,10.);
#2629=VECTOR('',#8792,10.);
#2630=VECTOR('',#8799,10.);
#2631=VECTOR('',#8802,10.);
#2632=VECTOR('',#8803,10.);
#2633=VECTOR('',#8804,10.);
#2634=VECTOR('',#8817,10.);
#2635=VECTOR('',#8822,10.);
#2636=VECTOR('',#8827,10.);
#2637=VECTOR('',#8832,10.);
#2638=VECTOR('',#8835,10.);
#2639=VECTOR('',#8836,10.);
#2640=VECTOR('',#8837,10.);
#2641=VECTOR('',#8840,10.);
#2642=VECTOR('',#8841,10.);
#2643=VECTOR('',#8844,10.);
#2644=VECTOR('',#8845,10.);
#2645=VECTOR('',#8848,10.);
#2646=VECTOR('',#8853,10.);
#2647=VECTOR('',#8860,10.);
#2648=VECTOR('',#8865,10.);
#2649=VECTOR('',#8868,10.);
#2650=VECTOR('',#8871,10.);
#2651=VECTOR('',#8872,10.);
#2652=VECTOR('',#8873,10.);
#2653=VECTOR('',#8876,10.);
#2654=VECTOR('',#8877,10.);
#2655=VECTOR('',#8880,10.);
#2656=VECTOR('',#8881,10.);
#2657=VECTOR('',#8884,10.);
#2658=VECTOR('',#8887,3.5);
#2659=VECTOR('',#8892,10.);
#2660=VECTOR('',#8893,10.);
#2661=VECTOR('',#8894,10.);
#2662=VECTOR('',#8897,10.);
#2663=VECTOR('',#8898,10.);
#2664=VECTOR('',#8901,10.);
#2665=VECTOR('',#8902,10.);
#2666=VECTOR('',#8905,10.);
#2667=VECTOR('',#8906,10.);
#2668=VECTOR('',#8909,10.);
#2669=VECTOR('',#8910,10.);
#2670=VECTOR('',#8913,10.);
#2671=VECTOR('',#8914,10.);
#2672=VECTOR('',#8917,10.);
#2673=VECTOR('',#8918,10.);
#2674=VECTOR('',#8921,10.);
#2675=VECTOR('',#8922,10.);
#2676=VECTOR('',#8925,10.);
#2677=VECTOR('',#8926,10.);
#2678=VECTOR('',#8929,10.);
#2679=VECTOR('',#8930,10.);
#2680=VECTOR('',#8933,10.);
#2681=VECTOR('',#8934,10.);
#2682=VECTOR('',#8937,10.);
#2683=VECTOR('',#8940,10.);
#2684=VECTOR('',#8943,10.);
#2685=VECTOR('',#8946,10.);
#2686=VECTOR('',#8949,10.);
#2687=VECTOR('',#8954,10.);
#2688=VECTOR('',#8957,10.);
#2689=VECTOR('',#8960,10.);
#2690=VECTOR('',#8961,10.);
#2691=VECTOR('',#8964,10.);
#2692=VECTOR('',#8969,10.);
#2693=VECTOR('',#8970,10.);
#2694=VECTOR('',#8975,1.);
#2695=VECTOR('',#8984,1.);
#2696=VECTOR('',#8993,0.999999999999996);
#2697=VECTOR('',#9002,0.999999999999996);
#2698=VECTOR('',#9011,3.);
#2699=VECTOR('',#9020,3.);
#2700=VECTOR('',#9029,3.);
#2701=VECTOR('',#9038,3.);
#2702=VECTOR('',#9045,10.);
#2703=VECTOR('',#9050,10.);
#2704=VECTOR('',#9051,10.);
#2705=VECTOR('',#9054,10.);
#2706=VECTOR('',#9059,10.);
#2707=VECTOR('',#9068,0.949999999999998);
#2708=VECTOR('',#9071,10.);
#2709=VECTOR('',#9074,10.);
#2710=VECTOR('',#9081,0.950000000000002);
#2711=VECTOR('',#9084,10.);
#2712=VECTOR('',#9087,10.);
#2713=VECTOR('',#9094,0.949999999999998);
#2714=VECTOR('',#9097,10.);
#2715=VECTOR('',#9100,10.);
#2716=VECTOR('',#9107,0.950000000000002);
#2717=VECTOR('',#9110,10.);
#2718=VECTOR('',#9113,10.);
#2719=VECTOR('',#9120,10.);
#2720=VECTOR('',#9127,10.);
#2721=VECTOR('',#9134,10.);
#2722=VECTOR('',#9141,10.);
#2723=VECTOR('',#9148,10.);
#2724=VECTOR('',#9155,10.);
#2725=VECTOR('',#9160,10.);
#2726=VECTOR('',#9161,10.);
#2727=VECTOR('',#9166,10.);
#2728=VECTOR('',#9167,10.);
#2729=VECTOR('',#9178,10.);
#2730=VECTOR('',#9179,10.);
#2731=VECTOR('',#9180,10.);
#2732=VECTOR('',#9181,10.);
#2733=VECTOR('',#9184,10.);
#2734=VECTOR('',#9191,10.);
#2735=VECTOR('',#9194,10.);
#2736=VECTOR('',#9197,10.);
#2737=VECTOR('',#9200,10.);
#2738=VECTOR('',#9203,10.);
#2739=VECTOR('',#9206,10.);
#2740=VECTOR('',#9207,10.);
#2741=VECTOR('',#9208,10.);
#2742=VECTOR('',#9209,10.);
#2743=VECTOR('',#9216,10.);
#2744=VECTOR('',#9219,10.);
#2745=VECTOR('',#9220,10.);
#2746=VECTOR('',#9221,10.);
#2747=VECTOR('',#9228,10.);
#2748=VECTOR('',#9231,10.);
#2749=VECTOR('',#9232,10.);
#2750=VECTOR('',#9233,10.);
#2751=VECTOR('',#9240,10.);
#2752=VECTOR('',#9243,10.);
#2753=VECTOR('',#9244,10.);
#2754=VECTOR('',#9245,10.);
#2755=VECTOR('',#9258,3.6);
#2756=VECTOR('',#9263,3.6);
#2757=VECTOR('',#9268,3.6);
#2758=VECTOR('',#9273,3.6);
#2759=VECTOR('',#9278,3.6);
#2760=VECTOR('',#9281,10.);
#2761=VECTOR('',#9282,10.);
#2762=VECTOR('',#9283,10.);
#2763=VECTOR('',#9286,10.);
#2764=VECTOR('',#9287,10.);
#2765=VECTOR('',#9290,10.);
#2766=VECTOR('',#9291,10.);
#2767=VECTOR('',#9294,10.);
#2768=VECTOR('',#9301,4.5);
#2769=VECTOR('',#9312,1.65);
#2770=VECTOR('',#9327,4.5);
#2771=VECTOR('',#9332,1.65);
#2772=VECTOR('',#9347,4.5);
#2773=VECTOR('',#9352,1.65);
#2774=VECTOR('',#9367,4.5);
#2775=VECTOR('',#9372,1.65);
#2776=VECTOR('',#9387,4.5);
#2777=VECTOR('',#9392,1.65);
#2778=VECTOR('',#9399,10.);
#2779=VECTOR('',#9400,10.);
#2780=VECTOR('',#9401,10.);
#2781=VECTOR('',#9402,10.);
#2782=VECTOR('',#9405,10.);
#2783=VECTOR('',#9406,10.);
#2784=VECTOR('',#9407,10.);
#2785=VECTOR('',#9410,10.);
#2786=VECTOR('',#9411,10.);
#2787=VECTOR('',#9412,10.);
#2788=VECTOR('',#9415,10.);
#2789=VECTOR('',#9416,10.);
#2790=VECTOR('',#9421,10.);
#2791=VECTOR('',#9422,10.);
#2792=VECTOR('',#9423,10.);
#2793=VECTOR('',#9424,10.);
#2794=VECTOR('',#9427,10.);
#2795=VECTOR('',#9428,10.);
#2796=VECTOR('',#9429,10.);
#2797=VECTOR('',#9432,10.);
#2798=VECTOR('',#9433,10.);
#2799=VECTOR('',#9436,10.);
#2800=VECTOR('',#9437,10.);
#2801=VECTOR('',#9440,10.);
#2802=VECTOR('',#9443,10.);
#2803=VECTOR('',#9444,10.);
#2804=VECTOR('',#9445,10.);
#2805=VECTOR('',#9446,10.);
#2806=VECTOR('',#9447,10.);
#2807=VECTOR('',#9448,10.);
#2808=VECTOR('',#9449,10.);
#2809=VECTOR('',#9450,10.);
#2810=VECTOR('',#9451,10.);
#2811=VECTOR('',#9454,10.);
#2812=VECTOR('',#9455,10.);
#2813=VECTOR('',#9458,10.);
#2814=VECTOR('',#9459,10.);
#2815=VECTOR('',#9460,10.);
#2816=VECTOR('',#9461,10.);
#2817=VECTOR('',#9462,10.);
#2818=VECTOR('',#9463,10.);
#2819=VECTOR('',#9464,10.);
#2820=VECTOR('',#9465,10.);
#2821=VECTOR('',#9466,10.);
#2822=VECTOR('',#9467,10.);
#2823=VECTOR('',#9468,10.);
#2824=VECTOR('',#9469,10.);
#2825=VECTOR('',#9472,10.);
#2826=VECTOR('',#9473,10.);
#2827=VECTOR('',#9474,10.);
#2828=VECTOR('',#9475,10.);
#2829=VECTOR('',#9476,10.);
#2830=VECTOR('',#9479,10.);
#2831=VECTOR('',#9480,10.);
#2832=VECTOR('',#9481,10.);
#2833=VECTOR('',#9482,10.);
#2834=VECTOR('',#9483,10.);
#2835=VECTOR('',#9484,10.);
#2836=VECTOR('',#9485,10.);
#2837=VECTOR('',#9486,10.);
#2838=VECTOR('',#9487,10.);
#2839=VECTOR('',#9488,10.);
#2840=VECTOR('',#9489,10.);
#2841=VECTOR('',#9490,10.);
#2842=VECTOR('',#9491,10.);
#2843=VECTOR('',#9492,10.);
#2844=VECTOR('',#9493,10.);
#2845=VECTOR('',#9494,10.);
#2846=VECTOR('',#9499,10.);
#2847=VECTOR('',#9500,10.);
#2848=VECTOR('',#9501,10.);
#2849=VECTOR('',#9502,10.);
#2850=VECTOR('',#9503,10.);
#2851=VECTOR('',#9504,10.);
#2852=VECTOR('',#9505,10.);
#2853=VECTOR('',#9506,10.);
#2854=VECTOR('',#9507,10.);
#2855=VECTOR('',#9508,10.);
#2856=VECTOR('',#9509,10.);
#2857=VECTOR('',#9510,10.);
#2858=VECTOR('',#9511,10.);
#2859=VECTOR('',#9512,10.);
#2860=VECTOR('',#9513,10.);
#2861=VECTOR('',#9514,10.);
#2862=VECTOR('',#9519,10.);
#2863=VECTOR('',#9520,10.);
#2864=VECTOR('',#9521,10.);
#2865=VECTOR('',#9522,10.);
#2866=VECTOR('',#9523,10.);
#2867=VECTOR('',#9524,10.);
#2868=VECTOR('',#9525,10.);
#2869=VECTOR('',#9526,10.);
#2870=VECTOR('',#9527,10.);
#2871=VECTOR('',#9528,10.);
#2872=VECTOR('',#9529,10.);
#2873=VECTOR('',#9530,10.);
#2874=VECTOR('',#9531,10.);
#2875=VECTOR('',#9532,10.);
#2876=VECTOR('',#9533,10.);
#2877=VECTOR('',#9534,10.);
#2878=VECTOR('',#9541,10.);
#2879=VECTOR('',#9542,10.);
#2880=VECTOR('',#9543,10.);
#2881=VECTOR('',#9544,10.);
#2882=VECTOR('',#9547,10.);
#2883=VECTOR('',#9548,10.);
#2884=VECTOR('',#9549,10.);
#2885=VECTOR('',#9552,10.);
#2886=VECTOR('',#9553,10.);
#2887=VECTOR('',#9554,10.);
#2888=VECTOR('',#9557,10.);
#2889=VECTOR('',#9558,10.);
#2890=VECTOR('',#9565,10.);
#2891=VECTOR('',#9566,10.);
#2892=VECTOR('',#9567,10.);
#2893=VECTOR('',#9568,10.);
#2894=VECTOR('',#9569,10.);
#2895=VECTOR('',#9570,10.);
#2896=VECTOR('',#9571,10.);
#2897=VECTOR('',#9572,10.);
#2898=VECTOR('',#9575,10.);
#2899=VECTOR('',#9576,10.);
#2900=VECTOR('',#9577,10.);
#2901=VECTOR('',#9580,10.);
#2902=VECTOR('',#9581,10.);
#2903=VECTOR('',#9584,10.);
#2904=VECTOR('',#9585,10.);
#2905=VECTOR('',#9586,10.);
#2906=VECTOR('',#9587,10.);
#2907=VECTOR('',#9588,10.);
#2908=VECTOR('',#9589,10.);
#2909=VECTOR('',#9590,10.);
#2910=VECTOR('',#9591,10.);
#2911=VECTOR('',#9594,10.);
#2912=VECTOR('',#9595,10.);
#2913=VECTOR('',#9596,10.);
#2914=VECTOR('',#9599,10.);
#2915=VECTOR('',#9600,10.);
#2916=VECTOR('',#9603,10.);
#2917=VECTOR('',#9604,10.);
#2918=VECTOR('',#9605,10.);
#2919=VECTOR('',#9606,10.);
#2920=VECTOR('',#9607,10.);
#2921=VECTOR('',#9608,10.);
#2922=VECTOR('',#9609,10.);
#2923=VECTOR('',#9610,10.);
#2924=VECTOR('',#9611,10.);
#2925=VECTOR('',#9612,10.);
#2926=VECTOR('',#9613,10.);
#2927=VECTOR('',#9614,10.);
#2928=VECTOR('',#9615,10.);
#2929=VECTOR('',#9616,10.);
#2930=VECTOR('',#9619,10.);
#2931=VECTOR('',#9620,10.);
#2932=VECTOR('',#9621,10.);
#2933=VECTOR('',#9624,10.);
#2934=VECTOR('',#9625,10.);
#2935=VECTOR('',#9632,10.);
#2936=VECTOR('',#9633,10.);
#2937=VECTOR('',#9634,10.);
#2938=VECTOR('',#9635,10.);
#2939=VECTOR('',#9638,10.);
#2940=VECTOR('',#9639,10.);
#2941=VECTOR('',#9640,10.);
#2942=VECTOR('',#9643,10.);
#2943=VECTOR('',#9644,10.);
#2944=VECTOR('',#9647,10.);
#2945=VECTOR('',#9648,10.);
#2946=VECTOR('',#9649,10.);
#2947=VECTOR('',#9650,10.);
#2948=VECTOR('',#9653,10.);
#2949=VECTOR('',#9654,10.);
#2950=VECTOR('',#9655,10.);
#2951=VECTOR('',#9658,10.);
#2952=VECTOR('',#9659,10.);
#2953=VECTOR('',#9660,10.);
#2954=VECTOR('',#9663,10.);
#2955=VECTOR('',#9664,10.);
#2956=VECTOR('',#9665,10.);
#2957=VECTOR('',#9668,10.);
#2958=VECTOR('',#9669,10.);
#2959=VECTOR('',#9670,10.);
#2960=VECTOR('',#9673,10.);
#2961=VECTOR('',#9674,10.);
#2962=VECTOR('',#9675,10.);
#2963=VECTOR('',#9678,10.);
#2964=VECTOR('',#9679,10.);
#2965=VECTOR('',#9680,10.);
#2966=VECTOR('',#9683,10.);
#2967=VECTOR('',#9684,10.);
#2968=VECTOR('',#9689,10.);
#2969=VECTOR('',#9690,10.);
#2970=VECTOR('',#9691,10.);
#2971=VECTOR('',#9692,10.);
#2972=VECTOR('',#9693,10.);
#2973=VECTOR('',#9694,10.);
#2974=VECTOR('',#9695,10.);
#2975=VECTOR('',#9696,10.);
#2976=VECTOR('',#9697,10.);
#2977=VECTOR('',#9700,10.);
#2978=VECTOR('',#9701,10.);
#2979=VECTOR('',#9704,10.);
#2980=VECTOR('',#9705,10.);
#2981=VECTOR('',#9706,10.);
#2982=VECTOR('',#9707,10.);
#2983=VECTOR('',#9708,10.);
#2984=VECTOR('',#9709,10.);
#2985=VECTOR('',#9710,10.);
#2986=VECTOR('',#9711,10.);
#2987=VECTOR('',#9712,10.);
#2988=VECTOR('',#9713,10.);
#2989=VECTOR('',#9714,10.);
#2990=VECTOR('',#9715,10.);
#2991=VECTOR('',#9718,10.);
#2992=VECTOR('',#9719,10.);
#2993=VECTOR('',#9720,10.);
#2994=VECTOR('',#9721,10.);
#2995=VECTOR('',#9722,10.);
#2996=VECTOR('',#9725,10.);
#2997=VECTOR('',#9726,10.);
#2998=VECTOR('',#9727,10.);
#2999=VECTOR('',#9728,10.);
#3000=VECTOR('',#9729,10.);
#3001=VECTOR('',#9730,10.);
#3002=VECTOR('',#9731,10.);
#3003=VECTOR('',#9732,10.);
#3004=VECTOR('',#9733,10.);
#3005=VECTOR('',#9734,10.);
#3006=VECTOR('',#9735,10.);
#3007=VECTOR('',#9736,10.);
#3008=VECTOR('',#9737,10.);
#3009=VECTOR('',#9738,10.);
#3010=VECTOR('',#9739,10.);
#3011=VECTOR('',#9740,10.);
#3012=VECTOR('',#9747,10.);
#3013=VECTOR('',#9748,10.);
#3014=VECTOR('',#9749,10.);
#3015=VECTOR('',#9750,10.);
#3016=VECTOR('',#9753,10.);
#3017=VECTOR('',#9754,10.);
#3018=VECTOR('',#9755,10.);
#3019=VECTOR('',#9758,10.);
#3020=VECTOR('',#9759,10.);
#3021=VECTOR('',#9760,10.);
#3022=VECTOR('',#9763,10.);
#3023=VECTOR('',#9764,10.);
#3024=VECTOR('',#9769,10.);
#3025=VECTOR('',#9770,10.);
#3026=VECTOR('',#9771,10.);
#3027=VECTOR('',#9772,10.);
#3028=VECTOR('',#9773,10.);
#3029=VECTOR('',#9776,10.);
#3030=VECTOR('',#9777,10.);
#3031=VECTOR('',#9780,10.);
#3032=VECTOR('',#9781,10.);
#3033=VECTOR('',#9782,10.);
#3034=VECTOR('',#9783,10.);
#3035=VECTOR('',#9784,10.);
#3036=VECTOR('',#9785,10.);
#3037=VECTOR('',#9786,10.);
#3038=VECTOR('',#9787,10.);
#3039=VECTOR('',#9790,10.);
#3040=VECTOR('',#9791,10.);
#3041=VECTOR('',#9792,10.);
#3042=VECTOR('',#9793,10.);
#3043=VECTOR('',#9794,10.);
#3044=VECTOR('',#9795,10.);
#3045=VECTOR('',#9796,10.);
#3046=VECTOR('',#9797,10.);
#3047=VECTOR('',#9798,10.);
#3048=VECTOR('',#9799,10.);
#3049=VECTOR('',#9800,10.);
#3050=VECTOR('',#9801,10.);
#3051=VECTOR('',#9802,10.);
#3052=VECTOR('',#9805,10.);
#3053=VECTOR('',#9806,10.);
#3054=VECTOR('',#9813,10.);
#3055=VECTOR('',#9814,10.);
#3056=VECTOR('',#9815,10.);
#3057=VECTOR('',#9816,10.);
#3058=VECTOR('',#9819,10.);
#3059=VECTOR('',#9820,10.);
#3060=VECTOR('',#9821,10.);
#3061=VECTOR('',#9822,10.);
#3062=VECTOR('',#9823,10.);
#3063=VECTOR('',#9824,10.);
#3064=VECTOR('',#9825,10.);
#3065=VECTOR('',#9828,10.);
#3066=VECTOR('',#9829,10.);
#3067=VECTOR('',#9830,10.);
#3068=VECTOR('',#9833,10.);
#3069=VECTOR('',#9834,10.);
#3070=VECTOR('',#9835,10.);
#3071=VECTOR('',#9838,10.);
#3072=VECTOR('',#9839,10.);
#3073=VECTOR('',#9840,10.);
#3074=VECTOR('',#9841,10.);
#3075=VECTOR('',#9842,10.);
#3076=VECTOR('',#9843,10.);
#3077=VECTOR('',#9844,10.);
#3078=VECTOR('',#9847,10.);
#3079=VECTOR('',#9848,10.);
#3080=VECTOR('',#9849,10.);
#3081=VECTOR('',#9852,10.);
#3082=VECTOR('',#9853,10.);
#3083=VECTOR('',#9854,10.);
#3084=VECTOR('',#9857,10.);
#3085=VECTOR('',#9858,10.);
#3086=VECTOR('',#9865,10.);
#3087=VECTOR('',#9866,10.);
#3088=VECTOR('',#9867,10.);
#3089=VECTOR('',#9868,10.);
#3090=VECTOR('',#9871,10.);
#3091=VECTOR('',#9872,10.);
#3092=VECTOR('',#9873,10.);
#3093=VECTOR('',#9876,10.);
#3094=VECTOR('',#9877,10.);
#3095=VECTOR('',#9878,10.);
#3096=VECTOR('',#9881,10.);
#3097=VECTOR('',#9882,10.);
#3098=VECTOR('',#9883,10.);
#3099=VECTOR('',#9886,10.);
#3100=VECTOR('',#9887,10.);
#3101=VECTOR('',#9888,10.);
#3102=VECTOR('',#9889,10.);
#3103=VECTOR('',#9890,10.);
#3104=VECTOR('',#9891,10.);
#3105=VECTOR('',#9894,10.);
#3106=VECTOR('',#9895,10.);
#3107=VECTOR('',#9896,10.);
#3108=VECTOR('',#9897,10.);
#3109=VECTOR('',#9898,10.);
#3110=VECTOR('',#9899,10.);
#3111=VECTOR('',#9902,10.);
#3112=VECTOR('',#9903,10.);
#3113=VECTOR('',#9910,10.);
#3114=VECTOR('',#9911,10.);
#3115=VECTOR('',#9912,10.);
#3116=VECTOR('',#9913,10.);
#3117=VECTOR('',#9916,10.);
#3118=VECTOR('',#9917,10.);
#3119=VECTOR('',#9918,10.);
#3120=VECTOR('',#9921,10.);
#3121=VECTOR('',#9922,10.);
#3122=VECTOR('',#9923,10.);
#3123=VECTOR('',#9926,10.);
#3124=VECTOR('',#9927,10.);
#3125=VECTOR('',#9932,10.);
#3126=VECTOR('',#9933,10.);
#3127=VECTOR('',#9934,10.);
#3128=VECTOR('',#9935,10.);
#3129=VECTOR('',#9936,10.);
#3130=VECTOR('',#9937,10.);
#3131=VECTOR('',#9938,10.);
#3132=VECTOR('',#9939,10.);
#3133=VECTOR('',#9942,10.);
#3134=VECTOR('',#9943,10.);
#3135=VECTOR('',#9944,10.);
#3136=VECTOR('',#9945,10.);
#3137=VECTOR('',#9948,10.);
#3138=VECTOR('',#9949,10.);
#3139=VECTOR('',#9950,10.);
#3140=VECTOR('',#9953,10.);
#3141=VECTOR('',#9954,10.);
#3142=VECTOR('',#9955,10.);
#3143=VECTOR('',#9956,10.);
#3144=VECTOR('',#9957,10.);
#3145=VECTOR('',#9958,10.);
#3146=VECTOR('',#9959,10.);
#3147=VECTOR('',#9960,10.);
#3148=VECTOR('',#9961,10.);
#3149=VECTOR('',#9962,10.);
#3150=VECTOR('',#9963,10.);
#3151=VECTOR('',#9966,10.);
#3152=VECTOR('',#9967,10.);
#3153=VECTOR('',#9968,10.);
#3154=VECTOR('',#9971,10.);
#3155=VECTOR('',#9972,10.);
#3156=VECTOR('',#9979,10.);
#3157=VECTOR('',#9980,10.);
#3158=VECTOR('',#9981,10.);
#3159=VECTOR('',#9982,10.);
#3160=VECTOR('',#9983,10.);
#3161=VECTOR('',#9984,10.);
#3162=VECTOR('',#9985,10.);
#3163=VECTOR('',#9986,10.);
#3164=VECTOR('',#9989,10.);
#3165=VECTOR('',#9990,10.);
#3166=VECTOR('',#9991,10.);
#3167=VECTOR('',#9994,10.);
#3168=VECTOR('',#9995,10.);
#3169=VECTOR('',#9998,10.);
#3170=VECTOR('',#9999,10.);
#3171=VECTOR('',#10000,10.);
#3172=VECTOR('',#10001,10.);
#3173=VECTOR('',#10002,10.);
#3174=VECTOR('',#10003,10.);
#3175=VECTOR('',#10004,10.);
#3176=VECTOR('',#10005,10.);
#3177=VECTOR('',#10008,10.);
#3178=VECTOR('',#10009,10.);
#3179=VECTOR('',#10010,10.);
#3180=VECTOR('',#10013,10.);
#3181=VECTOR('',#10014,10.);
#3182=VECTOR('',#10015,10.);
#3183=VECTOR('',#10018,10.);
#3184=VECTOR('',#10019,10.);
#3185=VECTOR('',#10020,10.);
#3186=VECTOR('',#10023,10.);
#3187=VECTOR('',#10024,10.);
#3188=VECTOR('',#10031,10.);
#3189=VECTOR('',#10032,10.);
#3190=VECTOR('',#10033,10.);
#3191=VECTOR('',#10034,10.);
#3192=VECTOR('',#10037,10.);
#3193=VECTOR('',#10038,10.);
#3194=VECTOR('',#10039,10.);
#3195=VECTOR('',#10040,10.);
#3196=VECTOR('',#10041,10.);
#3197=VECTOR('',#10042,10.);
#3198=VECTOR('',#10043,10.);
#3199=VECTOR('',#10046,10.);
#3200=VECTOR('',#10047,10.);
#3201=VECTOR('',#10048,10.);
#3202=VECTOR('',#10051,10.);
#3203=VECTOR('',#10052,10.);
#3204=VECTOR('',#10053,10.);
#3205=VECTOR('',#10056,10.);
#3206=VECTOR('',#10057,10.);
#3207=VECTOR('',#10058,10.);
#3208=VECTOR('',#10059,10.);
#3209=VECTOR('',#10060,10.);
#3210=VECTOR('',#10061,10.);
#3211=VECTOR('',#10062,10.);
#3212=VECTOR('',#10065,10.);
#3213=VECTOR('',#10066,10.);
#3214=VECTOR('',#10067,10.);
#3215=VECTOR('',#10070,10.);
#3216=VECTOR('',#10071,10.);
#3217=VECTOR('',#10072,10.);
#3218=VECTOR('',#10075,10.);
#3219=VECTOR('',#10076,10.);
#3220=VECTOR('',#10083,10.);
#3221=VECTOR('',#10084,10.);
#3222=VECTOR('',#10085,10.);
#3223=VECTOR('',#10086,10.);
#3224=VECTOR('',#10089,10.);
#3225=VECTOR('',#10090,10.);
#3226=VECTOR('',#10091,10.);
#3227=VECTOR('',#10094,10.);
#3228=VECTOR('',#10095,10.);
#3229=VECTOR('',#10096,10.);
#3230=VECTOR('',#10099,10.);
#3231=VECTOR('',#10100,10.);
#3232=VECTOR('',#10101,10.);
#3233=VECTOR('',#10104,10.);
#3234=VECTOR('',#10105,10.);
#3235=VECTOR('',#10106,10.);
#3236=VECTOR('',#10109,10.);
#3237=VECTOR('',#10110,10.);
#3238=VECTOR('',#10111,10.);
#3239=VECTOR('',#10114,10.);
#3240=VECTOR('',#10115,10.);
#3241=VECTOR('',#10116,10.);
#3242=VECTOR('',#10119,10.);
#3243=VECTOR('',#10120,10.);
#3244=VECTOR('',#10121,10.);
#3245=VECTOR('',#10124,10.);
#3246=VECTOR('',#10125,10.);
#3247=VECTOR('',#10126,10.);
#3248=VECTOR('',#10129,10.);
#3249=VECTOR('',#10130,10.);
#3250=CIRCLE('',#8213,1.25);
#3251=CIRCLE('',#8214,1.25);
#3252=CIRCLE('',#8217,1.25);
#3253=CIRCLE('',#8218,1.25);
#3254=CIRCLE('',#8221,1.25);
#3255=CIRCLE('',#8222,1.25);
#3256=CIRCLE('',#8225,1.25);
#3257=CIRCLE('',#8226,1.25);
#3258=CIRCLE('',#8237,3.);
#3259=CIRCLE('',#8238,2.99999999999999);
#3260=CIRCLE('',#8240,3.);
#3261=CIRCLE('',#8241,2.99999999999999);
#3262=CIRCLE('',#8246,3.);
#3263=CIRCLE('',#8247,2.99999999999999);
#3264=CIRCLE('',#8250,3.);
#3265=CIRCLE('',#8251,2.99999999999999);
#3266=CIRCLE('',#8253,3.5);
#3267=CIRCLE('',#8255,4.99999999999999);
#3268=CIRCLE('',#8256,4.99999999999999);
#3269=CIRCLE('',#8259,4.99999999999999);
#3270=CIRCLE('',#8260,4.99999999999999);
#3271=CIRCLE('',#8263,4.99999999999999);
#3272=CIRCLE('',#8264,4.99999999999999);
#3273=CIRCLE('',#8267,5.);
#3274=CIRCLE('',#8268,5.);
#3275=CIRCLE('',#8295,3.5);
#3276=CIRCLE('',#8309,3.);
#3277=CIRCLE('',#8310,3.);
#3278=CIRCLE('',#8311,3.);
#3279=CIRCLE('',#8312,3.);
#3280=CIRCLE('',#8314,3.);
#3281=CIRCLE('',#8317,3.);
#3282=CIRCLE('',#8320,1.);
#3283=CIRCLE('',#8321,1.);
#3284=CIRCLE('',#8324,1.);
#3285=CIRCLE('',#8325,1.);
#3286=CIRCLE('',#8328,0.999999999999996);
#3287=CIRCLE('',#8329,0.999999999999996);
#3288=CIRCLE('',#8332,0.999999999999996);
#3289=CIRCLE('',#8333,0.999999999999996);
#3290=CIRCLE('',#8336,3.);
#3291=CIRCLE('',#8337,3.);
#3292=CIRCLE('',#8340,3.);
#3293=CIRCLE('',#8341,3.);
#3294=CIRCLE('',#8344,3.);
#3295=CIRCLE('',#8345,3.);
#3296=CIRCLE('',#8348,3.);
#3297=CIRCLE('',#8349,3.);
#3298=CIRCLE('',#8352,3.);
#3299=CIRCLE('',#8355,3.);
#3300=CIRCLE('',#8360,0.949999999999998);
#3301=CIRCLE('',#8361,0.949999999999998);
#3302=CIRCLE('',#8362,0.949999999999998);
#3303=CIRCLE('',#8363,0.949999999999998);
#3304=CIRCLE('',#8365,0.950000000000002);
#3305=CIRCLE('',#8366,0.950000000000002);
#3306=CIRCLE('',#8367,0.950000000000002);
#3307=CIRCLE('',#8368,0.950000000000002);
#3308=CIRCLE('',#8370,0.949999999999998);
#3309=CIRCLE('',#8371,0.949999999999998);
#3310=CIRCLE('',#8372,0.949999999999998);
#3311=CIRCLE('',#8373,0.949999999999998);
#3312=CIRCLE('',#8375,0.950000000000002);
#3313=CIRCLE('',#8376,0.950000000000002);
#3314=CIRCLE('',#8377,0.950000000000002);
#3315=CIRCLE('',#8378,0.950000000000002);
#3316=CIRCLE('',#8380,2.99999999999999);
#3317=CIRCLE('',#8381,3.);
#3318=CIRCLE('',#8383,3.);
#3319=CIRCLE('',#8384,2.99999999999999);
#3320=CIRCLE('',#8386,3.);
#3321=CIRCLE('',#8387,3.);
#3322=CIRCLE('',#8389,3.);
#3323=CIRCLE('',#8390,3.);
#3324=CIRCLE('',#8392,3.);
#3325=CIRCLE('',#8393,2.99999999999999);
#3326=CIRCLE('',#8395,2.99999999999999);
#3327=CIRCLE('',#8396,3.);
#3328=CIRCLE('',#8398,3.);
#3329=CIRCLE('',#8399,3.);
#3330=CIRCLE('',#8400,3.6);
#3331=CIRCLE('',#8401,3.6);
#3332=CIRCLE('',#8402,3.6);
#3333=CIRCLE('',#8403,3.6);
#3334=CIRCLE('',#8404,3.6);
#3335=CIRCLE('',#8406,2.99999999999999);
#3336=CIRCLE('',#8408,2.99999999999999);
#3337=CIRCLE('',#8415,4.99999999999999);
#3338=CIRCLE('',#8416,4.99999999999999);
#3339=CIRCLE('',#8419,5.);
#3340=CIRCLE('',#8420,5.);
#3341=CIRCLE('',#8423,5.);
#3342=CIRCLE('',#8424,5.);
#3343=CIRCLE('',#8427,4.99999999999999);
#3344=CIRCLE('',#8428,4.99999999999999);
#3345=CIRCLE('',#8431,3.6);
#3346=CIRCLE('',#8433,3.6);
#3347=CIRCLE('',#8435,3.6);
#3348=CIRCLE('',#8437,3.6);
#3349=CIRCLE('',#8439,3.6);
#3350=CIRCLE('',#8446,4.5);
#3351=CIRCLE('',#8447,4.5);
#3352=CIRCLE('',#8450,1.65);
#3353=CIRCLE('',#8452,1.65);
#3354=CIRCLE('',#8455,4.5);
#3355=CIRCLE('',#8456,1.65);
#3356=CIRCLE('',#8458,4.5);
#3357=CIRCLE('',#8461,1.65);
#3358=CIRCLE('',#8464,4.5);
#3359=CIRCLE('',#8465,1.65);
#3360=CIRCLE('',#8467,4.5);
#3361=CIRCLE('',#8470,1.65);
#3362=CIRCLE('',#8473,4.5);
#3363=CIRCLE('',#8474,1.65);
#3364=CIRCLE('',#8476,4.5);
#3365=CIRCLE('',#8479,1.65);
#3366=CIRCLE('',#8482,4.5);
#3367=CIRCLE('',#8483,1.65);
#3368=CIRCLE('',#8485,4.5);
#3369=CIRCLE('',#8488,1.65);
#3370=VERTEX_POINT('',#10137);
#3371=VERTEX_POINT('',#10139);
#3372=VERTEX_POINT('',#10144);
#3373=VERTEX_POINT('',#10146);
#3374=VERTEX_POINT('',#10151);
#3375=VERTEX_POINT('',#10153);
#3376=VERTEX_POINT('',#10158);
#3377=VERTEX_POINT('',#10160);
#3378=VERTEX_POINT('',#10165);
#3379=VERTEX_POINT('',#10166);
#3380=VERTEX_POINT('',#10168);
#3381=VERTEX_POINT('',#10170);
#3382=VERTEX_POINT('',#10174);
#3383=VERTEX_POINT('',#10176);
#3384=VERTEX_POINT('',#10180);
#3385=VERTEX_POINT('',#10182);
#3386=VERTEX_POINT('',#10189);
#3387=VERTEX_POINT('',#10190);
#3388=VERTEX_POINT('',#10192);
#3389=VERTEX_POINT('',#10194);
#3390=VERTEX_POINT('',#10198);
#3391=VERTEX_POINT('',#10200);
#3392=VERTEX_POINT('',#10204);
#3393=VERTEX_POINT('',#10206);
#3394=VERTEX_POINT('',#10213);
#3395=VERTEX_POINT('',#10214);
#3396=VERTEX_POINT('',#10216);
#3397=VERTEX_POINT('',#10218);
#3398=VERTEX_POINT('',#10222);
#3399=VERTEX_POINT('',#10223);
#3400=VERTEX_POINT('',#10225);
#3401=VERTEX_POINT('',#10227);
#3402=VERTEX_POINT('',#10234);
#3403=VERTEX_POINT('',#10236);
#3404=VERTEX_POINT('',#10240);
#3405=VERTEX_POINT('',#10242);
#3406=VERTEX_POINT('',#10246);
#3407=VERTEX_POINT('',#10248);
#3408=VERTEX_POINT('',#10252);
#3409=VERTEX_POINT('',#10254);
#3410=VERTEX_POINT('',#10261);
#3411=VERTEX_POINT('',#10262);
#3412=VERTEX_POINT('',#10264);
#3413=VERTEX_POINT('',#10266);
#3414=VERTEX_POINT('',#10269);
#3415=VERTEX_POINT('',#10272);
#3416=VERTEX_POINT('',#10274);
#3417=VERTEX_POINT('',#10278);
#3418=VERTEX_POINT('',#10280);
#3419=VERTEX_POINT('',#10283);
#3420=VERTEX_POINT('',#10284);
#3421=VERTEX_POINT('',#10286);
#3422=VERTEX_POINT('',#10288);
#3423=VERTEX_POINT('',#10290);
#3424=VERTEX_POINT('',#10292);
#3425=VERTEX_POINT('',#10294);
#3426=VERTEX_POINT('',#10296);
#3427=VERTEX_POINT('',#10298);
#3428=VERTEX_POINT('',#10300);
#3429=VERTEX_POINT('',#10302);
#3430=VERTEX_POINT('',#10304);
#3431=VERTEX_POINT('',#10308);
#3432=VERTEX_POINT('',#10310);
#3433=VERTEX_POINT('',#10314);
#3434=VERTEX_POINT('',#10316);
#3435=VERTEX_POINT('',#10320);
#3436=VERTEX_POINT('',#10322);
#3437=VERTEX_POINT('',#10326);
#3438=VERTEX_POINT('',#10328);
#3439=VERTEX_POINT('',#10336);
#3440=VERTEX_POINT('',#10338);
#3441=VERTEX_POINT('',#10342);
#3442=VERTEX_POINT('',#10346);
#3443=VERTEX_POINT('',#10352);
#3444=VERTEX_POINT('',#10354);
#3445=VERTEX_POINT('',#10358);
#3446=VERTEX_POINT('',#10362);
#3447=VERTEX_POINT('',#10368);
#3448=VERTEX_POINT('',#10370);
#3449=VERTEX_POINT('',#10374);
#3450=VERTEX_POINT('',#10376);
#3451=VERTEX_POINT('',#10384);
#3452=VERTEX_POINT('',#10386);
#3453=VERTEX_POINT('',#10390);
#3454=VERTEX_POINT('',#10394);
#3455=VERTEX_POINT('',#10400);
#3456=VERTEX_POINT('',#10404);
#3457=VERTEX_POINT('',#10406);
#3458=VERTEX_POINT('',#10410);
#3459=VERTEX_POINT('',#10414);
#3460=VERTEX_POINT('',#10418);
#3461=VERTEX_POINT('',#10422);
#3462=VERTEX_POINT('',#10426);
#3463=VERTEX_POINT('',#10430);
#3464=VERTEX_POINT('',#10434);
#3465=VERTEX_POINT('',#10438);
#3466=VERTEX_POINT('',#10442);
#3467=VERTEX_POINT('',#10446);
#3468=VERTEX_POINT('',#10452);
#3469=VERTEX_POINT('',#10453);
#3470=VERTEX_POINT('',#10455);
#3471=VERTEX_POINT('',#10457);
#3472=VERTEX_POINT('',#10459);
#3473=VERTEX_POINT('',#10461);
#3474=VERTEX_POINT('',#10463);
#3475=VERTEX_POINT('',#10465);
#3476=VERTEX_POINT('',#10469);
#3477=VERTEX_POINT('',#10471);
#3478=VERTEX_POINT('',#10475);
#3479=VERTEX_POINT('',#10479);
#3480=VERTEX_POINT('',#10483);
#3481=VERTEX_POINT('',#10487);
#3482=VERTEX_POINT('',#10489);
#3483=VERTEX_POINT('',#10494);
#3484=VERTEX_POINT('',#10496);
#3485=VERTEX_POINT('',#10501);
#3486=VERTEX_POINT('',#10503);
#3487=VERTEX_POINT('',#10508);
#3488=VERTEX_POINT('',#10510);
#3489=VERTEX_POINT('',#10515);
#3490=VERTEX_POINT('',#10517);
#3491=VERTEX_POINT('',#10522);
#3492=VERTEX_POINT('',#10524);
#3493=VERTEX_POINT('',#10529);
#3494=VERTEX_POINT('',#10531);
#3495=VERTEX_POINT('',#10536);
#3496=VERTEX_POINT('',#10538);
#3497=VERTEX_POINT('',#10543);
#3498=VERTEX_POINT('',#10547);
#3499=VERTEX_POINT('',#10551);
#3500=VERTEX_POINT('',#10559);
#3501=VERTEX_POINT('',#10561);
#3502=VERTEX_POINT('',#10563);
#3503=VERTEX_POINT('',#10565);
#3504=VERTEX_POINT('',#10567);
#3505=VERTEX_POINT('',#10569);
#3506=VERTEX_POINT('',#10573);
#3507=VERTEX_POINT('',#10575);
#3508=VERTEX_POINT('',#10577);
#3509=VERTEX_POINT('',#10579);
#3510=VERTEX_POINT('',#10581);
#3511=VERTEX_POINT('',#10583);
#3512=VERTEX_POINT('',#10587);
#3513=VERTEX_POINT('',#10589);
#3514=VERTEX_POINT('',#10591);
#3515=VERTEX_POINT('',#10593);
#3516=VERTEX_POINT('',#10595);
#3517=VERTEX_POINT('',#10597);
#3518=VERTEX_POINT('',#10601);
#3519=VERTEX_POINT('',#10603);
#3520=VERTEX_POINT('',#10605);
#3521=VERTEX_POINT('',#10607);
#3522=VERTEX_POINT('',#10609);
#3523=VERTEX_POINT('',#10611);
#3524=VERTEX_POINT('',#10615);
#3525=VERTEX_POINT('',#10617);
#3526=VERTEX_POINT('',#10621);
#3527=VERTEX_POINT('',#10623);
#3528=VERTEX_POINT('',#10627);
#3529=VERTEX_POINT('',#10629);
#3530=VERTEX_POINT('',#10633);
#3531=VERTEX_POINT('',#10635);
#3532=VERTEX_POINT('',#10639);
#3533=VERTEX_POINT('',#10641);
#3534=VERTEX_POINT('',#10645);
#3535=VERTEX_POINT('',#10647);
#3536=VERTEX_POINT('',#10652);
#3537=VERTEX_POINT('',#10655);
#3538=VERTEX_POINT('',#10659);
#3539=VERTEX_POINT('',#10661);
#3540=VERTEX_POINT('',#10663);
#3541=VERTEX_POINT('',#10665);
#3542=VERTEX_POINT('',#10667);
#3543=VERTEX_POINT('',#10669);
#3544=VERTEX_POINT('',#10670);
#3545=VERTEX_POINT('',#10672);
#3546=VERTEX_POINT('',#10674);
#3547=VERTEX_POINT('',#10678);
#3548=VERTEX_POINT('',#10682);
#3549=VERTEX_POINT('',#10694);
#3550=VERTEX_POINT('',#10695);
#3551=VERTEX_POINT('',#10697);
#3552=VERTEX_POINT('',#10699);
#3553=VERTEX_POINT('',#10703);
#3554=VERTEX_POINT('',#10705);
#3555=VERTEX_POINT('',#10709);
#3556=VERTEX_POINT('',#10711);
#3557=VERTEX_POINT('',#10715);
#3558=VERTEX_POINT('',#10717);
#3559=VERTEX_POINT('',#10721);
#3560=VERTEX_POINT('',#10723);
#3561=VERTEX_POINT('',#10727);
#3562=VERTEX_POINT('',#10729);
#3563=VERTEX_POINT('',#10733);
#3564=VERTEX_POINT('',#10735);
#3565=VERTEX_POINT('',#10743);
#3566=VERTEX_POINT('',#10747);
#3567=VERTEX_POINT('',#10751);
#3568=VERTEX_POINT('',#10755);
#3569=VERTEX_POINT('',#10759);
#3570=VERTEX_POINT('',#10763);
#3571=VERTEX_POINT('',#10765);
#3572=VERTEX_POINT('',#10769);
#3573=VERTEX_POINT('',#10773);
#3574=VERTEX_POINT('',#10780);
#3575=VERTEX_POINT('',#10782);
#3576=VERTEX_POINT('',#10787);
#3577=VERTEX_POINT('',#10790);
#3578=VERTEX_POINT('',#10795);
#3579=VERTEX_POINT('',#10797);
#3580=VERTEX_POINT('',#10800);
#3581=VERTEX_POINT('',#10805);
#3582=VERTEX_POINT('',#10810);
#3583=VERTEX_POINT('',#10812);
#3584=VERTEX_POINT('',#10815);
#3585=VERTEX_POINT('',#10820);
#3586=VERTEX_POINT('',#10825);
#3587=VERTEX_POINT('',#10827);
#3588=VERTEX_POINT('',#10830);
#3589=VERTEX_POINT('',#10835);
#3590=VERTEX_POINT('',#10840);
#3591=VERTEX_POINT('',#10842);
#3592=VERTEX_POINT('',#10845);
#3593=VERTEX_POINT('',#10850);
#3594=VERTEX_POINT('',#10855);
#3595=VERTEX_POINT('',#10856);
#3596=VERTEX_POINT('',#10858);
#3597=VERTEX_POINT('',#10860);
#3598=VERTEX_POINT('',#10864);
#3599=VERTEX_POINT('',#10866);
#3600=VERTEX_POINT('',#10870);
#3601=VERTEX_POINT('',#10872);
#3602=VERTEX_POINT('',#10880);
#3603=VERTEX_POINT('',#10881);
#3604=VERTEX_POINT('',#10883);
#3605=VERTEX_POINT('',#10885);
#3606=VERTEX_POINT('',#10889);
#3607=VERTEX_POINT('',#10890);
#3608=VERTEX_POINT('',#10895);
#3609=VERTEX_POINT('',#10899);
#3610=VERTEX_POINT('',#10915);
#3611=VERTEX_POINT('',#10916);
#3612=VERTEX_POINT('',#10922);
#3613=VERTEX_POINT('',#10924);
#3614=VERTEX_POINT('',#10941);
#3615=VERTEX_POINT('',#10947);
#3616=VERTEX_POINT('',#10964);
#3617=VERTEX_POINT('',#10970);
#3618=VERTEX_POINT('',#10987);
#3619=VERTEX_POINT('',#10993);
#3620=VERTEX_POINT('',#11010);
#3621=VERTEX_POINT('',#11016);
#3622=VERTEX_POINT('',#11033);
#3623=VERTEX_POINT('',#11039);
#3624=VERTEX_POINT('',#11056);
#3625=VERTEX_POINT('',#11062);
#3626=VERTEX_POINT('',#11079);
#3627=VERTEX_POINT('',#11085);
#3628=VERTEX_POINT('',#11096);
#3629=VERTEX_POINT('',#11097);
#3630=VERTEX_POINT('',#11099);
#3631=VERTEX_POINT('',#11101);
#3632=VERTEX_POINT('',#11114);
#3633=VERTEX_POINT('',#11120);
#3634=VERTEX_POINT('',#11137);
#3635=VERTEX_POINT('',#11143);
#3636=VERTEX_POINT('',#11160);
#3637=VERTEX_POINT('',#11166);
#3638=VERTEX_POINT('',#11183);
#3639=VERTEX_POINT('',#11189);
#3640=VERTEX_POINT('',#11206);
#3641=VERTEX_POINT('',#11212);
#3642=VERTEX_POINT('',#11229);
#3643=VERTEX_POINT('',#11235);
#3644=VERTEX_POINT('',#11252);
#3645=VERTEX_POINT('',#11258);
#3646=VERTEX_POINT('',#11275);
#3647=VERTEX_POINT('',#11281);
#3648=VERTEX_POINT('',#11289);
#3649=VERTEX_POINT('',#11291);
#3650=VERTEX_POINT('',#11304);
#3651=VERTEX_POINT('',#11310);
#3652=VERTEX_POINT('',#11327);
#3653=VERTEX_POINT('',#11333);
#3654=VERTEX_POINT('',#11341);
#3655=VERTEX_POINT('',#11343);
#3656=VERTEX_POINT('',#11356);
#3657=VERTEX_POINT('',#11362);
#3658=VERTEX_POINT('',#11379);
#3659=VERTEX_POINT('',#11385);
#3660=VERTEX_POINT('',#11402);
#3661=VERTEX_POINT('',#11408);
#3662=VERTEX_POINT('',#11425);
#3663=VERTEX_POINT('',#11431);
#3664=VERTEX_POINT('',#11448);
#3665=VERTEX_POINT('',#11454);
#3666=VERTEX_POINT('',#11471);
#3667=VERTEX_POINT('',#11477);
#3668=VERTEX_POINT('',#11494);
#3669=VERTEX_POINT('',#11500);
#3670=VERTEX_POINT('',#11517);
#3671=VERTEX_POINT('',#11523);
#3672=VERTEX_POINT('',#11540);
#3673=VERTEX_POINT('',#11546);
#3674=VERTEX_POINT('',#11563);
#3675=VERTEX_POINT('',#11569);
#3676=VERTEX_POINT('',#11586);
#3677=VERTEX_POINT('',#11592);
#3678=VERTEX_POINT('',#11609);
#3679=VERTEX_POINT('',#11615);
#3680=VERTEX_POINT('',#11632);
#3681=VERTEX_POINT('',#11638);
#3682=VERTEX_POINT('',#11677);
#3683=VERTEX_POINT('',#11678);
#3684=VERTEX_POINT('',#11684);
#3685=VERTEX_POINT('',#11686);
#3686=VERTEX_POINT('',#11703);
#3687=VERTEX_POINT('',#11709);
#3688=VERTEX_POINT('',#11726);
#3689=VERTEX_POINT('',#11732);
#3690=VERTEX_POINT('',#11749);
#3691=VERTEX_POINT('',#11755);
#3692=VERTEX_POINT('',#11772);
#3693=VERTEX_POINT('',#11778);
#3694=VERTEX_POINT('',#11795);
#3695=VERTEX_POINT('',#11801);
#3696=VERTEX_POINT('',#11818);
#3697=VERTEX_POINT('',#11824);
#3698=VERTEX_POINT('',#11861);
#3699=VERTEX_POINT('',#11862);
#3700=VERTEX_POINT('',#11868);
#3701=VERTEX_POINT('',#11870);
#3702=VERTEX_POINT('',#11887);
#3703=VERTEX_POINT('',#11893);
#3704=VERTEX_POINT('',#11910);
#3705=VERTEX_POINT('',#11916);
#3706=VERTEX_POINT('',#11933);
#3707=VERTEX_POINT('',#11939);
#3708=VERTEX_POINT('',#11956);
#3709=VERTEX_POINT('',#11962);
#3710=VERTEX_POINT('',#11979);
#3711=VERTEX_POINT('',#11985);
#3712=VERTEX_POINT('',#12002);
#3713=VERTEX_POINT('',#12008);
#3714=VERTEX_POINT('',#12047);
#3715=VERTEX_POINT('',#12048);
#3716=VERTEX_POINT('',#12054);
#3717=VERTEX_POINT('',#12056);
#3718=VERTEX_POINT('',#12073);
#3719=VERTEX_POINT('',#12079);
#3720=VERTEX_POINT('',#12096);
#3721=VERTEX_POINT('',#12102);
#3722=VERTEX_POINT('',#12119);
#3723=VERTEX_POINT('',#12125);
#3724=VERTEX_POINT('',#12142);
#3725=VERTEX_POINT('',#12148);
#3726=VERTEX_POINT('',#12165);
#3727=VERTEX_POINT('',#12171);
#3728=VERTEX_POINT('',#12188);
#3729=VERTEX_POINT('',#12194);
#3730=VERTEX_POINT('',#12231);
#3731=VERTEX_POINT('',#12232);
#3732=VERTEX_POINT('',#12238);
#3733=VERTEX_POINT('',#12240);
#3734=VERTEX_POINT('',#12257);
#3735=VERTEX_POINT('',#12263);
#3736=VERTEX_POINT('',#12280);
#3737=VERTEX_POINT('',#12286);
#3738=VERTEX_POINT('',#12303);
#3739=VERTEX_POINT('',#12309);
#3740=VERTEX_POINT('',#12326);
#3741=VERTEX_POINT('',#12332);
#3742=VERTEX_POINT('',#12349);
#3743=VERTEX_POINT('',#12355);
#3744=VERTEX_POINT('',#12372);
#3745=VERTEX_POINT('',#12378);
#3746=VERTEX_POINT('',#12408);
#3747=VERTEX_POINT('',#12409);
#3748=VERTEX_POINT('',#12411);
#3749=VERTEX_POINT('',#12413);
#3750=VERTEX_POINT('',#12417);
#3751=VERTEX_POINT('',#12419);
#3752=VERTEX_POINT('',#12423);
#3753=VERTEX_POINT('',#12425);
#3754=VERTEX_POINT('',#12434);
#3755=VERTEX_POINT('',#12435);
#3756=VERTEX_POINT('',#12437);
#3757=VERTEX_POINT('',#12439);
#3758=VERTEX_POINT('',#12452);
#3759=VERTEX_POINT('',#12458);
#3760=VERTEX_POINT('',#12475);
#3761=VERTEX_POINT('',#12481);
#3762=VERTEX_POINT('',#12498);
#3763=VERTEX_POINT('',#12504);
#3764=VERTEX_POINT('',#12521);
#3765=VERTEX_POINT('',#12527);
#3766=VERTEX_POINT('',#12535);
#3767=VERTEX_POINT('',#12537);
#3768=VERTEX_POINT('',#12544);
#3769=VERTEX_POINT('',#12545);
#3770=VERTEX_POINT('',#12547);
#3771=VERTEX_POINT('',#12549);
#3772=VERTEX_POINT('',#12562);
#3773=VERTEX_POINT('',#12568);
#3774=VERTEX_POINT('',#12585);
#3775=VERTEX_POINT('',#12591);
#3776=VERTEX_POINT('',#12608);
#3777=VERTEX_POINT('',#12614);
#3778=VERTEX_POINT('',#12631);
#3779=VERTEX_POINT('',#12637);
#3780=VERTEX_POINT('',#12645);
#3781=VERTEX_POINT('',#12647);
#3782=VERTEX_POINT('',#12654);
#3783=VERTEX_POINT('',#12655);
#3784=VERTEX_POINT('',#12657);
#3785=VERTEX_POINT('',#12659);
#3786=VERTEX_POINT('',#12672);
#3787=VERTEX_POINT('',#12678);
#3788=VERTEX_POINT('',#12695);
#3789=VERTEX_POINT('',#12701);
#3790=VERTEX_POINT('',#12718);
#3791=VERTEX_POINT('',#12724);
#3792=VERTEX_POINT('',#12741);
#3793=VERTEX_POINT('',#12747);
#3794=VERTEX_POINT('',#12764);
#3795=VERTEX_POINT('',#12770);
#3796=VERTEX_POINT('',#12787);
#3797=VERTEX_POINT('',#12793);
#3798=VERTEX_POINT('',#12810);
#3799=VERTEX_POINT('',#12816);
#3800=VERTEX_POINT('',#12833);
#3801=VERTEX_POINT('',#12839);
#3802=VERTEX_POINT('',#12856);
#3803=VERTEX_POINT('',#12862);
#3804=VERTEX_POINT('',#12879);
#3805=VERTEX_POINT('',#12885);
#3806=VERTEX_POINT('',#12893);
#3807=VERTEX_POINT('',#12895);
#3808=VERTEX_POINT('',#12904);
#3809=VERTEX_POINT('',#12905);
#3810=VERTEX_POINT('',#12907);
#3811=VERTEX_POINT('',#12909);
#3812=VERTEX_POINT('',#12913);
#3813=VERTEX_POINT('',#12915);
#3814=VERTEX_POINT('',#12922);
#3815=VERTEX_POINT('',#12923);
#3816=VERTEX_POINT('',#12925);
#3817=VERTEX_POINT('',#12927);
#3818=VERTEX_POINT('',#12931);
#3819=VERTEX_POINT('',#12933);
#3820=VERTEX_POINT('',#12937);
#3821=VERTEX_POINT('',#12939);
#3822=VERTEX_POINT('',#12943);
#3823=VERTEX_POINT('',#12945);
#3824=VERTEX_POINT('',#12949);
#3825=VERTEX_POINT('',#12951);
#3826=VERTEX_POINT('',#12955);
#3827=VERTEX_POINT('',#12957);
#3828=VERTEX_POINT('',#12961);
#3829=VERTEX_POINT('',#12963);
#3830=VERTEX_POINT('',#12981);
#3831=VERTEX_POINT('',#12982);
#3832=VERTEX_POINT('',#12988);
#3833=VERTEX_POINT('',#12990);
#3834=VERTEX_POINT('',#13007);
#3835=VERTEX_POINT('',#13013);
#3836=VERTEX_POINT('',#13030);
#3837=VERTEX_POINT('',#13036);
#3838=VERTEX_POINT('',#13053);
#3839=VERTEX_POINT('',#13059);
#3840=VERTEX_POINT('',#13076);
#3841=VERTEX_POINT('',#13082);
#3842=VERTEX_POINT('',#13099);
#3843=VERTEX_POINT('',#13105);
#3844=VERTEX_POINT('',#13122);
#3845=VERTEX_POINT('',#13128);
#3846=VERTEX_POINT('',#13145);
#3847=VERTEX_POINT('',#13151);
#3848=VERTEX_POINT('',#13162);
#3849=VERTEX_POINT('',#13163);
#3850=VERTEX_POINT('',#13165);
#3851=VERTEX_POINT('',#13167);
#3852=VERTEX_POINT('',#13180);
#3853=VERTEX_POINT('',#13186);
#3854=VERTEX_POINT('',#13203);
#3855=VERTEX_POINT('',#13209);
#3856=VERTEX_POINT('',#13226);
#3857=VERTEX_POINT('',#13232);
#3858=VERTEX_POINT('',#13249);
#3859=VERTEX_POINT('',#13255);
#3860=VERTEX_POINT('',#13272);
#3861=VERTEX_POINT('',#13278);
#3862=VERTEX_POINT('',#13295);
#3863=VERTEX_POINT('',#13301);
#3864=VERTEX_POINT('',#13318);
#3865=VERTEX_POINT('',#13324);
#3866=VERTEX_POINT('',#13341);
#3867=VERTEX_POINT('',#13347);
#3868=VERTEX_POINT('',#13355);
#3869=VERTEX_POINT('',#13357);
#3870=VERTEX_POINT('',#13370);
#3871=VERTEX_POINT('',#13376);
#3872=VERTEX_POINT('',#13393);
#3873=VERTEX_POINT('',#13399);
#3874=VERTEX_POINT('',#13407);
#3875=VERTEX_POINT('',#13409);
#3876=VERTEX_POINT('',#13422);
#3877=VERTEX_POINT('',#13428);
#3878=VERTEX_POINT('',#13445);
#3879=VERTEX_POINT('',#13451);
#3880=VERTEX_POINT('',#13468);
#3881=VERTEX_POINT('',#13474);
#3882=VERTEX_POINT('',#13491);
#3883=VERTEX_POINT('',#13497);
#3884=VERTEX_POINT('',#13514);
#3885=VERTEX_POINT('',#13520);
#3886=VERTEX_POINT('',#13537);
#3887=VERTEX_POINT('',#13543);
#3888=VERTEX_POINT('',#13560);
#3889=VERTEX_POINT('',#13566);
#3890=VERTEX_POINT('',#13583);
#3891=VERTEX_POINT('',#13589);
#3892=VERTEX_POINT('',#13606);
#3893=VERTEX_POINT('',#13612);
#3894=VERTEX_POINT('',#13629);
#3895=VERTEX_POINT('',#13635);
#3896=VERTEX_POINT('',#13652);
#3897=VERTEX_POINT('',#13658);
#3898=VERTEX_POINT('',#13675);
#3899=VERTEX_POINT('',#13681);
#3900=VERTEX_POINT('',#13698);
#3901=VERTEX_POINT('',#13704);
#3902=VERTEX_POINT('',#13734);
#3903=VERTEX_POINT('',#13735);
#3904=VERTEX_POINT('',#13737);
#3905=VERTEX_POINT('',#13739);
#3906=VERTEX_POINT('',#13743);
#3907=VERTEX_POINT('',#13745);
#3908=VERTEX_POINT('',#13749);
#3909=VERTEX_POINT('',#13751);
#3910=VERTEX_POINT('',#13769);
#3911=VERTEX_POINT('',#13770);
#3912=VERTEX_POINT('',#13776);
#3913=VERTEX_POINT('',#13778);
#3914=VERTEX_POINT('',#13795);
#3915=VERTEX_POINT('',#13801);
#3916=VERTEX_POINT('',#13818);
#3917=VERTEX_POINT('',#13824);
#3918=VERTEX_POINT('',#13841);
#3919=VERTEX_POINT('',#13847);
#3920=VERTEX_POINT('',#13858);
#3921=VERTEX_POINT('',#13859);
#3922=VERTEX_POINT('',#13861);
#3923=VERTEX_POINT('',#13863);
#3924=VERTEX_POINT('',#13876);
#3925=VERTEX_POINT('',#13882);
#3926=VERTEX_POINT('',#13899);
#3927=VERTEX_POINT('',#13905);
#3928=VERTEX_POINT('',#13922);
#3929=VERTEX_POINT('',#13928);
#3930=VERTEX_POINT('',#13945);
#3931=VERTEX_POINT('',#13951);
#3932=VERTEX_POINT('',#13959);
#3933=VERTEX_POINT('',#13961);
#3934=VERTEX_POINT('',#13974);
#3935=VERTEX_POINT('',#13980);
#3936=VERTEX_POINT('',#13997);
#3937=VERTEX_POINT('',#14003);
#3938=VERTEX_POINT('',#14020);
#3939=VERTEX_POINT('',#14026);
#3940=VERTEX_POINT('',#14043);
#3941=VERTEX_POINT('',#14049);
#3942=VERTEX_POINT('',#14066);
#3943=VERTEX_POINT('',#14072);
#3944=VERTEX_POINT('',#14089);
#3945=VERTEX_POINT('',#14095);
#3946=VERTEX_POINT('',#14112);
#3947=VERTEX_POINT('',#14118);
#3948=VERTEX_POINT('',#14135);
#3949=VERTEX_POINT('',#14141);
#3950=VERTEX_POINT('',#14158);
#3951=VERTEX_POINT('',#14164);
#3952=VERTEX_POINT('',#14181);
#3953=VERTEX_POINT('',#14187);
#3954=VERTEX_POINT('',#14200);
#3955=VERTEX_POINT('',#14201);
#3956=VERTEX_POINT('',#14203);
#3957=VERTEX_POINT('',#14205);
#3958=VERTEX_POINT('',#14209);
#3959=VERTEX_POINT('',#14211);
#3960=VERTEX_POINT('',#14224);
#3961=VERTEX_POINT('',#14230);
#3962=VERTEX_POINT('',#14247);
#3963=VERTEX_POINT('',#14253);
#3964=VERTEX_POINT('',#14270);
#3965=VERTEX_POINT('',#14276);
#3966=VERTEX_POINT('',#14293);
#3967=VERTEX_POINT('',#14299);
#3968=VERTEX_POINT('',#14307);
#3969=VERTEX_POINT('',#14309);
#3970=VERTEX_POINT('',#14313);
#3971=VERTEX_POINT('',#14315);
#3972=VERTEX_POINT('',#14319);
#3973=VERTEX_POINT('',#14321);
#3974=VERTEX_POINT('',#14334);
#3975=VERTEX_POINT('',#14340);
#3976=VERTEX_POINT('',#14357);
#3977=VERTEX_POINT('',#14363);
#3978=VERTEX_POINT('',#14380);
#3979=VERTEX_POINT('',#14386);
#3980=VERTEX_POINT('',#14403);
#3981=VERTEX_POINT('',#14409);
#3982=VERTEX_POINT('',#14417);
#3983=VERTEX_POINT('',#14419);
#3984=VERTEX_POINT('',#14423);
#3985=VERTEX_POINT('',#14425);
#3986=VERTEX_POINT('',#14434);
#3987=VERTEX_POINT('',#14435);
#3988=VERTEX_POINT('',#14437);
#3989=VERTEX_POINT('',#14439);
#3990=VERTEX_POINT('',#14443);
#3991=VERTEX_POINT('',#14445);
#3992=VERTEX_POINT('',#14449);
#3993=VERTEX_POINT('',#14451);
#3994=VERTEX_POINT('',#14455);
#3995=VERTEX_POINT('',#14457);
#3996=VERTEX_POINT('',#14461);
#3997=VERTEX_POINT('',#14463);
#3998=VERTEX_POINT('',#14476);
#3999=VERTEX_POINT('',#14482);
#4000=VERTEX_POINT('',#14499);
#4001=VERTEX_POINT('',#14505);
#4002=VERTEX_POINT('',#14522);
#4003=VERTEX_POINT('',#14528);
#4004=VERTEX_POINT('',#14536);
#4005=VERTEX_POINT('',#14538);
#4006=VERTEX_POINT('',#14551);
#4007=VERTEX_POINT('',#14557);
#4008=VERTEX_POINT('',#14574);
#4009=VERTEX_POINT('',#14580);
#4010=VERTEX_POINT('',#14597);
#4011=VERTEX_POINT('',#14603);
#4012=VERTEX_POINT('',#14616);
#4013=VERTEX_POINT('',#14617);
#4014=VERTEX_POINT('',#14619);
#4015=VERTEX_POINT('',#14621);
#4016=VERTEX_POINT('',#14625);
#4017=VERTEX_POINT('',#14627);
#4018=VERTEX_POINT('',#14631);
#4019=VERTEX_POINT('',#14633);
#4020=VERTEX_POINT('',#14651);
#4021=VERTEX_POINT('',#14652);
#4022=VERTEX_POINT('',#14658);
#4023=VERTEX_POINT('',#14660);
#4024=VERTEX_POINT('',#14677);
#4025=VERTEX_POINT('',#14683);
#4026=VERTEX_POINT('',#14700);
#4027=VERTEX_POINT('',#14706);
#4028=VERTEX_POINT('',#14723);
#4029=VERTEX_POINT('',#14729);
#4030=VERTEX_POINT('',#14746);
#4031=VERTEX_POINT('',#14752);
#4032=VERTEX_POINT('',#14769);
#4033=VERTEX_POINT('',#14775);
#4034=VERTEX_POINT('',#14792);
#4035=VERTEX_POINT('',#14798);
#4036=VERTEX_POINT('',#14826);
#4037=VERTEX_POINT('',#14827);
#4038=VERTEX_POINT('',#14829);
#4039=VERTEX_POINT('',#14831);
#4040=VERTEX_POINT('',#14835);
#4041=VERTEX_POINT('',#14837);
#4042=VERTEX_POINT('',#14841);
#4043=VERTEX_POINT('',#14843);
#4044=VERTEX_POINT('',#14856);
#4045=VERTEX_POINT('',#14862);
#4046=VERTEX_POINT('',#14879);
#4047=VERTEX_POINT('',#14885);
#4048=VERTEX_POINT('',#14902);
#4049=VERTEX_POINT('',#14908);
#4050=VERTEX_POINT('',#14925);
#4051=VERTEX_POINT('',#14931);
#4052=VERTEX_POINT('',#14948);
#4053=VERTEX_POINT('',#14954);
#4054=VERTEX_POINT('',#14971);
#4055=VERTEX_POINT('',#14977);
#4056=VERTEX_POINT('',#14994);
#4057=VERTEX_POINT('',#15000);
#4058=VERTEX_POINT('',#15017);
#4059=VERTEX_POINT('',#15023);
#4060=VERTEX_POINT('',#15031);
#4061=VERTEX_POINT('',#15033);
#4062=VERTEX_POINT('',#15042);
#4063=VERTEX_POINT('',#15043);
#4064=VERTEX_POINT('',#15045);
#4065=VERTEX_POINT('',#15047);
#4066=VERTEX_POINT('',#15060);
#4067=VERTEX_POINT('',#15066);
#4068=VERTEX_POINT('',#15083);
#4069=VERTEX_POINT('',#15089);
#4070=VERTEX_POINT('',#15106);
#4071=VERTEX_POINT('',#15112);
#4072=VERTEX_POINT('',#15129);
#4073=VERTEX_POINT('',#15135);
#4074=VERTEX_POINT('',#15143);
#4075=VERTEX_POINT('',#15145);
#4076=VERTEX_POINT('',#15152);
#4077=VERTEX_POINT('',#15153);
#4078=VERTEX_POINT('',#15155);
#4079=VERTEX_POINT('',#15157);
#4080=VERTEX_POINT('',#15170);
#4081=VERTEX_POINT('',#15176);
#4082=VERTEX_POINT('',#15193);
#4083=VERTEX_POINT('',#15199);
#4084=VERTEX_POINT('',#15216);
#4085=VERTEX_POINT('',#15222);
#4086=VERTEX_POINT('',#15239);
#4087=VERTEX_POINT('',#15245);
#4088=VERTEX_POINT('',#15253);
#4089=VERTEX_POINT('',#15255);
#4090=VERTEX_POINT('',#15259);
#4091=VERTEX_POINT('',#15261);
#4092=VERTEX_POINT('',#15265);
#4093=VERTEX_POINT('',#15267);
#4094=VERTEX_POINT('',#15276);
#4095=VERTEX_POINT('',#15277);
#4096=VERTEX_POINT('',#15279);
#4097=VERTEX_POINT('',#15281);
#4098=VERTEX_POINT('',#15285);
#4099=VERTEX_POINT('',#15287);
#4100=VERTEX_POINT('',#15300);
#4101=VERTEX_POINT('',#15306);
#4102=VERTEX_POINT('',#15323);
#4103=VERTEX_POINT('',#15329);
#4104=VERTEX_POINT('',#15346);
#4105=VERTEX_POINT('',#15352);
#4106=VERTEX_POINT('',#15369);
#4107=VERTEX_POINT('',#15375);
#4108=VERTEX_POINT('',#15383);
#4109=VERTEX_POINT('',#15385);
#4110=VERTEX_POINT('',#15389);
#4111=VERTEX_POINT('',#15391);
#4112=VERTEX_POINT('',#15395);
#4113=VERTEX_POINT('',#15397);
#4114=VERTEX_POINT('',#15410);
#4115=VERTEX_POINT('',#15416);
#4116=VERTEX_POINT('',#15433);
#4117=VERTEX_POINT('',#15439);
#4118=VERTEX_POINT('',#15456);
#4119=VERTEX_POINT('',#15462);
#4120=VERTEX_POINT('',#15479);
#4121=VERTEX_POINT('',#15485);
#4122=VERTEX_POINT('',#15493);
#4123=VERTEX_POINT('',#15495);
#4124=VERTEX_POINT('',#15499);
#4125=VERTEX_POINT('',#15501);
#4126=VERTEX_POINT('',#15510);
#4127=VERTEX_POINT('',#15511);
#4128=VERTEX_POINT('',#15513);
#4129=VERTEX_POINT('',#15515);
#4130=VERTEX_POINT('',#15519);
#4131=VERTEX_POINT('',#15521);
#4132=VERTEX_POINT('',#15525);
#4133=VERTEX_POINT('',#15527);
#4134=VERTEX_POINT('',#15531);
#4135=VERTEX_POINT('',#15533);
#4136=VERTEX_POINT('',#15537);
#4137=VERTEX_POINT('',#15539);
#4138=VERTEX_POINT('',#15543);
#4139=VERTEX_POINT('',#15545);
#4140=VERTEX_POINT('',#15549);
#4141=VERTEX_POINT('',#15551);
#4142=VERTEX_POINT('',#15555);
#4143=VERTEX_POINT('',#15557);
#4144=VERTEX_POINT('',#15561);
#4145=VERTEX_POINT('',#15563);
#4146=EDGE_CURVE('',#3370,#3370,#3250,.T.);
#4147=EDGE_CURVE('',#3370,#3371,#1874,.T.);
#4148=EDGE_CURVE('',#3371,#3371,#3251,.T.);
#4149=EDGE_CURVE('',#3372,#3372,#3252,.T.);
#4150=EDGE_CURVE('',#3372,#3373,#1875,.T.);
#4151=EDGE_CURVE('',#3373,#3373,#3253,.T.);
#4152=EDGE_CURVE('',#3374,#3374,#3254,.T.);
#4153=EDGE_CURVE('',#3374,#3375,#1876,.T.);
#4154=EDGE_CURVE('',#3375,#3375,#3255,.T.);
#4155=EDGE_CURVE('',#3376,#3376,#3256,.T.);
#4156=EDGE_CURVE('',#3376,#3377,#1877,.T.);
#4157=EDGE_CURVE('',#3377,#3377,#3257,.T.);
#4158=EDGE_CURVE('',#3378,#3379,#1878,.T.);
#4159=EDGE_CURVE('',#3380,#3378,#1879,.T.);
#4160=EDGE_CURVE('',#3381,#3380,#1880,.T.);
#4161=EDGE_CURVE('',#3381,#3379,#1881,.T.);
#4162=EDGE_CURVE('',#3379,#3382,#1882,.T.);
#4163=EDGE_CURVE('',#3383,#3381,#1883,.T.);
#4164=EDGE_CURVE('',#3383,#3382,#1884,.T.);
#4165=EDGE_CURVE('',#3382,#3384,#1885,.T.);
#4166=EDGE_CURVE('',#3385,#3383,#1886,.T.);
#4167=EDGE_CURVE('',#3385,#3384,#1887,.T.);
#4168=EDGE_CURVE('',#3384,#3378,#1888,.T.);
#4169=EDGE_CURVE('',#3380,#3385,#1889,.T.);
#4170=EDGE_CURVE('',#3386,#3387,#1890,.T.);
#4171=EDGE_CURVE('',#3388,#3386,#1891,.T.);
#4172=EDGE_CURVE('',#3389,#3388,#1892,.T.);
#4173=EDGE_CURVE('',#3389,#3387,#1893,.T.);
#4174=EDGE_CURVE('',#3387,#3390,#1894,.T.);
#4175=EDGE_CURVE('',#3391,#3389,#1895,.T.);
#4176=EDGE_CURVE('',#3391,#3390,#1896,.T.);
#4177=EDGE_CURVE('',#3390,#3392,#1897,.T.);
#4178=EDGE_CURVE('',#3393,#3391,#1898,.T.);
#4179=EDGE_CURVE('',#3393,#3392,#1899,.T.);
#4180=EDGE_CURVE('',#3392,#3386,#1900,.T.);
#4181=EDGE_CURVE('',#3388,#3393,#1901,.T.);
#4182=EDGE_CURVE('',#3394,#3395,#3258,.T.);
#4183=EDGE_CURVE('',#3395,#3396,#1902,.T.);
#4184=EDGE_CURVE('',#3397,#3396,#3259,.T.);
#4185=EDGE_CURVE('',#3394,#3397,#1903,.T.);
#4186=EDGE_CURVE('',#3398,#3399,#3260,.T.);
#4187=EDGE_CURVE('',#3399,#3400,#1904,.T.);
#4188=EDGE_CURVE('',#3401,#3400,#3261,.T.);
#4189=EDGE_CURVE('',#3398,#3401,#1905,.T.);
#4190=EDGE_CURVE('',#3398,#3395,#1906,.T.);
#4191=EDGE_CURVE('',#3396,#3401,#1907,.T.);
#4192=EDGE_CURVE('',#3402,#3399,#1908,.T.);
#4193=EDGE_CURVE('',#3402,#3403,#1909,.T.);
#4194=EDGE_CURVE('',#3400,#3403,#1910,.T.);
#4195=EDGE_CURVE('',#3394,#3404,#1911,.T.);
#4196=EDGE_CURVE('',#3405,#3397,#1912,.T.);
#4197=EDGE_CURVE('',#3404,#3405,#1913,.T.);
#4198=EDGE_CURVE('',#3406,#3404,#3262,.T.);
#4199=EDGE_CURVE('',#3407,#3405,#3263,.T.);
#4200=EDGE_CURVE('',#3406,#3407,#1914,.T.);
#4201=EDGE_CURVE('',#3406,#3408,#1915,.T.);
#4202=EDGE_CURVE('',#3409,#3407,#1916,.T.);
#4203=EDGE_CURVE('',#3408,#3409,#1917,.T.);
#4204=EDGE_CURVE('',#3402,#3408,#3264,.T.);
#4205=EDGE_CURVE('',#3403,#3409,#3265,.T.);
#4206=EDGE_CURVE('',#3410,#3411,#1918,.T.);
#4207=EDGE_CURVE('',#3410,#3412,#1919,.T.);
#4208=EDGE_CURVE('',#3413,#3412,#1920,.T.);
#4209=EDGE_CURVE('',#3411,#3413,#1921,.T.);
#4210=EDGE_CURVE('',#3414,#3414,#3266,.T.);
#4211=EDGE_CURVE('',#3411,#3415,#3267,.T.);
#4212=EDGE_CURVE('',#3416,#3413,#3268,.T.);
#4213=EDGE_CURVE('',#3415,#3416,#1922,.T.);
#4214=EDGE_CURVE('',#3415,#3417,#1923,.T.);
#4215=EDGE_CURVE('',#3418,#3416,#1924,.T.);
#4216=EDGE_CURVE('',#3417,#3418,#1925,.T.);
#4217=EDGE_CURVE('',#3419,#3420,#1926,.T.);
#4218=EDGE_CURVE('',#3420,#3421,#1927,.T.);
#4219=EDGE_CURVE('',#3421,#3422,#1928,.T.);
#4220=EDGE_CURVE('',#3422,#3423,#1929,.T.);
#4221=EDGE_CURVE('',#3423,#3424,#1930,.T.);
#4222=EDGE_CURVE('',#3424,#3425,#1931,.T.);
#4223=EDGE_CURVE('',#3425,#3426,#1932,.T.);
#4224=EDGE_CURVE('',#3426,#3427,#1933,.T.);
#4225=EDGE_CURVE('',#3427,#3428,#1934,.T.);
#4226=EDGE_CURVE('',#3428,#3429,#1935,.T.);
#4227=EDGE_CURVE('',#3429,#3430,#1936,.T.);
#4228=EDGE_CURVE('',#3430,#3419,#1937,.T.);
#4229=EDGE_CURVE('',#3417,#3431,#3269,.T.);
#4230=EDGE_CURVE('',#3432,#3418,#3270,.T.);
#4231=EDGE_CURVE('',#3431,#3432,#1938,.T.);
#4232=EDGE_CURVE('',#3431,#3433,#1939,.T.);
#4233=EDGE_CURVE('',#3434,#3432,#1940,.T.);
#4234=EDGE_CURVE('',#3433,#3434,#1941,.T.);
#4235=EDGE_CURVE('',#3433,#3435,#3271,.T.);
#4236=EDGE_CURVE('',#3436,#3434,#3272,.T.);
#4237=EDGE_CURVE('',#3435,#3436,#1942,.T.);
#4238=EDGE_CURVE('',#3435,#3437,#1943,.T.);
#4239=EDGE_CURVE('',#3438,#3436,#1944,.T.);
#4240=EDGE_CURVE('',#3437,#3438,#1945,.T.);
#4241=EDGE_CURVE('',#3437,#3410,#3273,.T.);
#4242=EDGE_CURVE('',#3412,#3438,#3274,.T.);
#4243=EDGE_CURVE('',#3381,#3439,#595,.T.);
#4244=EDGE_CURVE('',#3439,#3440,#1946,.T.);
#4245=EDGE_CURVE('',#3440,#3383,#596,.T.);
#4246=EDGE_CURVE('',#3440,#3441,#1947,.T.);
#4247=EDGE_CURVE('',#3441,#3385,#597,.T.);
#4248=EDGE_CURVE('',#3441,#3442,#1948,.T.);
#4249=EDGE_CURVE('',#3442,#3380,#598,.T.);
#4250=EDGE_CURVE('',#3442,#3439,#1949,.T.);
#4251=EDGE_CURVE('',#3440,#3443,#1950,.T.);
#4252=EDGE_CURVE('',#3444,#3443,#1951,.T.);
#4253=EDGE_CURVE('',#3441,#3444,#1952,.T.);
#4254=EDGE_CURVE('',#3445,#3439,#1953,.T.);
#4255=EDGE_CURVE('',#3443,#3445,#1954,.T.);
#4256=EDGE_CURVE('',#3446,#3444,#1955,.T.);
#4257=EDGE_CURVE('',#3442,#3446,#1956,.T.);
#4258=EDGE_CURVE('',#3445,#3446,#1957,.T.);
#4259=EDGE_CURVE('',#3393,#3447,#599,.T.);
#4260=EDGE_CURVE('',#3447,#3448,#1958,.T.);
#4261=EDGE_CURVE('',#3388,#3448,#600,.T.);
#4262=EDGE_CURVE('',#3389,#3449,#601,.T.);
#4263=EDGE_CURVE('',#3449,#3450,#1959,.T.);
#4264=EDGE_CURVE('',#3450,#3391,#602,.T.);
#4265=EDGE_CURVE('',#3448,#3449,#1960,.T.);
#4266=EDGE_CURVE('',#3450,#3447,#1961,.T.);
#4267=EDGE_CURVE('',#3450,#3451,#1962,.T.);
#4268=EDGE_CURVE('',#3452,#3451,#1963,.T.);
#4269=EDGE_CURVE('',#3447,#3452,#1964,.T.);
#4270=EDGE_CURVE('',#3449,#3453,#1965,.T.);
#4271=EDGE_CURVE('',#3451,#3453,#1966,.T.);
#4272=EDGE_CURVE('',#3448,#3454,#1967,.T.);
#4273=EDGE_CURVE('',#3453,#3454,#1968,.T.);
#4274=EDGE_CURVE('',#3454,#3452,#1969,.T.);
#4275=EDGE_CURVE('',#3414,#3455,#1970,.T.);
#4276=EDGE_CURVE('',#3455,#3455,#3275,.T.);
#4277=EDGE_CURVE('',#3430,#3456,#1971,.T.);
#4278=EDGE_CURVE('',#3457,#3456,#1972,.T.);
#4279=EDGE_CURVE('',#3419,#3457,#1973,.T.);
#4280=EDGE_CURVE('',#3458,#3457,#1974,.T.);
#4281=EDGE_CURVE('',#3420,#3458,#1975,.T.);
#4282=EDGE_CURVE('',#3459,#3458,#1976,.T.);
#4283=EDGE_CURVE('',#3421,#3459,#1977,.T.);
#4284=EDGE_CURVE('',#3460,#3459,#1978,.T.);
#4285=EDGE_CURVE('',#3422,#3460,#1979,.T.);
#4286=EDGE_CURVE('',#3461,#3460,#1980,.T.);
#4287=EDGE_CURVE('',#3423,#3461,#1981,.T.);
#4288=EDGE_CURVE('',#3462,#3461,#1982,.T.);
#4289=EDGE_CURVE('',#3424,#3462,#1983,.T.);
#4290=EDGE_CURVE('',#3463,#3462,#1984,.T.);
#4291=EDGE_CURVE('',#3463,#3425,#1985,.T.);
#4292=EDGE_CURVE('',#3429,#3464,#1986,.T.);
#4293=EDGE_CURVE('',#3456,#3464,#1987,.T.);
#4294=EDGE_CURVE('',#3428,#3465,#1988,.T.);
#4295=EDGE_CURVE('',#3464,#3465,#1989,.T.);
#4296=EDGE_CURVE('',#3427,#3466,#1990,.T.);
#4297=EDGE_CURVE('',#3465,#3466,#1991,.T.);
#4298=EDGE_CURVE('',#3426,#3467,#1992,.T.);
#4299=EDGE_CURVE('',#3466,#3467,#1993,.T.);
#4300=EDGE_CURVE('',#3467,#3463,#1994,.T.);
#4301=EDGE_CURVE('',#3468,#3469,#1995,.T.);
#4302=EDGE_CURVE('',#3470,#3468,#3276,.T.);
#4303=EDGE_CURVE('',#3471,#3470,#1996,.T.);
#4304=EDGE_CURVE('',#3472,#3471,#3277,.T.);
#4305=EDGE_CURVE('',#3473,#3472,#1997,.T.);
#4306=EDGE_CURVE('',#3474,#3473,#3278,.T.);
#4307=EDGE_CURVE('',#3475,#3474,#1998,.T.);
#4308=EDGE_CURVE('',#3469,#3475,#3279,.T.);
#4309=EDGE_CURVE('',#3471,#3476,#1999,.T.);
#4310=EDGE_CURVE('',#3477,#3476,#3280,.T.);
#4311=EDGE_CURVE('',#3477,#3472,#2000,.T.);
#4312=EDGE_CURVE('',#3478,#3470,#2001,.T.);
#4313=EDGE_CURVE('',#3478,#3476,#2002,.T.);
#4314=EDGE_CURVE('',#3468,#3479,#2003,.T.);
#4315=EDGE_CURVE('',#3478,#3479,#3281,.T.);
#4316=EDGE_CURVE('',#3480,#3469,#2004,.T.);
#4317=EDGE_CURVE('',#3480,#3479,#2005,.T.);
#4318=EDGE_CURVE('',#3481,#3481,#3282,.T.);
#4319=EDGE_CURVE('',#3481,#3482,#2006,.T.);
#4320=EDGE_CURVE('',#3482,#3482,#3283,.T.);
#4321=EDGE_CURVE('',#3483,#3483,#3284,.T.);
#4322=EDGE_CURVE('',#3483,#3484,#2007,.T.);
#4323=EDGE_CURVE('',#3484,#3484,#3285,.T.);
#4324=EDGE_CURVE('',#3485,#3485,#3286,.T.);
#4325=EDGE_CURVE('',#3485,#3486,#2008,.T.);
#4326=EDGE_CURVE('',#3486,#3486,#3287,.T.);
#4327=EDGE_CURVE('',#3487,#3487,#3288,.T.);
#4328=EDGE_CURVE('',#3487,#3488,#2009,.T.);
#4329=EDGE_CURVE('',#3488,#3488,#3289,.T.);
#4330=EDGE_CURVE('',#3489,#3489,#3290,.T.);
#4331=EDGE_CURVE('',#3489,#3490,#2010,.T.);
#4332=EDGE_CURVE('',#3490,#3490,#3291,.T.);
#4333=EDGE_CURVE('',#3491,#3491,#3292,.T.);
#4334=EDGE_CURVE('',#3491,#3492,#2011,.T.);
#4335=EDGE_CURVE('',#3492,#3492,#3293,.T.);
#4336=EDGE_CURVE('',#3493,#3493,#3294,.T.);
#4337=EDGE_CURVE('',#3493,#3494,#2012,.T.);
#4338=EDGE_CURVE('',#3494,#3494,#3295,.T.);
#4339=EDGE_CURVE('',#3495,#3495,#3296,.T.);
#4340=EDGE_CURVE('',#3495,#3496,#2013,.T.);
#4341=EDGE_CURVE('',#3496,#3496,#3297,.T.);
#4342=EDGE_CURVE('',#3475,#3497,#2014,.T.);
#4343=EDGE_CURVE('',#3480,#3497,#3298,.T.);
#4344=EDGE_CURVE('',#3498,#3474,#2015,.T.);
#4345=EDGE_CURVE('',#3498,#3497,#2016,.T.);
#4346=EDGE_CURVE('',#3473,#3499,#2017,.T.);
#4347=EDGE_CURVE('',#3498,#3499,#3299,.T.);
#4348=EDGE_CURVE('',#3477,#3499,#2018,.T.);
#4349=EDGE_CURVE('',#3500,#3500,#3300,.T.);
#4350=EDGE_CURVE('',#3500,#3501,#2019,.T.);
#4351=EDGE_CURVE('',#3502,#3501,#3301,.T.);
#4352=EDGE_CURVE('',#3503,#3502,#2020,.T.);
#4353=EDGE_CURVE('',#3504,#3503,#3302,.T.);
#4354=EDGE_CURVE('',#3505,#3504,#2021,.T.);
#4355=EDGE_CURVE('',#3501,#3505,#3303,.T.);
#4356=EDGE_CURVE('',#3506,#3506,#3304,.T.);
#4357=EDGE_CURVE('',#3506,#3507,#2022,.T.);
#4358=EDGE_CURVE('',#3508,#3507,#3305,.T.);
#4359=EDGE_CURVE('',#3509,#3508,#2023,.T.);
#4360=EDGE_CURVE('',#3510,#3509,#3306,.T.);
#4361=EDGE_CURVE('',#3511,#3510,#2024,.T.);
#4362=EDGE_CURVE('',#3507,#3511,#3307,.T.);
#4363=EDGE_CURVE('',#3512,#3512,#3308,.T.);
#4364=EDGE_CURVE('',#3512,#3513,#2025,.T.);
#4365=EDGE_CURVE('',#3514,#3513,#3309,.T.);
#4366=EDGE_CURVE('',#3515,#3514,#2026,.T.);
#4367=EDGE_CURVE('',#3516,#3515,#3310,.T.);
#4368=EDGE_CURVE('',#3517,#3516,#2027,.T.);
#4369=EDGE_CURVE('',#3513,#3517,#3311,.T.);
#4370=EDGE_CURVE('',#3518,#3518,#3312,.T.);
#4371=EDGE_CURVE('',#3518,#3519,#2028,.T.);
#4372=EDGE_CURVE('',#3520,#3519,#3313,.T.);
#4373=EDGE_CURVE('',#3521,#3520,#2029,.T.);
#4374=EDGE_CURVE('',#3522,#3521,#3314,.T.);
#4375=EDGE_CURVE('',#3523,#3522,#2030,.T.);
#4376=EDGE_CURVE('',#3519,#3523,#3315,.T.);
#4377=EDGE_CURVE('',#3524,#3502,#3316,.T.);
#4378=EDGE_CURVE('',#3525,#3524,#2031,.T.);
#4379=EDGE_CURVE('',#3525,#3503,#3317,.T.);
#4380=EDGE_CURVE('',#3504,#3526,#3318,.T.);
#4381=EDGE_CURVE('',#3526,#3527,#2032,.T.);
#4382=EDGE_CURVE('',#3505,#3527,#3319,.T.);
#4383=EDGE_CURVE('',#3528,#3508,#3320,.T.);
#4384=EDGE_CURVE('',#3529,#3528,#2033,.T.);
#4385=EDGE_CURVE('',#3529,#3509,#3321,.T.);
#4386=EDGE_CURVE('',#3510,#3530,#3322,.T.);
#4387=EDGE_CURVE('',#3530,#3531,#2034,.T.);
#4388=EDGE_CURVE('',#3511,#3531,#3323,.T.);
#4389=EDGE_CURVE('',#3514,#3532,#3324,.T.);
#4390=EDGE_CURVE('',#3532,#3533,#2035,.T.);
#4391=EDGE_CURVE('',#3515,#3533,#3325,.T.);
#4392=EDGE_CURVE('',#3534,#3516,#3326,.T.);
#4393=EDGE_CURVE('',#3535,#3534,#2036,.T.);
#4394=EDGE_CURVE('',#3535,#3517,#3327,.T.);
#4395=EDGE_CURVE('',#3525,#3530,#2037,.T.);
#4396=EDGE_CURVE('',#3529,#3536,#2038,.T.);
#4397=EDGE_CURVE('',#3520,#3536,#3328,.T.);
#4398=EDGE_CURVE('',#3537,#3523,#3329,.T.);
#4399=EDGE_CURVE('',#3537,#3532,#2039,.T.);
#4400=EDGE_CURVE('',#3535,#3526,#2040,.T.);
#4401=EDGE_CURVE('',#3538,#3538,#3330,.T.);
#4402=EDGE_CURVE('',#3539,#3539,#3331,.T.);
#4403=EDGE_CURVE('',#3540,#3540,#3332,.T.);
#4404=EDGE_CURVE('',#3541,#3541,#3333,.T.);
#4405=EDGE_CURVE('',#3542,#3542,#3334,.T.);
#4406=EDGE_CURVE('',#3543,#3544,#2041,.T.);
#4407=EDGE_CURVE('',#3544,#3545,#2042,.T.);
#4408=EDGE_CURVE('',#3545,#3546,#2043,.T.);
#4409=EDGE_CURVE('',#3546,#3543,#2044,.T.);
#4410=EDGE_CURVE('',#3536,#3547,#2045,.T.);
#4411=EDGE_CURVE('',#3521,#3547,#3335,.T.);
#4412=EDGE_CURVE('',#3548,#3522,#3336,.T.);
#4413=EDGE_CURVE('',#3537,#3548,#2046,.T.);
#4414=EDGE_CURVE('',#3547,#3528,#2047,.T.);
#4415=EDGE_CURVE('',#3531,#3524,#2048,.T.);
#4416=EDGE_CURVE('',#3533,#3548,#2049,.T.);
#4417=EDGE_CURVE('',#3527,#3534,#2050,.T.);
#4418=EDGE_CURVE('',#3549,#3550,#2051,.T.);
#4419=EDGE_CURVE('',#3549,#3551,#2052,.T.);
#4420=EDGE_CURVE('',#3552,#3551,#2053,.T.);
#4421=EDGE_CURVE('',#3550,#3552,#2054,.T.);
#4422=EDGE_CURVE('',#3550,#3553,#3337,.T.);
#4423=EDGE_CURVE('',#3554,#3552,#3338,.T.);
#4424=EDGE_CURVE('',#3553,#3554,#2055,.T.);
#4425=EDGE_CURVE('',#3553,#3555,#2056,.T.);
#4426=EDGE_CURVE('',#3556,#3554,#2057,.T.);
#4427=EDGE_CURVE('',#3555,#3556,#2058,.T.);
#4428=EDGE_CURVE('',#3555,#3557,#3339,.T.);
#4429=EDGE_CURVE('',#3558,#3556,#3340,.T.);
#4430=EDGE_CURVE('',#3557,#3558,#2059,.T.);
#4431=EDGE_CURVE('',#3557,#3559,#2060,.T.);
#4432=EDGE_CURVE('',#3560,#3558,#2061,.T.);
#4433=EDGE_CURVE('',#3559,#3560,#2062,.T.);
#4434=EDGE_CURVE('',#3559,#3561,#3341,.T.);
#4435=EDGE_CURVE('',#3562,#3560,#3342,.T.);
#4436=EDGE_CURVE('',#3561,#3562,#2063,.T.);
#4437=EDGE_CURVE('',#3561,#3563,#2064,.T.);
#4438=EDGE_CURVE('',#3564,#3562,#2065,.T.);
#4439=EDGE_CURVE('',#3563,#3564,#2066,.T.);
#4440=EDGE_CURVE('',#3563,#3549,#3343,.T.);
#4441=EDGE_CURVE('',#3551,#3564,#3344,.T.);
#4442=EDGE_CURVE('',#3565,#3565,#3345,.T.);
#4443=EDGE_CURVE('',#3565,#3538,#2067,.T.);
#4444=EDGE_CURVE('',#3566,#3566,#3346,.T.);
#4445=EDGE_CURVE('',#3566,#3539,#2068,.T.);
#4446=EDGE_CURVE('',#3567,#3567,#3347,.T.);
#4447=EDGE_CURVE('',#3567,#3540,#2069,.T.);
#4448=EDGE_CURVE('',#3568,#3568,#3348,.T.);
#4449=EDGE_CURVE('',#3568,#3541,#2070,.T.);
#4450=EDGE_CURVE('',#3569,#3569,#3349,.T.);
#4451=EDGE_CURVE('',#3569,#3542,#2071,.T.);
#4452=EDGE_CURVE('',#3570,#3545,#2072,.T.);
#4453=EDGE_CURVE('',#3571,#3570,#2073,.T.);
#4454=EDGE_CURVE('',#3571,#3546,#2074,.T.);
#4455=EDGE_CURVE('',#3572,#3571,#2075,.T.);
#4456=EDGE_CURVE('',#3572,#3543,#2076,.T.);
#4457=EDGE_CURVE('',#3573,#3572,#2077,.T.);
#4458=EDGE_CURVE('',#3573,#3544,#2078,.T.);
#4459=EDGE_CURVE('',#3570,#3573,#2079,.T.);
#4460=EDGE_CURVE('',#3574,#3574,#3350,.T.);
#4461=EDGE_CURVE('',#3574,#3575,#2080,.T.);
#4462=EDGE_CURVE('',#3575,#3575,#3351,.T.);
#4463=EDGE_CURVE('',#3576,#3576,#3352,.T.);
#4464=EDGE_CURVE('',#3576,#3577,#2081,.T.);
#4465=EDGE_CURVE('',#3577,#3577,#3353,.T.);
#4466=EDGE_CURVE('',#3578,#3578,#3354,.T.);
#4467=EDGE_CURVE('',#3579,#3579,#3355,.T.);
#4468=EDGE_CURVE('',#3580,#3580,#3356,.T.);
#4469=EDGE_CURVE('',#3580,#3578,#2082,.T.);
#4470=EDGE_CURVE('',#3579,#3581,#2083,.T.);
#4471=EDGE_CURVE('',#3581,#3581,#3357,.T.);
#4472=EDGE_CURVE('',#3582,#3582,#3358,.T.);
#4473=EDGE_CURVE('',#3583,#3583,#3359,.T.);
#4474=EDGE_CURVE('',#3584,#3584,#3360,.T.);
#4475=EDGE_CURVE('',#3584,#3582,#2084,.T.);
#4476=EDGE_CURVE('',#3583,#3585,#2085,.T.);
#4477=EDGE_CURVE('',#3585,#3585,#3361,.T.);
#4478=EDGE_CURVE('',#3586,#3586,#3362,.T.);
#4479=EDGE_CURVE('',#3587,#3587,#3363,.T.);
#4480=EDGE_CURVE('',#3588,#3588,#3364,.T.);
#4481=EDGE_CURVE('',#3588,#3586,#2086,.T.);
#4482=EDGE_CURVE('',#3587,#3589,#2087,.T.);
#4483=EDGE_CURVE('',#3589,#3589,#3365,.T.);
#4484=EDGE_CURVE('',#3590,#3590,#3366,.T.);
#4485=EDGE_CURVE('',#3591,#3591,#3367,.T.);
#4486=EDGE_CURVE('',#3592,#3592,#3368,.T.);
#4487=EDGE_CURVE('',#3592,#3590,#2088,.T.);
#4488=EDGE_CURVE('',#3591,#3593,#2089,.T.);
#4489=EDGE_CURVE('',#3593,#3593,#3369,.T.);
#4490=EDGE_CURVE('',#3594,#3595,#2090,.T.);
#4491=EDGE_CURVE('',#3594,#3596,#2091,.T.);
#4492=EDGE_CURVE('',#3596,#3597,#2092,.T.);
#4493=EDGE_CURVE('',#3595,#3597,#2093,.T.);
#4494=EDGE_CURVE('',#3598,#3594,#2094,.T.);
#4495=EDGE_CURVE('',#3598,#3599,#2095,.T.);
#4496=EDGE_CURVE('',#3599,#3596,#2096,.T.);
#4497=EDGE_CURVE('',#3600,#3598,#2097,.T.);
#4498=EDGE_CURVE('',#3600,#3601,#2098,.T.);
#4499=EDGE_CURVE('',#3601,#3599,#2099,.T.);
#4500=EDGE_CURVE('',#3595,#3600,#2100,.T.);
#4501=EDGE_CURVE('',#3597,#3601,#2101,.T.);
#4502=EDGE_CURVE('',#3602,#3603,#2102,.T.);
#4503=EDGE_CURVE('',#3603,#3604,#2103,.T.);
#4504=EDGE_CURVE('',#3604,#3605,#2104,.T.);
#4505=EDGE_CURVE('',#3605,#3602,#2105,.T.);
#4506=EDGE_CURVE('',#3606,#3607,#2106,.T.);
#4507=EDGE_CURVE('',#3606,#3602,#2107,.T.);
#4508=EDGE_CURVE('',#3607,#3605,#2108,.T.);
#4509=EDGE_CURVE('',#3607,#3608,#2109,.T.);
#4510=EDGE_CURVE('',#3608,#3604,#2110,.T.);
#4511=EDGE_CURVE('',#3608,#3609,#2111,.T.);
#4512=EDGE_CURVE('',#3609,#3603,#2112,.T.);
#4513=EDGE_CURVE('',#3609,#3606,#2113,.T.);
#4514=EDGE_CURVE('',#3610,#3611,#13,.T.);
#4515=EDGE_CURVE('',#3610,#3612,#2114,.T.);
#4516=EDGE_CURVE('',#3613,#3612,#14,.T.);
#4517=EDGE_CURVE('',#3611,#3613,#2115,.T.);
#4518=EDGE_CURVE('',#3611,#3614,#15,.T.);
#4519=EDGE_CURVE('',#3615,#3613,#16,.T.);
#4520=EDGE_CURVE('',#3614,#3615,#2116,.T.);
#4521=EDGE_CURVE('',#3614,#3616,#17,.T.);
#4522=EDGE_CURVE('',#3617,#3615,#18,.T.);
#4523=EDGE_CURVE('',#3616,#3617,#2117,.T.);
#4524=EDGE_CURVE('',#3616,#3618,#19,.T.);
#4525=EDGE_CURVE('',#3619,#3617,#20,.T.);
#4526=EDGE_CURVE('',#3618,#3619,#2118,.T.);
#4527=EDGE_CURVE('',#3618,#3620,#21,.T.);
#4528=EDGE_CURVE('',#3621,#3619,#22,.T.);
#4529=EDGE_CURVE('',#3620,#3621,#2119,.T.);
#4530=EDGE_CURVE('',#3620,#3622,#23,.T.);
#4531=EDGE_CURVE('',#3623,#3621,#24,.T.);
#4532=EDGE_CURVE('',#3622,#3623,#2120,.T.);
#4533=EDGE_CURVE('',#3622,#3624,#25,.T.);
#4534=EDGE_CURVE('',#3625,#3623,#26,.T.);
#4535=EDGE_CURVE('',#3624,#3625,#2121,.T.);
#4536=EDGE_CURVE('',#3624,#3626,#27,.T.);
#4537=EDGE_CURVE('',#3627,#3625,#28,.T.);
#4538=EDGE_CURVE('',#3626,#3627,#2122,.T.);
#4539=EDGE_CURVE('',#3626,#3610,#2123,.T.);
#4540=EDGE_CURVE('',#3612,#3627,#2124,.T.);
#4541=EDGE_CURVE('',#3628,#3629,#2125,.T.);
#4542=EDGE_CURVE('',#3628,#3630,#2126,.T.);
#4543=EDGE_CURVE('',#3631,#3630,#2127,.T.);
#4544=EDGE_CURVE('',#3629,#3631,#2128,.T.);
#4545=EDGE_CURVE('',#3629,#3632,#29,.T.);
#4546=EDGE_CURVE('',#3633,#3631,#30,.T.);
#4547=EDGE_CURVE('',#3632,#3633,#2129,.T.);
#4548=EDGE_CURVE('',#3632,#3634,#31,.T.);
#4549=EDGE_CURVE('',#3635,#3633,#32,.T.);
#4550=EDGE_CURVE('',#3634,#3635,#2130,.T.);
#4551=EDGE_CURVE('',#3634,#3636,#33,.T.);
#4552=EDGE_CURVE('',#3637,#3635,#34,.T.);
#4553=EDGE_CURVE('',#3636,#3637,#2131,.T.);
#4554=EDGE_CURVE('',#3636,#3638,#35,.T.);
#4555=EDGE_CURVE('',#3639,#3637,#36,.T.);
#4556=EDGE_CURVE('',#3638,#3639,#2132,.T.);
#4557=EDGE_CURVE('',#3638,#3640,#37,.T.);
#4558=EDGE_CURVE('',#3641,#3639,#38,.T.);
#4559=EDGE_CURVE('',#3640,#3641,#2133,.T.);
#4560=EDGE_CURVE('',#3640,#3642,#39,.T.);
#4561=EDGE_CURVE('',#3643,#3641,#40,.T.);
#4562=EDGE_CURVE('',#3642,#3643,#2134,.T.);
#4563=EDGE_CURVE('',#3642,#3644,#41,.T.);
#4564=EDGE_CURVE('',#3645,#3643,#42,.T.);
#4565=EDGE_CURVE('',#3644,#3645,#2135,.T.);
#4566=EDGE_CURVE('',#3644,#3646,#43,.T.);
#4567=EDGE_CURVE('',#3647,#3645,#44,.T.);
#4568=EDGE_CURVE('',#3646,#3647,#2136,.T.);
#4569=EDGE_CURVE('',#3646,#3648,#2137,.T.);
#4570=EDGE_CURVE('',#3649,#3647,#2138,.T.);
#4571=EDGE_CURVE('',#3648,#3649,#2139,.T.);
#4572=EDGE_CURVE('',#3648,#3650,#45,.T.);
#4573=EDGE_CURVE('',#3651,#3649,#46,.T.);
#4574=EDGE_CURVE('',#3650,#3651,#2140,.T.);
#4575=EDGE_CURVE('',#3650,#3652,#47,.T.);
#4576=EDGE_CURVE('',#3653,#3651,#48,.T.);
#4577=EDGE_CURVE('',#3652,#3653,#2141,.T.);
#4578=EDGE_CURVE('',#3652,#3654,#2142,.T.);
#4579=EDGE_CURVE('',#3655,#3653,#2143,.T.);
#4580=EDGE_CURVE('',#3654,#3655,#2144,.T.);
#4581=EDGE_CURVE('',#3654,#3656,#49,.T.);
#4582=EDGE_CURVE('',#3657,#3655,#50,.T.);
#4583=EDGE_CURVE('',#3656,#3657,#2145,.T.);
#4584=EDGE_CURVE('',#3656,#3658,#51,.T.);
#4585=EDGE_CURVE('',#3659,#3657,#52,.T.);
#4586=EDGE_CURVE('',#3658,#3659,#2146,.T.);
#4587=EDGE_CURVE('',#3658,#3660,#53,.T.);
#4588=EDGE_CURVE('',#3661,#3659,#54,.T.);
#4589=EDGE_CURVE('',#3660,#3661,#2147,.T.);
#4590=EDGE_CURVE('',#3660,#3662,#55,.T.);
#4591=EDGE_CURVE('',#3663,#3661,#56,.T.);
#4592=EDGE_CURVE('',#3662,#3663,#2148,.T.);
#4593=EDGE_CURVE('',#3662,#3664,#57,.T.);
#4594=EDGE_CURVE('',#3665,#3663,#58,.T.);
#4595=EDGE_CURVE('',#3664,#3665,#2149,.T.);
#4596=EDGE_CURVE('',#3664,#3666,#59,.T.);
#4597=EDGE_CURVE('',#3667,#3665,#60,.T.);
#4598=EDGE_CURVE('',#3666,#3667,#2150,.T.);
#4599=EDGE_CURVE('',#3666,#3668,#61,.T.);
#4600=EDGE_CURVE('',#3669,#3667,#62,.T.);
#4601=EDGE_CURVE('',#3668,#3669,#2151,.T.);
#4602=EDGE_CURVE('',#3668,#3670,#63,.T.);
#4603=EDGE_CURVE('',#3671,#3669,#64,.T.);
#4604=EDGE_CURVE('',#3670,#3671,#2152,.T.);
#4605=EDGE_CURVE('',#3670,#3672,#65,.T.);
#4606=EDGE_CURVE('',#3673,#3671,#66,.T.);
#4607=EDGE_CURVE('',#3672,#3673,#2153,.T.);
#4608=EDGE_CURVE('',#3672,#3674,#67,.T.);
#4609=EDGE_CURVE('',#3675,#3673,#68,.T.);
#4610=EDGE_CURVE('',#3674,#3675,#2154,.T.);
#4611=EDGE_CURVE('',#3674,#3676,#69,.T.);
#4612=EDGE_CURVE('',#3677,#3675,#70,.T.);
#4613=EDGE_CURVE('',#3676,#3677,#2155,.T.);
#4614=EDGE_CURVE('',#3676,#3678,#71,.T.);
#4615=EDGE_CURVE('',#3679,#3677,#72,.T.);
#4616=EDGE_CURVE('',#3678,#3679,#2156,.T.);
#4617=EDGE_CURVE('',#3678,#3680,#73,.T.);
#4618=EDGE_CURVE('',#3681,#3679,#74,.T.);
#4619=EDGE_CURVE('',#3680,#3681,#2157,.T.);
#4620=EDGE_CURVE('',#3680,#3628,#75,.T.);
#4621=EDGE_CURVE('',#3630,#3681,#76,.T.);
#4622=EDGE_CURVE('',#3682,#3683,#77,.T.);
#4623=EDGE_CURVE('',#3682,#3684,#2158,.T.);
#4624=EDGE_CURVE('',#3685,#3684,#78,.T.);
#4625=EDGE_CURVE('',#3683,#3685,#2159,.T.);
#4626=EDGE_CURVE('',#3683,#3686,#79,.T.);
#4627=EDGE_CURVE('',#3687,#3685,#80,.T.);
#4628=EDGE_CURVE('',#3686,#3687,#2160,.T.);
#4629=EDGE_CURVE('',#3686,#3688,#81,.T.);
#4630=EDGE_CURVE('',#3689,#3687,#82,.T.);
#4631=EDGE_CURVE('',#3688,#3689,#2161,.T.);
#4632=EDGE_CURVE('',#3688,#3690,#83,.T.);
#4633=EDGE_CURVE('',#3691,#3689,#84,.T.);
#4634=EDGE_CURVE('',#3690,#3691,#2162,.T.);
#4635=EDGE_CURVE('',#3690,#3692,#85,.T.);
#4636=EDGE_CURVE('',#3693,#3691,#86,.T.);
#4637=EDGE_CURVE('',#3692,#3693,#2163,.T.);
#4638=EDGE_CURVE('',#3692,#3694,#87,.T.);
#4639=EDGE_CURVE('',#3695,#3693,#88,.T.);
#4640=EDGE_CURVE('',#3694,#3695,#2164,.T.);
#4641=EDGE_CURVE('',#3694,#3696,#89,.T.);
#4642=EDGE_CURVE('',#3697,#3695,#90,.T.);
#4643=EDGE_CURVE('',#3696,#3697,#2165,.T.);
#4644=EDGE_CURVE('',#3696,#3682,#91,.T.);
#4645=EDGE_CURVE('',#3684,#3697,#92,.T.);
#4646=EDGE_CURVE('',#3698,#3699,#93,.T.);
#4647=EDGE_CURVE('',#3698,#3700,#2166,.T.);
#4648=EDGE_CURVE('',#3701,#3700,#94,.T.);
#4649=EDGE_CURVE('',#3699,#3701,#2167,.T.);
#4650=EDGE_CURVE('',#3699,#3702,#95,.T.);
#4651=EDGE_CURVE('',#3703,#3701,#96,.T.);
#4652=EDGE_CURVE('',#3702,#3703,#2168,.T.);
#4653=EDGE_CURVE('',#3702,#3704,#97,.T.);
#4654=EDGE_CURVE('',#3705,#3703,#98,.T.);
#4655=EDGE_CURVE('',#3704,#3705,#2169,.T.);
#4656=EDGE_CURVE('',#3704,#3706,#99,.T.);
#4657=EDGE_CURVE('',#3707,#3705,#100,.T.);
#4658=EDGE_CURVE('',#3706,#3707,#2170,.T.);
#4659=EDGE_CURVE('',#3706,#3708,#101,.T.);
#4660=EDGE_CURVE('',#3709,#3707,#102,.T.);
#4661=EDGE_CURVE('',#3708,#3709,#2171,.T.);
#4662=EDGE_CURVE('',#3708,#3710,#103,.T.);
#4663=EDGE_CURVE('',#3711,#3709,#104,.T.);
#4664=EDGE_CURVE('',#3710,#3711,#2172,.T.);
#4665=EDGE_CURVE('',#3710,#3712,#105,.T.);
#4666=EDGE_CURVE('',#3713,#3711,#106,.T.);
#4667=EDGE_CURVE('',#3712,#3713,#2173,.T.);
#4668=EDGE_CURVE('',#3712,#3698,#107,.T.);
#4669=EDGE_CURVE('',#3700,#3713,#108,.T.);
#4670=EDGE_CURVE('',#3714,#3715,#109,.T.);
#4671=EDGE_CURVE('',#3714,#3716,#2174,.T.);
#4672=EDGE_CURVE('',#3717,#3716,#110,.T.);
#4673=EDGE_CURVE('',#3715,#3717,#2175,.T.);
#4674=EDGE_CURVE('',#3715,#3718,#111,.T.);
#4675=EDGE_CURVE('',#3719,#3717,#112,.T.);
#4676=EDGE_CURVE('',#3718,#3719,#2176,.T.);
#4677=EDGE_CURVE('',#3718,#3720,#113,.T.);
#4678=EDGE_CURVE('',#3721,#3719,#114,.T.);
#4679=EDGE_CURVE('',#3720,#3721,#2177,.T.);
#4680=EDGE_CURVE('',#3720,#3722,#115,.T.);
#4681=EDGE_CURVE('',#3723,#3721,#116,.T.);
#4682=EDGE_CURVE('',#3722,#3723,#2178,.T.);
#4683=EDGE_CURVE('',#3722,#3724,#117,.T.);
#4684=EDGE_CURVE('',#3725,#3723,#118,.T.);
#4685=EDGE_CURVE('',#3724,#3725,#2179,.T.);
#4686=EDGE_CURVE('',#3724,#3726,#119,.T.);
#4687=EDGE_CURVE('',#3727,#3725,#120,.T.);
#4688=EDGE_CURVE('',#3726,#3727,#2180,.T.);
#4689=EDGE_CURVE('',#3726,#3728,#121,.T.);
#4690=EDGE_CURVE('',#3729,#3727,#122,.T.);
#4691=EDGE_CURVE('',#3728,#3729,#2181,.T.);
#4692=EDGE_CURVE('',#3728,#3714,#123,.T.);
#4693=EDGE_CURVE('',#3716,#3729,#124,.T.);
#4694=EDGE_CURVE('',#3730,#3731,#125,.T.);
#4695=EDGE_CURVE('',#3730,#3732,#2182,.T.);
#4696=EDGE_CURVE('',#3733,#3732,#126,.T.);
#4697=EDGE_CURVE('',#3731,#3733,#2183,.T.);
#4698=EDGE_CURVE('',#3731,#3734,#127,.T.);
#4699=EDGE_CURVE('',#3735,#3733,#128,.T.);
#4700=EDGE_CURVE('',#3734,#3735,#2184,.T.);
#4701=EDGE_CURVE('',#3734,#3736,#129,.T.);
#4702=EDGE_CURVE('',#3737,#3735,#130,.T.);
#4703=EDGE_CURVE('',#3736,#3737,#2185,.T.);
#4704=EDGE_CURVE('',#3736,#3738,#131,.T.);
#4705=EDGE_CURVE('',#3739,#3737,#132,.T.);
#4706=EDGE_CURVE('',#3738,#3739,#2186,.T.);
#4707=EDGE_CURVE('',#3738,#3740,#133,.T.);
#4708=EDGE_CURVE('',#3741,#3739,#134,.T.);
#4709=EDGE_CURVE('',#3740,#3741,#2187,.T.);
#4710=EDGE_CURVE('',#3740,#3742,#135,.T.);
#4711=EDGE_CURVE('',#3743,#3741,#136,.T.);
#4712=EDGE_CURVE('',#3742,#3743,#2188,.T.);
#4713=EDGE_CURVE('',#3742,#3744,#137,.T.);
#4714=EDGE_CURVE('',#3745,#3743,#138,.T.);
#4715=EDGE_CURVE('',#3744,#3745,#2189,.T.);
#4716=EDGE_CURVE('',#3744,#3730,#139,.T.);
#4717=EDGE_CURVE('',#3732,#3745,#140,.T.);
#4718=EDGE_CURVE('',#3746,#3747,#2190,.T.);
#4719=EDGE_CURVE('',#3746,#3748,#2191,.T.);
#4720=EDGE_CURVE('',#3749,#3748,#2192,.T.);
#4721=EDGE_CURVE('',#3747,#3749,#2193,.T.);
#4722=EDGE_CURVE('',#3747,#3750,#2194,.T.);
#4723=EDGE_CURVE('',#3751,#3749,#2195,.T.);
#4724=EDGE_CURVE('',#3750,#3751,#2196,.T.);
#4725=EDGE_CURVE('',#3750,#3752,#2197,.T.);
#4726=EDGE_CURVE('',#3753,#3751,#2198,.T.);
#4727=EDGE_CURVE('',#3752,#3753,#2199,.T.);
#4728=EDGE_CURVE('',#3752,#3746,#2200,.T.);
#4729=EDGE_CURVE('',#3748,#3753,#2201,.T.);
#4730=EDGE_CURVE('',#3754,#3755,#2202,.T.);
#4731=EDGE_CURVE('',#3754,#3756,#2203,.T.);
#4732=EDGE_CURVE('',#3757,#3756,#2204,.T.);
#4733=EDGE_CURVE('',#3755,#3757,#2205,.T.);
#4734=EDGE_CURVE('',#3755,#3758,#141,.T.);
#4735=EDGE_CURVE('',#3759,#3757,#142,.T.);
#4736=EDGE_CURVE('',#3758,#3759,#2206,.T.);
#4737=EDGE_CURVE('',#3758,#3760,#143,.T.);
#4738=EDGE_CURVE('',#3761,#3759,#144,.T.);
#4739=EDGE_CURVE('',#3760,#3761,#2207,.T.);
#4740=EDGE_CURVE('',#3760,#3762,#145,.T.);
#4741=EDGE_CURVE('',#3763,#3761,#146,.T.);
#4742=EDGE_CURVE('',#3762,#3763,#2208,.T.);
#4743=EDGE_CURVE('',#3762,#3764,#147,.T.);
#4744=EDGE_CURVE('',#3765,#3763,#148,.T.);
#4745=EDGE_CURVE('',#3764,#3765,#2209,.T.);
#4746=EDGE_CURVE('',#3764,#3766,#2210,.T.);
#4747=EDGE_CURVE('',#3767,#3765,#2211,.T.);
#4748=EDGE_CURVE('',#3766,#3767,#2212,.T.);
#4749=EDGE_CURVE('',#3766,#3754,#2213,.T.);
#4750=EDGE_CURVE('',#3756,#3767,#2214,.T.);
#4751=EDGE_CURVE('',#3768,#3769,#2215,.T.);
#4752=EDGE_CURVE('',#3768,#3770,#2216,.T.);
#4753=EDGE_CURVE('',#3771,#3770,#2217,.T.);
#4754=EDGE_CURVE('',#3769,#3771,#2218,.T.);
#4755=EDGE_CURVE('',#3769,#3772,#149,.T.);
#4756=EDGE_CURVE('',#3773,#3771,#150,.T.);
#4757=EDGE_CURVE('',#3772,#3773,#2219,.T.);
#4758=EDGE_CURVE('',#3772,#3774,#151,.T.);
#4759=EDGE_CURVE('',#3775,#3773,#152,.T.);
#4760=EDGE_CURVE('',#3774,#3775,#2220,.T.);
#4761=EDGE_CURVE('',#3774,#3776,#153,.T.);
#4762=EDGE_CURVE('',#3777,#3775,#154,.T.);
#4763=EDGE_CURVE('',#3776,#3777,#2221,.T.);
#4764=EDGE_CURVE('',#3776,#3778,#155,.T.);
#4765=EDGE_CURVE('',#3779,#3777,#156,.T.);
#4766=EDGE_CURVE('',#3778,#3779,#2222,.T.);
#4767=EDGE_CURVE('',#3778,#3780,#2223,.T.);
#4768=EDGE_CURVE('',#3781,#3779,#2224,.T.);
#4769=EDGE_CURVE('',#3780,#3781,#2225,.T.);
#4770=EDGE_CURVE('',#3780,#3768,#2226,.T.);
#4771=EDGE_CURVE('',#3770,#3781,#2227,.T.);
#4772=EDGE_CURVE('',#3782,#3783,#2228,.T.);
#4773=EDGE_CURVE('',#3782,#3784,#2229,.T.);
#4774=EDGE_CURVE('',#3785,#3784,#2230,.T.);
#4775=EDGE_CURVE('',#3783,#3785,#2231,.T.);
#4776=EDGE_CURVE('',#3783,#3786,#157,.T.);
#4777=EDGE_CURVE('',#3787,#3785,#158,.T.);
#4778=EDGE_CURVE('',#3786,#3787,#2232,.T.);
#4779=EDGE_CURVE('',#3786,#3788,#159,.T.);
#4780=EDGE_CURVE('',#3789,#3787,#160,.T.);
#4781=EDGE_CURVE('',#3788,#3789,#2233,.T.);
#4782=EDGE_CURVE('',#3788,#3790,#161,.T.);
#4783=EDGE_CURVE('',#3791,#3789,#162,.T.);
#4784=EDGE_CURVE('',#3790,#3791,#2234,.T.);
#4785=EDGE_CURVE('',#3790,#3792,#163,.T.);
#4786=EDGE_CURVE('',#3793,#3791,#164,.T.);
#4787=EDGE_CURVE('',#3792,#3793,#2235,.T.);
#4788=EDGE_CURVE('',#3792,#3794,#165,.T.);
#4789=EDGE_CURVE('',#3795,#3793,#166,.T.);
#4790=EDGE_CURVE('',#3794,#3795,#2236,.T.);
#4791=EDGE_CURVE('',#3794,#3796,#167,.T.);
#4792=EDGE_CURVE('',#3797,#3795,#168,.T.);
#4793=EDGE_CURVE('',#3796,#3797,#2237,.T.);
#4794=EDGE_CURVE('',#3796,#3798,#169,.T.);
#4795=EDGE_CURVE('',#3799,#3797,#170,.T.);
#4796=EDGE_CURVE('',#3798,#3799,#2238,.T.);
#4797=EDGE_CURVE('',#3798,#3800,#171,.T.);
#4798=EDGE_CURVE('',#3801,#3799,#172,.T.);
#4799=EDGE_CURVE('',#3800,#3801,#2239,.T.);
#4800=EDGE_CURVE('',#3800,#3802,#173,.T.);
#4801=EDGE_CURVE('',#3803,#3801,#174,.T.);
#4802=EDGE_CURVE('',#3802,#3803,#2240,.T.);
#4803=EDGE_CURVE('',#3802,#3804,#175,.T.);
#4804=EDGE_CURVE('',#3805,#3803,#176,.T.);
#4805=EDGE_CURVE('',#3804,#3805,#2241,.T.);
#4806=EDGE_CURVE('',#3804,#3806,#2242,.T.);
#4807=EDGE_CURVE('',#3807,#3805,#2243,.T.);
#4808=EDGE_CURVE('',#3806,#3807,#2244,.T.);
#4809=EDGE_CURVE('',#3806,#3782,#2245,.T.);
#4810=EDGE_CURVE('',#3784,#3807,#2246,.T.);
#4811=EDGE_CURVE('',#3808,#3809,#2247,.T.);
#4812=EDGE_CURVE('',#3808,#3810,#2248,.T.);
#4813=EDGE_CURVE('',#3811,#3810,#2249,.T.);
#4814=EDGE_CURVE('',#3809,#3811,#2250,.T.);
#4815=EDGE_CURVE('',#3809,#3812,#2251,.T.);
#4816=EDGE_CURVE('',#3813,#3811,#2252,.T.);
#4817=EDGE_CURVE('',#3812,#3813,#2253,.T.);
#4818=EDGE_CURVE('',#3812,#3808,#2254,.T.);
#4819=EDGE_CURVE('',#3810,#3813,#2255,.T.);
#4820=EDGE_CURVE('',#3814,#3815,#2256,.T.);
#4821=EDGE_CURVE('',#3814,#3816,#2257,.T.);
#4822=EDGE_CURVE('',#3817,#3816,#2258,.T.);
#4823=EDGE_CURVE('',#3815,#3817,#2259,.T.);
#4824=EDGE_CURVE('',#3815,#3818,#2260,.T.);
#4825=EDGE_CURVE('',#3819,#3817,#2261,.T.);
#4826=EDGE_CURVE('',#3818,#3819,#2262,.T.);
#4827=EDGE_CURVE('',#3818,#3820,#2263,.T.);
#4828=EDGE_CURVE('',#3821,#3819,#2264,.T.);
#4829=EDGE_CURVE('',#3820,#3821,#2265,.T.);
#4830=EDGE_CURVE('',#3820,#3822,#2266,.T.);
#4831=EDGE_CURVE('',#3823,#3821,#2267,.T.);
#4832=EDGE_CURVE('',#3822,#3823,#2268,.T.);
#4833=EDGE_CURVE('',#3822,#3824,#2269,.T.);
#4834=EDGE_CURVE('',#3825,#3823,#2270,.T.);
#4835=EDGE_CURVE('',#3824,#3825,#2271,.T.);
#4836=EDGE_CURVE('',#3824,#3826,#2272,.T.);
#4837=EDGE_CURVE('',#3827,#3825,#2273,.T.);
#4838=EDGE_CURVE('',#3826,#3827,#2274,.T.);
#4839=EDGE_CURVE('',#3826,#3828,#2275,.T.);
#4840=EDGE_CURVE('',#3829,#3827,#2276,.T.);
#4841=EDGE_CURVE('',#3828,#3829,#2277,.T.);
#4842=EDGE_CURVE('',#3828,#3814,#2278,.T.);
#4843=EDGE_CURVE('',#3816,#3829,#2279,.T.);
#4844=EDGE_CURVE('',#3830,#3831,#177,.T.);
#4845=EDGE_CURVE('',#3830,#3832,#2280,.T.);
#4846=EDGE_CURVE('',#3833,#3832,#178,.T.);
#4847=EDGE_CURVE('',#3831,#3833,#2281,.T.);
#4848=EDGE_CURVE('',#3831,#3834,#179,.T.);
#4849=EDGE_CURVE('',#3835,#3833,#180,.T.);
#4850=EDGE_CURVE('',#3834,#3835,#2282,.T.);
#4851=EDGE_CURVE('',#3834,#3836,#181,.T.);
#4852=EDGE_CURVE('',#3837,#3835,#182,.T.);
#4853=EDGE_CURVE('',#3836,#3837,#2283,.T.);
#4854=EDGE_CURVE('',#3836,#3838,#183,.T.);
#4855=EDGE_CURVE('',#3839,#3837,#184,.T.);
#4856=EDGE_CURVE('',#3838,#3839,#2284,.T.);
#4857=EDGE_CURVE('',#3838,#3840,#185,.T.);
#4858=EDGE_CURVE('',#3841,#3839,#186,.T.);
#4859=EDGE_CURVE('',#3840,#3841,#2285,.T.);
#4860=EDGE_CURVE('',#3840,#3842,#187,.T.);
#4861=EDGE_CURVE('',#3843,#3841,#188,.T.);
#4862=EDGE_CURVE('',#3842,#3843,#2286,.T.);
#4863=EDGE_CURVE('',#3842,#3844,#189,.T.);
#4864=EDGE_CURVE('',#3845,#3843,#190,.T.);
#4865=EDGE_CURVE('',#3844,#3845,#2287,.T.);
#4866=EDGE_CURVE('',#3844,#3846,#191,.T.);
#4867=EDGE_CURVE('',#3847,#3845,#192,.T.);
#4868=EDGE_CURVE('',#3846,#3847,#2288,.T.);
#4869=EDGE_CURVE('',#3846,#3830,#2289,.T.);
#4870=EDGE_CURVE('',#3832,#3847,#2290,.T.);
#4871=EDGE_CURVE('',#3848,#3849,#2291,.T.);
#4872=EDGE_CURVE('',#3848,#3850,#2292,.T.);
#4873=EDGE_CURVE('',#3851,#3850,#2293,.T.);
#4874=EDGE_CURVE('',#3849,#3851,#2294,.T.);
#4875=EDGE_CURVE('',#3849,#3852,#193,.T.);
#4876=EDGE_CURVE('',#3853,#3851,#194,.T.);
#4877=EDGE_CURVE('',#3852,#3853,#2295,.T.);
#4878=EDGE_CURVE('',#3852,#3854,#195,.T.);
#4879=EDGE_CURVE('',#3855,#3853,#196,.T.);
#4880=EDGE_CURVE('',#3854,#3855,#2296,.T.);
#4881=EDGE_CURVE('',#3854,#3856,#197,.T.);
#4882=EDGE_CURVE('',#3857,#3855,#198,.T.);
#4883=EDGE_CURVE('',#3856,#3857,#2297,.T.);
#4884=EDGE_CURVE('',#3856,#3858,#199,.T.);
#4885=EDGE_CURVE('',#3859,#3857,#200,.T.);
#4886=EDGE_CURVE('',#3858,#3859,#2298,.T.);
#4887=EDGE_CURVE('',#3858,#3860,#201,.T.);
#4888=EDGE_CURVE('',#3861,#3859,#202,.T.);
#4889=EDGE_CURVE('',#3860,#3861,#2299,.T.);
#4890=EDGE_CURVE('',#3860,#3862,#203,.T.);
#4891=EDGE_CURVE('',#3863,#3861,#204,.T.);
#4892=EDGE_CURVE('',#3862,#3863,#2300,.T.);
#4893=EDGE_CURVE('',#3862,#3864,#205,.T.);
#4894=EDGE_CURVE('',#3865,#3863,#206,.T.);
#4895=EDGE_CURVE('',#3864,#3865,#2301,.T.);
#4896=EDGE_CURVE('',#3864,#3866,#207,.T.);
#4897=EDGE_CURVE('',#3867,#3865,#208,.T.);
#4898=EDGE_CURVE('',#3866,#3867,#2302,.T.);
#4899=EDGE_CURVE('',#3866,#3868,#2303,.T.);
#4900=EDGE_CURVE('',#3869,#3867,#2304,.T.);
#4901=EDGE_CURVE('',#3868,#3869,#2305,.T.);
#4902=EDGE_CURVE('',#3868,#3870,#209,.T.);
#4903=EDGE_CURVE('',#3871,#3869,#210,.T.);
#4904=EDGE_CURVE('',#3870,#3871,#2306,.T.);
#4905=EDGE_CURVE('',#3870,#3872,#211,.T.);
#4906=EDGE_CURVE('',#3873,#3871,#212,.T.);
#4907=EDGE_CURVE('',#3872,#3873,#2307,.T.);
#4908=EDGE_CURVE('',#3872,#3874,#2308,.T.);
#4909=EDGE_CURVE('',#3875,#3873,#2309,.T.);
#4910=EDGE_CURVE('',#3874,#3875,#2310,.T.);
#4911=EDGE_CURVE('',#3874,#3876,#213,.T.);
#4912=EDGE_CURVE('',#3877,#3875,#214,.T.);
#4913=EDGE_CURVE('',#3876,#3877,#2311,.T.);
#4914=EDGE_CURVE('',#3876,#3878,#215,.T.);
#4915=EDGE_CURVE('',#3879,#3877,#216,.T.);
#4916=EDGE_CURVE('',#3878,#3879,#2312,.T.);
#4917=EDGE_CURVE('',#3878,#3880,#217,.T.);
#4918=EDGE_CURVE('',#3881,#3879,#218,.T.);
#4919=EDGE_CURVE('',#3880,#3881,#2313,.T.);
#4920=EDGE_CURVE('',#3880,#3882,#219,.T.);
#4921=EDGE_CURVE('',#3883,#3881,#220,.T.);
#4922=EDGE_CURVE('',#3882,#3883,#2314,.T.);
#4923=EDGE_CURVE('',#3882,#3884,#221,.T.);
#4924=EDGE_CURVE('',#3885,#3883,#222,.T.);
#4925=EDGE_CURVE('',#3884,#3885,#2315,.T.);
#4926=EDGE_CURVE('',#3884,#3886,#223,.T.);
#4927=EDGE_CURVE('',#3887,#3885,#224,.T.);
#4928=EDGE_CURVE('',#3886,#3887,#2316,.T.);
#4929=EDGE_CURVE('',#3886,#3888,#225,.T.);
#4930=EDGE_CURVE('',#3889,#3887,#226,.T.);
#4931=EDGE_CURVE('',#3888,#3889,#2317,.T.);
#4932=EDGE_CURVE('',#3888,#3890,#227,.T.);
#4933=EDGE_CURVE('',#3891,#3889,#228,.T.);
#4934=EDGE_CURVE('',#3890,#3891,#2318,.T.);
#4935=EDGE_CURVE('',#3890,#3892,#229,.T.);
#4936=EDGE_CURVE('',#3893,#3891,#230,.T.);
#4937=EDGE_CURVE('',#3892,#3893,#2319,.T.);
#4938=EDGE_CURVE('',#3892,#3894,#231,.T.);
#4939=EDGE_CURVE('',#3895,#3893,#232,.T.);
#4940=EDGE_CURVE('',#3894,#3895,#2320,.T.);
#4941=EDGE_CURVE('',#3894,#3896,#233,.T.);
#4942=EDGE_CURVE('',#3897,#3895,#234,.T.);
#4943=EDGE_CURVE('',#3896,#3897,#2321,.T.);
#4944=EDGE_CURVE('',#3896,#3898,#235,.T.);
#4945=EDGE_CURVE('',#3899,#3897,#236,.T.);
#4946=EDGE_CURVE('',#3898,#3899,#2322,.T.);
#4947=EDGE_CURVE('',#3898,#3900,#237,.T.);
#4948=EDGE_CURVE('',#3901,#3899,#238,.T.);
#4949=EDGE_CURVE('',#3900,#3901,#2323,.T.);
#4950=EDGE_CURVE('',#3900,#3848,#239,.T.);
#4951=EDGE_CURVE('',#3850,#3901,#240,.T.);
#4952=EDGE_CURVE('',#3902,#3903,#2324,.T.);
#4953=EDGE_CURVE('',#3902,#3904,#2325,.T.);
#4954=EDGE_CURVE('',#3905,#3904,#2326,.T.);
#4955=EDGE_CURVE('',#3903,#3905,#2327,.T.);
#4956=EDGE_CURVE('',#3903,#3906,#2328,.T.);
#4957=EDGE_CURVE('',#3907,#3905,#2329,.T.);
#4958=EDGE_CURVE('',#3906,#3907,#2330,.T.);
#4959=EDGE_CURVE('',#3906,#3908,#2331,.T.);
#4960=EDGE_CURVE('',#3909,#3907,#2332,.T.);
#4961=EDGE_CURVE('',#3908,#3909,#2333,.T.);
#4962=EDGE_CURVE('',#3908,#3902,#2334,.T.);
#4963=EDGE_CURVE('',#3904,#3909,#2335,.T.);
#4964=EDGE_CURVE('',#3910,#3911,#241,.T.);
#4965=EDGE_CURVE('',#3910,#3912,#2336,.T.);
#4966=EDGE_CURVE('',#3913,#3912,#242,.T.);
#4967=EDGE_CURVE('',#3911,#3913,#2337,.T.);
#4968=EDGE_CURVE('',#3911,#3914,#243,.T.);
#4969=EDGE_CURVE('',#3915,#3913,#244,.T.);
#4970=EDGE_CURVE('',#3914,#3915,#2338,.T.);
#4971=EDGE_CURVE('',#3914,#3916,#245,.T.);
#4972=EDGE_CURVE('',#3917,#3915,#246,.T.);
#4973=EDGE_CURVE('',#3916,#3917,#2339,.T.);
#4974=EDGE_CURVE('',#3916,#3918,#247,.T.);
#4975=EDGE_CURVE('',#3919,#3917,#248,.T.);
#4976=EDGE_CURVE('',#3918,#3919,#2340,.T.);
#4977=EDGE_CURVE('',#3918,#3910,#2341,.T.);
#4978=EDGE_CURVE('',#3912,#3919,#2342,.T.);
#4979=EDGE_CURVE('',#3920,#3921,#2343,.T.);
#4980=EDGE_CURVE('',#3920,#3922,#2344,.T.);
#4981=EDGE_CURVE('',#3923,#3922,#2345,.T.);
#4982=EDGE_CURVE('',#3921,#3923,#2346,.T.);
#4983=EDGE_CURVE('',#3921,#3924,#249,.T.);
#4984=EDGE_CURVE('',#3925,#3923,#250,.T.);
#4985=EDGE_CURVE('',#3924,#3925,#2347,.T.);
#4986=EDGE_CURVE('',#3924,#3926,#251,.T.);
#4987=EDGE_CURVE('',#3927,#3925,#252,.T.);
#4988=EDGE_CURVE('',#3926,#3927,#2348,.T.);
#4989=EDGE_CURVE('',#3926,#3928,#253,.T.);
#4990=EDGE_CURVE('',#3929,#3927,#254,.T.);
#4991=EDGE_CURVE('',#3928,#3929,#2349,.T.);
#4992=EDGE_CURVE('',#3928,#3930,#255,.T.);
#4993=EDGE_CURVE('',#3931,#3929,#256,.T.);
#4994=EDGE_CURVE('',#3930,#3931,#2350,.T.);
#4995=EDGE_CURVE('',#3930,#3932,#2351,.T.);
#4996=EDGE_CURVE('',#3933,#3931,#2352,.T.);
#4997=EDGE_CURVE('',#3932,#3933,#2353,.T.);
#4998=EDGE_CURVE('',#3932,#3934,#257,.T.);
#4999=EDGE_CURVE('',#3935,#3933,#258,.T.);
#5000=EDGE_CURVE('',#3934,#3935,#2354,.T.);
#5001=EDGE_CURVE('',#3934,#3936,#259,.T.);
#5002=EDGE_CURVE('',#3937,#3935,#260,.T.);
#5003=EDGE_CURVE('',#3936,#3937,#2355,.T.);
#5004=EDGE_CURVE('',#3936,#3938,#261,.T.);
#5005=EDGE_CURVE('',#3939,#3937,#262,.T.);
#5006=EDGE_CURVE('',#3938,#3939,#2356,.T.);
#5007=EDGE_CURVE('',#3938,#3940,#263,.T.);
#5008=EDGE_CURVE('',#3941,#3939,#264,.T.);
#5009=EDGE_CURVE('',#3940,#3941,#2357,.T.);
#5010=EDGE_CURVE('',#3940,#3942,#265,.T.);
#5011=EDGE_CURVE('',#3943,#3941,#266,.T.);
#5012=EDGE_CURVE('',#3942,#3943,#2358,.T.);
#5013=EDGE_CURVE('',#3942,#3944,#267,.T.);
#5014=EDGE_CURVE('',#3945,#3943,#268,.T.);
#5015=EDGE_CURVE('',#3944,#3945,#2359,.T.);
#5016=EDGE_CURVE('',#3944,#3946,#269,.T.);
#5017=EDGE_CURVE('',#3947,#3945,#270,.T.);
#5018=EDGE_CURVE('',#3946,#3947,#2360,.T.);
#5019=EDGE_CURVE('',#3946,#3948,#271,.T.);
#5020=EDGE_CURVE('',#3949,#3947,#272,.T.);
#5021=EDGE_CURVE('',#3948,#3949,#2361,.T.);
#5022=EDGE_CURVE('',#3948,#3950,#273,.T.);
#5023=EDGE_CURVE('',#3951,#3949,#274,.T.);
#5024=EDGE_CURVE('',#3950,#3951,#2362,.T.);
#5025=EDGE_CURVE('',#3950,#3952,#275,.T.);
#5026=EDGE_CURVE('',#3953,#3951,#276,.T.);
#5027=EDGE_CURVE('',#3952,#3953,#2363,.T.);
#5028=EDGE_CURVE('',#3952,#3920,#2364,.T.);
#5029=EDGE_CURVE('',#3922,#3953,#2365,.T.);
#5030=EDGE_CURVE('',#3954,#3955,#2366,.T.);
#5031=EDGE_CURVE('',#3954,#3956,#2367,.T.);
#5032=EDGE_CURVE('',#3957,#3956,#2368,.T.);
#5033=EDGE_CURVE('',#3955,#3957,#2369,.T.);
#5034=EDGE_CURVE('',#3955,#3958,#2370,.T.);
#5035=EDGE_CURVE('',#3959,#3957,#2371,.T.);
#5036=EDGE_CURVE('',#3958,#3959,#2372,.T.);
#5037=EDGE_CURVE('',#3958,#3960,#277,.T.);
#5038=EDGE_CURVE('',#3961,#3959,#278,.T.);
#5039=EDGE_CURVE('',#3960,#3961,#2373,.T.);
#5040=EDGE_CURVE('',#3960,#3962,#279,.T.);
#5041=EDGE_CURVE('',#3963,#3961,#280,.T.);
#5042=EDGE_CURVE('',#3962,#3963,#2374,.T.);
#5043=EDGE_CURVE('',#3962,#3964,#281,.T.);
#5044=EDGE_CURVE('',#3965,#3963,#282,.T.);
#5045=EDGE_CURVE('',#3964,#3965,#2375,.T.);
#5046=EDGE_CURVE('',#3964,#3966,#283,.T.);
#5047=EDGE_CURVE('',#3967,#3965,#284,.T.);
#5048=EDGE_CURVE('',#3966,#3967,#2376,.T.);
#5049=EDGE_CURVE('',#3966,#3968,#2377,.T.);
#5050=EDGE_CURVE('',#3969,#3967,#2378,.T.);
#5051=EDGE_CURVE('',#3968,#3969,#2379,.T.);
#5052=EDGE_CURVE('',#3968,#3970,#2380,.T.);
#5053=EDGE_CURVE('',#3971,#3969,#2381,.T.);
#5054=EDGE_CURVE('',#3970,#3971,#2382,.T.);
#5055=EDGE_CURVE('',#3970,#3972,#2383,.T.);
#5056=EDGE_CURVE('',#3973,#3971,#2384,.T.);
#5057=EDGE_CURVE('',#3972,#3973,#2385,.T.);
#5058=EDGE_CURVE('',#3972,#3974,#285,.T.);
#5059=EDGE_CURVE('',#3975,#3973,#286,.T.);
#5060=EDGE_CURVE('',#3974,#3975,#2386,.T.);
#5061=EDGE_CURVE('',#3974,#3976,#287,.T.);
#5062=EDGE_CURVE('',#3977,#3975,#288,.T.);
#5063=EDGE_CURVE('',#3976,#3977,#2387,.T.);
#5064=EDGE_CURVE('',#3976,#3978,#289,.T.);
#5065=EDGE_CURVE('',#3979,#3977,#290,.T.);
#5066=EDGE_CURVE('',#3978,#3979,#2388,.T.);
#5067=EDGE_CURVE('',#3978,#3980,#291,.T.);
#5068=EDGE_CURVE('',#3981,#3979,#292,.T.);
#5069=EDGE_CURVE('',#3980,#3981,#2389,.T.);
#5070=EDGE_CURVE('',#3980,#3982,#2390,.T.);
#5071=EDGE_CURVE('',#3983,#3981,#2391,.T.);
#5072=EDGE_CURVE('',#3982,#3983,#2392,.T.);
#5073=EDGE_CURVE('',#3982,#3984,#2393,.T.);
#5074=EDGE_CURVE('',#3985,#3983,#2394,.T.);
#5075=EDGE_CURVE('',#3984,#3985,#2395,.T.);
#5076=EDGE_CURVE('',#3984,#3954,#2396,.T.);
#5077=EDGE_CURVE('',#3956,#3985,#2397,.T.);
#5078=EDGE_CURVE('',#3986,#3987,#2398,.T.);
#5079=EDGE_CURVE('',#3986,#3988,#2399,.T.);
#5080=EDGE_CURVE('',#3989,#3988,#2400,.T.);
#5081=EDGE_CURVE('',#3987,#3989,#2401,.T.);
#5082=EDGE_CURVE('',#3987,#3990,#2402,.T.);
#5083=EDGE_CURVE('',#3991,#3989,#2403,.T.);
#5084=EDGE_CURVE('',#3990,#3991,#2404,.T.);
#5085=EDGE_CURVE('',#3990,#3992,#2405,.T.);
#5086=EDGE_CURVE('',#3993,#3991,#2406,.T.);
#5087=EDGE_CURVE('',#3992,#3993,#2407,.T.);
#5088=EDGE_CURVE('',#3992,#3994,#2408,.T.);
#5089=EDGE_CURVE('',#3995,#3993,#2409,.T.);
#5090=EDGE_CURVE('',#3994,#3995,#2410,.T.);
#5091=EDGE_CURVE('',#3994,#3996,#2411,.T.);
#5092=EDGE_CURVE('',#3997,#3995,#2412,.T.);
#5093=EDGE_CURVE('',#3996,#3997,#2413,.T.);
#5094=EDGE_CURVE('',#3996,#3998,#293,.T.);
#5095=EDGE_CURVE('',#3999,#3997,#294,.T.);
#5096=EDGE_CURVE('',#3998,#3999,#2414,.T.);
#5097=EDGE_CURVE('',#3998,#4000,#295,.T.);
#5098=EDGE_CURVE('',#4001,#3999,#296,.T.);
#5099=EDGE_CURVE('',#4000,#4001,#2415,.T.);
#5100=EDGE_CURVE('',#4000,#4002,#297,.T.);
#5101=EDGE_CURVE('',#4003,#4001,#298,.T.);
#5102=EDGE_CURVE('',#4002,#4003,#2416,.T.);
#5103=EDGE_CURVE('',#4002,#4004,#2417,.T.);
#5104=EDGE_CURVE('',#4005,#4003,#2418,.T.);
#5105=EDGE_CURVE('',#4004,#4005,#2419,.T.);
#5106=EDGE_CURVE('',#4004,#4006,#299,.T.);
#5107=EDGE_CURVE('',#4007,#4005,#300,.T.);
#5108=EDGE_CURVE('',#4006,#4007,#2420,.T.);
#5109=EDGE_CURVE('',#4006,#4008,#301,.T.);
#5110=EDGE_CURVE('',#4009,#4007,#302,.T.);
#5111=EDGE_CURVE('',#4008,#4009,#2421,.T.);
#5112=EDGE_CURVE('',#4008,#4010,#303,.T.);
#5113=EDGE_CURVE('',#4011,#4009,#304,.T.);
#5114=EDGE_CURVE('',#4010,#4011,#2422,.T.);
#5115=EDGE_CURVE('',#4010,#3986,#2423,.T.);
#5116=EDGE_CURVE('',#3988,#4011,#2424,.T.);
#5117=EDGE_CURVE('',#4012,#4013,#2425,.T.);
#5118=EDGE_CURVE('',#4012,#4014,#2426,.T.);
#5119=EDGE_CURVE('',#4015,#4014,#2427,.T.);
#5120=EDGE_CURVE('',#4013,#4015,#2428,.T.);
#5121=EDGE_CURVE('',#4013,#4016,#2429,.T.);
#5122=EDGE_CURVE('',#4017,#4015,#2430,.T.);
#5123=EDGE_CURVE('',#4016,#4017,#2431,.T.);
#5124=EDGE_CURVE('',#4016,#4018,#2432,.T.);
#5125=EDGE_CURVE('',#4019,#4017,#2433,.T.);
#5126=EDGE_CURVE('',#4018,#4019,#2434,.T.);
#5127=EDGE_CURVE('',#4018,#4012,#2435,.T.);
#5128=EDGE_CURVE('',#4014,#4019,#2436,.T.);
#5129=EDGE_CURVE('',#4020,#4021,#305,.T.);
#5130=EDGE_CURVE('',#4020,#4022,#2437,.T.);
#5131=EDGE_CURVE('',#4023,#4022,#306,.T.);
#5132=EDGE_CURVE('',#4021,#4023,#2438,.T.);
#5133=EDGE_CURVE('',#4021,#4024,#307,.T.);
#5134=EDGE_CURVE('',#4025,#4023,#308,.T.);
#5135=EDGE_CURVE('',#4024,#4025,#2439,.T.);
#5136=EDGE_CURVE('',#4024,#4026,#309,.T.);
#5137=EDGE_CURVE('',#4027,#4025,#310,.T.);
#5138=EDGE_CURVE('',#4026,#4027,#2440,.T.);
#5139=EDGE_CURVE('',#4026,#4028,#311,.T.);
#5140=EDGE_CURVE('',#4029,#4027,#312,.T.);
#5141=EDGE_CURVE('',#4028,#4029,#2441,.T.);
#5142=EDGE_CURVE('',#4028,#4030,#313,.T.);
#5143=EDGE_CURVE('',#4031,#4029,#314,.T.);
#5144=EDGE_CURVE('',#4030,#4031,#2442,.T.);
#5145=EDGE_CURVE('',#4030,#4032,#315,.T.);
#5146=EDGE_CURVE('',#4033,#4031,#316,.T.);
#5147=EDGE_CURVE('',#4032,#4033,#2443,.T.);
#5148=EDGE_CURVE('',#4032,#4034,#317,.T.);
#5149=EDGE_CURVE('',#4035,#4033,#318,.T.);
#5150=EDGE_CURVE('',#4034,#4035,#2444,.T.);
#5151=EDGE_CURVE('',#4034,#4020,#319,.T.);
#5152=EDGE_CURVE('',#4022,#4035,#320,.T.);
#5153=EDGE_CURVE('',#4036,#4037,#2445,.T.);
#5154=EDGE_CURVE('',#4036,#4038,#2446,.T.);
#5155=EDGE_CURVE('',#4039,#4038,#2447,.T.);
#5156=EDGE_CURVE('',#4037,#4039,#2448,.T.);
#5157=EDGE_CURVE('',#4037,#4040,#2449,.T.);
#5158=EDGE_CURVE('',#4041,#4039,#2450,.T.);
#5159=EDGE_CURVE('',#4040,#4041,#2451,.T.);
#5160=EDGE_CURVE('',#4040,#4042,#2452,.T.);
#5161=EDGE_CURVE('',#4043,#4041,#2453,.T.);
#5162=EDGE_CURVE('',#4042,#4043,#2454,.T.);
#5163=EDGE_CURVE('',#4042,#4044,#321,.T.);
#5164=EDGE_CURVE('',#4045,#4043,#322,.T.);
#5165=EDGE_CURVE('',#4044,#4045,#2455,.T.);
#5166=EDGE_CURVE('',#4044,#4046,#323,.T.);
#5167=EDGE_CURVE('',#4047,#4045,#324,.T.);
#5168=EDGE_CURVE('',#4046,#4047,#2456,.T.);
#5169=EDGE_CURVE('',#4046,#4048,#325,.T.);
#5170=EDGE_CURVE('',#4049,#4047,#326,.T.);
#5171=EDGE_CURVE('',#4048,#4049,#2457,.T.);
#5172=EDGE_CURVE('',#4048,#4050,#327,.T.);
#5173=EDGE_CURVE('',#4051,#4049,#328,.T.);
#5174=EDGE_CURVE('',#4050,#4051,#2458,.T.);
#5175=EDGE_CURVE('',#4050,#4052,#329,.T.);
#5176=EDGE_CURVE('',#4053,#4051,#330,.T.);
#5177=EDGE_CURVE('',#4052,#4053,#2459,.T.);
#5178=EDGE_CURVE('',#4052,#4054,#331,.T.);
#5179=EDGE_CURVE('',#4055,#4053,#332,.T.);
#5180=EDGE_CURVE('',#4054,#4055,#2460,.T.);
#5181=EDGE_CURVE('',#4054,#4056,#333,.T.);
#5182=EDGE_CURVE('',#4057,#4055,#334,.T.);
#5183=EDGE_CURVE('',#4056,#4057,#2461,.T.);
#5184=EDGE_CURVE('',#4056,#4058,#335,.T.);
#5185=EDGE_CURVE('',#4059,#4057,#336,.T.);
#5186=EDGE_CURVE('',#4058,#4059,#2462,.T.);
#5187=EDGE_CURVE('',#4058,#4060,#2463,.T.);
#5188=EDGE_CURVE('',#4061,#4059,#2464,.T.);
#5189=EDGE_CURVE('',#4060,#4061,#2465,.T.);
#5190=EDGE_CURVE('',#4060,#4036,#2466,.T.);
#5191=EDGE_CURVE('',#4038,#4061,#2467,.T.);
#5192=EDGE_CURVE('',#4062,#4063,#2468,.T.);
#5193=EDGE_CURVE('',#4062,#4064,#2469,.T.);
#5194=EDGE_CURVE('',#4065,#4064,#2470,.T.);
#5195=EDGE_CURVE('',#4063,#4065,#2471,.T.);
#5196=EDGE_CURVE('',#4063,#4066,#337,.T.);
#5197=EDGE_CURVE('',#4067,#4065,#338,.T.);
#5198=EDGE_CURVE('',#4066,#4067,#2472,.T.);
#5199=EDGE_CURVE('',#4066,#4068,#339,.T.);
#5200=EDGE_CURVE('',#4069,#4067,#340,.T.);
#5201=EDGE_CURVE('',#4068,#4069,#2473,.T.);
#5202=EDGE_CURVE('',#4068,#4070,#341,.T.);
#5203=EDGE_CURVE('',#4071,#4069,#342,.T.);
#5204=EDGE_CURVE('',#4070,#4071,#2474,.T.);
#5205=EDGE_CURVE('',#4070,#4072,#343,.T.);
#5206=EDGE_CURVE('',#4073,#4071,#344,.T.);
#5207=EDGE_CURVE('',#4072,#4073,#2475,.T.);
#5208=EDGE_CURVE('',#4072,#4074,#2476,.T.);
#5209=EDGE_CURVE('',#4075,#4073,#2477,.T.);
#5210=EDGE_CURVE('',#4074,#4075,#2478,.T.);
#5211=EDGE_CURVE('',#4074,#4062,#2479,.T.);
#5212=EDGE_CURVE('',#4064,#4075,#2480,.T.);
#5213=EDGE_CURVE('',#4076,#4077,#2481,.T.);
#5214=EDGE_CURVE('',#4076,#4078,#2482,.T.);
#5215=EDGE_CURVE('',#4079,#4078,#2483,.T.);
#5216=EDGE_CURVE('',#4077,#4079,#2484,.T.);
#5217=EDGE_CURVE('',#4077,#4080,#345,.T.);
#5218=EDGE_CURVE('',#4081,#4079,#346,.T.);
#5219=EDGE_CURVE('',#4080,#4081,#2485,.T.);
#5220=EDGE_CURVE('',#4080,#4082,#347,.T.);
#5221=EDGE_CURVE('',#4083,#4081,#348,.T.);
#5222=EDGE_CURVE('',#4082,#4083,#2486,.T.);
#5223=EDGE_CURVE('',#4082,#4084,#349,.T.);
#5224=EDGE_CURVE('',#4085,#4083,#350,.T.);
#5225=EDGE_CURVE('',#4084,#4085,#2487,.T.);
#5226=EDGE_CURVE('',#4084,#4086,#351,.T.);
#5227=EDGE_CURVE('',#4087,#4085,#352,.T.);
#5228=EDGE_CURVE('',#4086,#4087,#2488,.T.);
#5229=EDGE_CURVE('',#4086,#4088,#2489,.T.);
#5230=EDGE_CURVE('',#4089,#4087,#2490,.T.);
#5231=EDGE_CURVE('',#4088,#4089,#2491,.T.);
#5232=EDGE_CURVE('',#4088,#4090,#2492,.T.);
#5233=EDGE_CURVE('',#4091,#4089,#2493,.T.);
#5234=EDGE_CURVE('',#4090,#4091,#2494,.T.);
#5235=EDGE_CURVE('',#4090,#4092,#2495,.T.);
#5236=EDGE_CURVE('',#4093,#4091,#2496,.T.);
#5237=EDGE_CURVE('',#4092,#4093,#2497,.T.);
#5238=EDGE_CURVE('',#4092,#4076,#2498,.T.);
#5239=EDGE_CURVE('',#4078,#4093,#2499,.T.);
#5240=EDGE_CURVE('',#4094,#4095,#2500,.T.);
#5241=EDGE_CURVE('',#4094,#4096,#2501,.T.);
#5242=EDGE_CURVE('',#4097,#4096,#2502,.T.);
#5243=EDGE_CURVE('',#4095,#4097,#2503,.T.);
#5244=EDGE_CURVE('',#4095,#4098,#2504,.T.);
#5245=EDGE_CURVE('',#4099,#4097,#2505,.T.);
#5246=EDGE_CURVE('',#4098,#4099,#2506,.T.);
#5247=EDGE_CURVE('',#4098,#4100,#353,.T.);
#5248=EDGE_CURVE('',#4101,#4099,#354,.T.);
#5249=EDGE_CURVE('',#4100,#4101,#2507,.T.);
#5250=EDGE_CURVE('',#4100,#4102,#355,.T.);
#5251=EDGE_CURVE('',#4103,#4101,#356,.T.);
#5252=EDGE_CURVE('',#4102,#4103,#2508,.T.);
#5253=EDGE_CURVE('',#4102,#4104,#357,.T.);
#5254=EDGE_CURVE('',#4105,#4103,#358,.T.);
#5255=EDGE_CURVE('',#4104,#4105,#2509,.T.);
#5256=EDGE_CURVE('',#4104,#4106,#359,.T.);
#5257=EDGE_CURVE('',#4107,#4105,#360,.T.);
#5258=EDGE_CURVE('',#4106,#4107,#2510,.T.);
#5259=EDGE_CURVE('',#4106,#4108,#2511,.T.);
#5260=EDGE_CURVE('',#4109,#4107,#2512,.T.);
#5261=EDGE_CURVE('',#4108,#4109,#2513,.T.);
#5262=EDGE_CURVE('',#4108,#4110,#2514,.T.);
#5263=EDGE_CURVE('',#4111,#4109,#2515,.T.);
#5264=EDGE_CURVE('',#4110,#4111,#2516,.T.);
#5265=EDGE_CURVE('',#4110,#4112,#2517,.T.);
#5266=EDGE_CURVE('',#4113,#4111,#2518,.T.);
#5267=EDGE_CURVE('',#4112,#4113,#2519,.T.);
#5268=EDGE_CURVE('',#4112,#4114,#361,.T.);
#5269=EDGE_CURVE('',#4115,#4113,#362,.T.);
#5270=EDGE_CURVE('',#4114,#4115,#2520,.T.);
#5271=EDGE_CURVE('',#4114,#4116,#363,.T.);
#5272=EDGE_CURVE('',#4117,#4115,#364,.T.);
#5273=EDGE_CURVE('',#4116,#4117,#2521,.T.);
#5274=EDGE_CURVE('',#4116,#4118,#365,.T.);
#5275=EDGE_CURVE('',#4119,#4117,#366,.T.);
#5276=EDGE_CURVE('',#4118,#4119,#2522,.T.);
#5277=EDGE_CURVE('',#4118,#4120,#367,.T.);
#5278=EDGE_CURVE('',#4121,#4119,#368,.T.);
#5279=EDGE_CURVE('',#4120,#4121,#2523,.T.);
#5280=EDGE_CURVE('',#4120,#4122,#2524,.T.);
#5281=EDGE_CURVE('',#4123,#4121,#2525,.T.);
#5282=EDGE_CURVE('',#4122,#4123,#2526,.T.);
#5283=EDGE_CURVE('',#4122,#4124,#2527,.T.);
#5284=EDGE_CURVE('',#4125,#4123,#2528,.T.);
#5285=EDGE_CURVE('',#4124,#4125,#2529,.T.);
#5286=EDGE_CURVE('',#4124,#4094,#2530,.T.);
#5287=EDGE_CURVE('',#4096,#4125,#2531,.T.);
#5288=EDGE_CURVE('',#4126,#4127,#2532,.T.);
#5289=EDGE_CURVE('',#4126,#4128,#2533,.T.);
#5290=EDGE_CURVE('',#4129,#4128,#2534,.T.);
#5291=EDGE_CURVE('',#4127,#4129,#2535,.T.);
#5292=EDGE_CURVE('',#4127,#4130,#2536,.T.);
#5293=EDGE_CURVE('',#4131,#4129,#2537,.T.);
#5294=EDGE_CURVE('',#4130,#4131,#2538,.T.);
#5295=EDGE_CURVE('',#4130,#4132,#2539,.T.);
#5296=EDGE_CURVE('',#4133,#4131,#2540,.T.);
#5297=EDGE_CURVE('',#4132,#4133,#2541,.T.);
#5298=EDGE_CURVE('',#4132,#4134,#2542,.T.);
#5299=EDGE_CURVE('',#4135,#4133,#2543,.T.);
#5300=EDGE_CURVE('',#4134,#4135,#2544,.T.);
#5301=EDGE_CURVE('',#4134,#4136,#2545,.T.);
#5302=EDGE_CURVE('',#4137,#4135,#2546,.T.);
#5303=EDGE_CURVE('',#4136,#4137,#2547,.T.);
#5304=EDGE_CURVE('',#4136,#4138,#2548,.T.);
#5305=EDGE_CURVE('',#4139,#4137,#2549,.T.);
#5306=EDGE_CURVE('',#4138,#4139,#2550,.T.);
#5307=EDGE_CURVE('',#4138,#4140,#2551,.T.);
#5308=EDGE_CURVE('',#4141,#4139,#2552,.T.);
#5309=EDGE_CURVE('',#4140,#4141,#2553,.T.);
#5310=EDGE_CURVE('',#4140,#4142,#2554,.T.);
#5311=EDGE_CURVE('',#4143,#4141,#2555,.T.);
#5312=EDGE_CURVE('',#4142,#4143,#2556,.T.);
#5313=EDGE_CURVE('',#4142,#4144,#2557,.T.);
#5314=EDGE_CURVE('',#4145,#4143,#2558,.T.);
#5315=EDGE_CURVE('',#4144,#4145,#2559,.T.);
#5316=EDGE_CURVE('',#4144,#4126,#2560,.T.);
#5317=EDGE_CURVE('',#4128,#4145,#2561,.T.);
#5318=ORIENTED_EDGE('',*,*,#4146,.F.);
#5319=ORIENTED_EDGE('',*,*,#4147,.T.);
#5320=ORIENTED_EDGE('',*,*,#4148,.T.);
#5321=ORIENTED_EDGE('',*,*,#4147,.F.);
#5322=ORIENTED_EDGE('',*,*,#4148,.F.);
#5323=ORIENTED_EDGE('',*,*,#4149,.F.);
#5324=ORIENTED_EDGE('',*,*,#4150,.T.);
#5325=ORIENTED_EDGE('',*,*,#4151,.T.);
#5326=ORIENTED_EDGE('',*,*,#4150,.F.);
#5327=ORIENTED_EDGE('',*,*,#4151,.F.);
#5328=ORIENTED_EDGE('',*,*,#4152,.F.);
#5329=ORIENTED_EDGE('',*,*,#4153,.T.);
#5330=ORIENTED_EDGE('',*,*,#4154,.T.);
#5331=ORIENTED_EDGE('',*,*,#4153,.F.);
#5332=ORIENTED_EDGE('',*,*,#4154,.F.);
#5333=ORIENTED_EDGE('',*,*,#4155,.F.);
#5334=ORIENTED_EDGE('',*,*,#4156,.T.);
#5335=ORIENTED_EDGE('',*,*,#4157,.T.);
#5336=ORIENTED_EDGE('',*,*,#4156,.F.);
#5337=ORIENTED_EDGE('',*,*,#4157,.F.);
#5338=ORIENTED_EDGE('',*,*,#4158,.F.);
#5339=ORIENTED_EDGE('',*,*,#4159,.F.);
#5340=ORIENTED_EDGE('',*,*,#4160,.F.);
#5341=ORIENTED_EDGE('',*,*,#4161,.T.);
#5342=ORIENTED_EDGE('',*,*,#4162,.F.);
#5343=ORIENTED_EDGE('',*,*,#4161,.F.);
#5344=ORIENTED_EDGE('',*,*,#4163,.F.);
#5345=ORIENTED_EDGE('',*,*,#4164,.T.);
#5346=ORIENTED_EDGE('',*,*,#4165,.F.);
#5347=ORIENTED_EDGE('',*,*,#4164,.F.);
#5348=ORIENTED_EDGE('',*,*,#4166,.F.);
#5349=ORIENTED_EDGE('',*,*,#4167,.T.);
#5350=ORIENTED_EDGE('',*,*,#4168,.F.);
#5351=ORIENTED_EDGE('',*,*,#4167,.F.);
#5352=ORIENTED_EDGE('',*,*,#4169,.F.);
#5353=ORIENTED_EDGE('',*,*,#4159,.T.);
#5354=ORIENTED_EDGE('',*,*,#4170,.F.);
#5355=ORIENTED_EDGE('',*,*,#4171,.F.);
#5356=ORIENTED_EDGE('',*,*,#4172,.F.);
#5357=ORIENTED_EDGE('',*,*,#4173,.T.);
#5358=ORIENTED_EDGE('',*,*,#4174,.F.);
#5359=ORIENTED_EDGE('',*,*,#4173,.F.);
#5360=ORIENTED_EDGE('',*,*,#4175,.F.);
#5361=ORIENTED_EDGE('',*,*,#4176,.T.);
#5362=ORIENTED_EDGE('',*,*,#4177,.F.);
#5363=ORIENTED_EDGE('',*,*,#4176,.F.);
#5364=ORIENTED_EDGE('',*,*,#4178,.F.);
#5365=ORIENTED_EDGE('',*,*,#4179,.T.);
#5366=ORIENTED_EDGE('',*,*,#4180,.F.);
#5367=ORIENTED_EDGE('',*,*,#4179,.F.);
#5368=ORIENTED_EDGE('',*,*,#4181,.F.);
#5369=ORIENTED_EDGE('',*,*,#4171,.T.);
#5370=ORIENTED_EDGE('',*,*,#4182,.T.);
#5371=ORIENTED_EDGE('',*,*,#4183,.T.);
#5372=ORIENTED_EDGE('',*,*,#4184,.F.);
#5373=ORIENTED_EDGE('',*,*,#4185,.F.);
#5374=ORIENTED_EDGE('',*,*,#4186,.T.);
#5375=ORIENTED_EDGE('',*,*,#4187,.T.);
#5376=ORIENTED_EDGE('',*,*,#4188,.F.);
#5377=ORIENTED_EDGE('',*,*,#4189,.F.);
#5378=ORIENTED_EDGE('',*,*,#4190,.F.);
#5379=ORIENTED_EDGE('',*,*,#4189,.T.);
#5380=ORIENTED_EDGE('',*,*,#4191,.F.);
#5381=ORIENTED_EDGE('',*,*,#4183,.F.);
#5382=ORIENTED_EDGE('',*,*,#4192,.F.);
#5383=ORIENTED_EDGE('',*,*,#4193,.T.);
#5384=ORIENTED_EDGE('',*,*,#4194,.F.);
#5385=ORIENTED_EDGE('',*,*,#4187,.F.);
#5386=ORIENTED_EDGE('',*,*,#4195,.F.);
#5387=ORIENTED_EDGE('',*,*,#4185,.T.);
#5388=ORIENTED_EDGE('',*,*,#4196,.F.);
#5389=ORIENTED_EDGE('',*,*,#4197,.F.);
#5390=ORIENTED_EDGE('',*,*,#4198,.T.);
#5391=ORIENTED_EDGE('',*,*,#4197,.T.);
#5392=ORIENTED_EDGE('',*,*,#4199,.F.);
#5393=ORIENTED_EDGE('',*,*,#4200,.F.);
#5394=ORIENTED_EDGE('',*,*,#4201,.F.);
#5395=ORIENTED_EDGE('',*,*,#4200,.T.);
#5396=ORIENTED_EDGE('',*,*,#4202,.F.);
#5397=ORIENTED_EDGE('',*,*,#4203,.F.);
#5398=ORIENTED_EDGE('',*,*,#4204,.T.);
#5399=ORIENTED_EDGE('',*,*,#4203,.T.);
#5400=ORIENTED_EDGE('',*,*,#4205,.F.);
#5401=ORIENTED_EDGE('',*,*,#4193,.F.);
#5402=ORIENTED_EDGE('',*,*,#4206,.F.);
#5403=ORIENTED_EDGE('',*,*,#4207,.T.);
#5404=ORIENTED_EDGE('',*,*,#4208,.F.);
#5405=ORIENTED_EDGE('',*,*,#4209,.F.);
#5406=ORIENTED_EDGE('',*,*,#4210,.T.);
#5407=ORIENTED_EDGE('',*,*,#4211,.F.);
#5408=ORIENTED_EDGE('',*,*,#4209,.T.);
#5409=ORIENTED_EDGE('',*,*,#4212,.F.);
#5410=ORIENTED_EDGE('',*,*,#4213,.F.);
#5411=ORIENTED_EDGE('',*,*,#4214,.F.);
#5412=ORIENTED_EDGE('',*,*,#4213,.T.);
#5413=ORIENTED_EDGE('',*,*,#4215,.F.);
#5414=ORIENTED_EDGE('',*,*,#4216,.F.);
#5415=ORIENTED_EDGE('',*,*,#4217,.T.);
#5416=ORIENTED_EDGE('',*,*,#4218,.T.);
#5417=ORIENTED_EDGE('',*,*,#4219,.T.);
#5418=ORIENTED_EDGE('',*,*,#4220,.T.);
#5419=ORIENTED_EDGE('',*,*,#4221,.T.);
#5420=ORIENTED_EDGE('',*,*,#4222,.T.);
#5421=ORIENTED_EDGE('',*,*,#4223,.T.);
#5422=ORIENTED_EDGE('',*,*,#4224,.T.);
#5423=ORIENTED_EDGE('',*,*,#4225,.T.);
#5424=ORIENTED_EDGE('',*,*,#4226,.T.);
#5425=ORIENTED_EDGE('',*,*,#4227,.T.);
#5426=ORIENTED_EDGE('',*,*,#4228,.T.);
#5427=ORIENTED_EDGE('',*,*,#4177,.T.);
#5428=ORIENTED_EDGE('',*,*,#4180,.T.);
#5429=ORIENTED_EDGE('',*,*,#4170,.T.);
#5430=ORIENTED_EDGE('',*,*,#4174,.T.);
#5431=ORIENTED_EDGE('',*,*,#4229,.F.);
#5432=ORIENTED_EDGE('',*,*,#4216,.T.);
#5433=ORIENTED_EDGE('',*,*,#4230,.F.);
#5434=ORIENTED_EDGE('',*,*,#4231,.F.);
#5435=ORIENTED_EDGE('',*,*,#4232,.F.);
#5436=ORIENTED_EDGE('',*,*,#4231,.T.);
#5437=ORIENTED_EDGE('',*,*,#4233,.F.);
#5438=ORIENTED_EDGE('',*,*,#4234,.F.);
#5439=ORIENTED_EDGE('',*,*,#4235,.F.);
#5440=ORIENTED_EDGE('',*,*,#4234,.T.);
#5441=ORIENTED_EDGE('',*,*,#4236,.F.);
#5442=ORIENTED_EDGE('',*,*,#4237,.F.);
#5443=ORIENTED_EDGE('',*,*,#4238,.F.);
#5444=ORIENTED_EDGE('',*,*,#4237,.T.);
#5445=ORIENTED_EDGE('',*,*,#4239,.F.);
#5446=ORIENTED_EDGE('',*,*,#4240,.F.);
#5447=ORIENTED_EDGE('',*,*,#4165,.T.);
#5448=ORIENTED_EDGE('',*,*,#4168,.T.);
#5449=ORIENTED_EDGE('',*,*,#4158,.T.);
#5450=ORIENTED_EDGE('',*,*,#4162,.T.);
#5451=ORIENTED_EDGE('',*,*,#4241,.F.);
#5452=ORIENTED_EDGE('',*,*,#4240,.T.);
#5453=ORIENTED_EDGE('',*,*,#4242,.F.);
#5454=ORIENTED_EDGE('',*,*,#4207,.F.);
#5455=ORIENTED_EDGE('',*,*,#4242,.T.);
#5456=ORIENTED_EDGE('',*,*,#4239,.T.);
#5457=ORIENTED_EDGE('',*,*,#4236,.T.);
#5458=ORIENTED_EDGE('',*,*,#4233,.T.);
#5459=ORIENTED_EDGE('',*,*,#4230,.T.);
#5460=ORIENTED_EDGE('',*,*,#4215,.T.);
#5461=ORIENTED_EDGE('',*,*,#4212,.T.);
#5462=ORIENTED_EDGE('',*,*,#4208,.T.);
#5463=ORIENTED_EDGE('',*,*,#4194,.T.);
#5464=ORIENTED_EDGE('',*,*,#4205,.T.);
#5465=ORIENTED_EDGE('',*,*,#4202,.T.);
#5466=ORIENTED_EDGE('',*,*,#4199,.T.);
#5467=ORIENTED_EDGE('',*,*,#4196,.T.);
#5468=ORIENTED_EDGE('',*,*,#4184,.T.);
#5469=ORIENTED_EDGE('',*,*,#4191,.T.);
#5470=ORIENTED_EDGE('',*,*,#4188,.T.);
#5471=ORIENTED_EDGE('',*,*,#4163,.T.);
#5472=ORIENTED_EDGE('',*,*,#4243,.T.);
#5473=ORIENTED_EDGE('',*,*,#4244,.T.);
#5474=ORIENTED_EDGE('',*,*,#4245,.T.);
#5475=ORIENTED_EDGE('',*,*,#4246,.T.);
#5476=ORIENTED_EDGE('',*,*,#4247,.T.);
#5477=ORIENTED_EDGE('',*,*,#4166,.T.);
#5478=ORIENTED_EDGE('',*,*,#4245,.F.);
#5479=ORIENTED_EDGE('',*,*,#4169,.T.);
#5480=ORIENTED_EDGE('',*,*,#4247,.F.);
#5481=ORIENTED_EDGE('',*,*,#4248,.T.);
#5482=ORIENTED_EDGE('',*,*,#4249,.T.);
#5483=ORIENTED_EDGE('',*,*,#4160,.T.);
#5484=ORIENTED_EDGE('',*,*,#4249,.F.);
#5485=ORIENTED_EDGE('',*,*,#4250,.T.);
#5486=ORIENTED_EDGE('',*,*,#4243,.F.);
#5487=ORIENTED_EDGE('',*,*,#4246,.F.);
#5488=ORIENTED_EDGE('',*,*,#4251,.T.);
#5489=ORIENTED_EDGE('',*,*,#4252,.F.);
#5490=ORIENTED_EDGE('',*,*,#4253,.F.);
#5491=ORIENTED_EDGE('',*,*,#4244,.F.);
#5492=ORIENTED_EDGE('',*,*,#4254,.F.);
#5493=ORIENTED_EDGE('',*,*,#4255,.F.);
#5494=ORIENTED_EDGE('',*,*,#4251,.F.);
#5495=ORIENTED_EDGE('',*,*,#4248,.F.);
#5496=ORIENTED_EDGE('',*,*,#4253,.T.);
#5497=ORIENTED_EDGE('',*,*,#4256,.F.);
#5498=ORIENTED_EDGE('',*,*,#4257,.F.);
#5499=ORIENTED_EDGE('',*,*,#4250,.F.);
#5500=ORIENTED_EDGE('',*,*,#4257,.T.);
#5501=ORIENTED_EDGE('',*,*,#4258,.F.);
#5502=ORIENTED_EDGE('',*,*,#4254,.T.);
#5503=ORIENTED_EDGE('',*,*,#4181,.T.);
#5504=ORIENTED_EDGE('',*,*,#4259,.T.);
#5505=ORIENTED_EDGE('',*,*,#4260,.T.);
#5506=ORIENTED_EDGE('',*,*,#4261,.F.);
#5507=ORIENTED_EDGE('',*,*,#4175,.T.);
#5508=ORIENTED_EDGE('',*,*,#4262,.T.);
#5509=ORIENTED_EDGE('',*,*,#4263,.T.);
#5510=ORIENTED_EDGE('',*,*,#4264,.T.);
#5511=ORIENTED_EDGE('',*,*,#4265,.T.);
#5512=ORIENTED_EDGE('',*,*,#4262,.F.);
#5513=ORIENTED_EDGE('',*,*,#4172,.T.);
#5514=ORIENTED_EDGE('',*,*,#4261,.T.);
#5515=ORIENTED_EDGE('',*,*,#4178,.T.);
#5516=ORIENTED_EDGE('',*,*,#4264,.F.);
#5517=ORIENTED_EDGE('',*,*,#4266,.T.);
#5518=ORIENTED_EDGE('',*,*,#4259,.F.);
#5519=ORIENTED_EDGE('',*,*,#4266,.F.);
#5520=ORIENTED_EDGE('',*,*,#4267,.T.);
#5521=ORIENTED_EDGE('',*,*,#4268,.F.);
#5522=ORIENTED_EDGE('',*,*,#4269,.F.);
#5523=ORIENTED_EDGE('',*,*,#4263,.F.);
#5524=ORIENTED_EDGE('',*,*,#4270,.T.);
#5525=ORIENTED_EDGE('',*,*,#4271,.F.);
#5526=ORIENTED_EDGE('',*,*,#4267,.F.);
#5527=ORIENTED_EDGE('',*,*,#4265,.F.);
#5528=ORIENTED_EDGE('',*,*,#4272,.T.);
#5529=ORIENTED_EDGE('',*,*,#4273,.F.);
#5530=ORIENTED_EDGE('',*,*,#4270,.F.);
#5531=ORIENTED_EDGE('',*,*,#4260,.F.);
#5532=ORIENTED_EDGE('',*,*,#4269,.T.);
#5533=ORIENTED_EDGE('',*,*,#4274,.F.);
#5534=ORIENTED_EDGE('',*,*,#4272,.F.);
#5535=ORIENTED_EDGE('',*,*,#4210,.F.);
#5536=ORIENTED_EDGE('',*,*,#4275,.T.);
#5537=ORIENTED_EDGE('',*,*,#4276,.F.);
#5538=ORIENTED_EDGE('',*,*,#4275,.F.);
#5539=ORIENTED_EDGE('',*,*,#4277,.T.);
#5540=ORIENTED_EDGE('',*,*,#4278,.F.);
#5541=ORIENTED_EDGE('',*,*,#4279,.F.);
#5542=ORIENTED_EDGE('',*,*,#4228,.F.);
#5543=ORIENTED_EDGE('',*,*,#4279,.T.);
#5544=ORIENTED_EDGE('',*,*,#4280,.F.);
#5545=ORIENTED_EDGE('',*,*,#4281,.F.);
#5546=ORIENTED_EDGE('',*,*,#4217,.F.);
#5547=ORIENTED_EDGE('',*,*,#4281,.T.);
#5548=ORIENTED_EDGE('',*,*,#4282,.F.);
#5549=ORIENTED_EDGE('',*,*,#4283,.F.);
#5550=ORIENTED_EDGE('',*,*,#4218,.F.);
#5551=ORIENTED_EDGE('',*,*,#4283,.T.);
#5552=ORIENTED_EDGE('',*,*,#4284,.F.);
#5553=ORIENTED_EDGE('',*,*,#4285,.F.);
#5554=ORIENTED_EDGE('',*,*,#4219,.F.);
#5555=ORIENTED_EDGE('',*,*,#4285,.T.);
#5556=ORIENTED_EDGE('',*,*,#4286,.F.);
#5557=ORIENTED_EDGE('',*,*,#4287,.F.);
#5558=ORIENTED_EDGE('',*,*,#4220,.F.);
#5559=ORIENTED_EDGE('',*,*,#4287,.T.);
#5560=ORIENTED_EDGE('',*,*,#4288,.F.);
#5561=ORIENTED_EDGE('',*,*,#4289,.F.);
#5562=ORIENTED_EDGE('',*,*,#4221,.F.);
#5563=ORIENTED_EDGE('',*,*,#4289,.T.);
#5564=ORIENTED_EDGE('',*,*,#4290,.F.);
#5565=ORIENTED_EDGE('',*,*,#4291,.T.);
#5566=ORIENTED_EDGE('',*,*,#4222,.F.);
#5567=ORIENTED_EDGE('',*,*,#4292,.T.);
#5568=ORIENTED_EDGE('',*,*,#4293,.F.);
#5569=ORIENTED_EDGE('',*,*,#4277,.F.);
#5570=ORIENTED_EDGE('',*,*,#4227,.F.);
#5571=ORIENTED_EDGE('',*,*,#4294,.T.);
#5572=ORIENTED_EDGE('',*,*,#4295,.F.);
#5573=ORIENTED_EDGE('',*,*,#4292,.F.);
#5574=ORIENTED_EDGE('',*,*,#4226,.F.);
#5575=ORIENTED_EDGE('',*,*,#4296,.T.);
#5576=ORIENTED_EDGE('',*,*,#4297,.F.);
#5577=ORIENTED_EDGE('',*,*,#4294,.F.);
#5578=ORIENTED_EDGE('',*,*,#4225,.F.);
#5579=ORIENTED_EDGE('',*,*,#4298,.T.);
#5580=ORIENTED_EDGE('',*,*,#4299,.F.);
#5581=ORIENTED_EDGE('',*,*,#4296,.F.);
#5582=ORIENTED_EDGE('',*,*,#4224,.F.);
#5583=ORIENTED_EDGE('',*,*,#4291,.F.);
#5584=ORIENTED_EDGE('',*,*,#4300,.F.);
#5585=ORIENTED_EDGE('',*,*,#4298,.F.);
#5586=ORIENTED_EDGE('',*,*,#4223,.F.);
#5587=ORIENTED_EDGE('',*,*,#4241,.T.);
#5588=ORIENTED_EDGE('',*,*,#4206,.T.);
#5589=ORIENTED_EDGE('',*,*,#4211,.T.);
#5590=ORIENTED_EDGE('',*,*,#4214,.T.);
#5591=ORIENTED_EDGE('',*,*,#4229,.T.);
#5592=ORIENTED_EDGE('',*,*,#4232,.T.);
#5593=ORIENTED_EDGE('',*,*,#4235,.T.);
#5594=ORIENTED_EDGE('',*,*,#4238,.T.);
#5595=ORIENTED_EDGE('',*,*,#4301,.F.);
#5596=ORIENTED_EDGE('',*,*,#4302,.F.);
#5597=ORIENTED_EDGE('',*,*,#4303,.F.);
#5598=ORIENTED_EDGE('',*,*,#4304,.F.);
#5599=ORIENTED_EDGE('',*,*,#4305,.F.);
#5600=ORIENTED_EDGE('',*,*,#4306,.F.);
#5601=ORIENTED_EDGE('',*,*,#4307,.F.);
#5602=ORIENTED_EDGE('',*,*,#4308,.F.);
#5603=ORIENTED_EDGE('',*,*,#4155,.T.);
#5604=ORIENTED_EDGE('',*,*,#4152,.T.);
#5605=ORIENTED_EDGE('',*,*,#4149,.T.);
#5606=ORIENTED_EDGE('',*,*,#4146,.T.);
#5607=ORIENTED_EDGE('',*,*,#4304,.T.);
#5608=ORIENTED_EDGE('',*,*,#4309,.T.);
#5609=ORIENTED_EDGE('',*,*,#4310,.F.);
#5610=ORIENTED_EDGE('',*,*,#4311,.T.);
#5611=ORIENTED_EDGE('',*,*,#4303,.T.);
#5612=ORIENTED_EDGE('',*,*,#4312,.F.);
#5613=ORIENTED_EDGE('',*,*,#4313,.T.);
#5614=ORIENTED_EDGE('',*,*,#4309,.F.);
#5615=ORIENTED_EDGE('',*,*,#4302,.T.);
#5616=ORIENTED_EDGE('',*,*,#4314,.T.);
#5617=ORIENTED_EDGE('',*,*,#4315,.F.);
#5618=ORIENTED_EDGE('',*,*,#4312,.T.);
#5619=ORIENTED_EDGE('',*,*,#4301,.T.);
#5620=ORIENTED_EDGE('',*,*,#4316,.F.);
#5621=ORIENTED_EDGE('',*,*,#4317,.T.);
#5622=ORIENTED_EDGE('',*,*,#4314,.F.);
#5623=ORIENTED_EDGE('',*,*,#4256,.T.);
#5624=ORIENTED_EDGE('',*,*,#4252,.T.);
#5625=ORIENTED_EDGE('',*,*,#4255,.T.);
#5626=ORIENTED_EDGE('',*,*,#4258,.T.);
#5627=ORIENTED_EDGE('',*,*,#4318,.F.);
#5628=ORIENTED_EDGE('',*,*,#4319,.T.);
#5629=ORIENTED_EDGE('',*,*,#4320,.T.);
#5630=ORIENTED_EDGE('',*,*,#4319,.F.);
#5631=ORIENTED_EDGE('',*,*,#4320,.F.);
#5632=ORIENTED_EDGE('',*,*,#4321,.F.);
#5633=ORIENTED_EDGE('',*,*,#4322,.T.);
#5634=ORIENTED_EDGE('',*,*,#4323,.T.);
#5635=ORIENTED_EDGE('',*,*,#4322,.F.);
#5636=ORIENTED_EDGE('',*,*,#4323,.F.);
#5637=ORIENTED_EDGE('',*,*,#4324,.F.);
#5638=ORIENTED_EDGE('',*,*,#4325,.T.);
#5639=ORIENTED_EDGE('',*,*,#4326,.T.);
#5640=ORIENTED_EDGE('',*,*,#4325,.F.);
#5641=ORIENTED_EDGE('',*,*,#4326,.F.);
#5642=ORIENTED_EDGE('',*,*,#4327,.F.);
#5643=ORIENTED_EDGE('',*,*,#4328,.T.);
#5644=ORIENTED_EDGE('',*,*,#4329,.T.);
#5645=ORIENTED_EDGE('',*,*,#4328,.F.);
#5646=ORIENTED_EDGE('',*,*,#4329,.F.);
#5647=ORIENTED_EDGE('',*,*,#4330,.F.);
#5648=ORIENTED_EDGE('',*,*,#4331,.T.);
#5649=ORIENTED_EDGE('',*,*,#4332,.F.);
#5650=ORIENTED_EDGE('',*,*,#4331,.F.);
#5651=ORIENTED_EDGE('',*,*,#4330,.T.);
#5652=ORIENTED_EDGE('',*,*,#4321,.T.);
#5653=ORIENTED_EDGE('',*,*,#4333,.F.);
#5654=ORIENTED_EDGE('',*,*,#4334,.T.);
#5655=ORIENTED_EDGE('',*,*,#4335,.F.);
#5656=ORIENTED_EDGE('',*,*,#4334,.F.);
#5657=ORIENTED_EDGE('',*,*,#4333,.T.);
#5658=ORIENTED_EDGE('',*,*,#4327,.T.);
#5659=ORIENTED_EDGE('',*,*,#4336,.F.);
#5660=ORIENTED_EDGE('',*,*,#4337,.T.);
#5661=ORIENTED_EDGE('',*,*,#4338,.F.);
#5662=ORIENTED_EDGE('',*,*,#4337,.F.);
#5663=ORIENTED_EDGE('',*,*,#4336,.T.);
#5664=ORIENTED_EDGE('',*,*,#4318,.T.);
#5665=ORIENTED_EDGE('',*,*,#4339,.F.);
#5666=ORIENTED_EDGE('',*,*,#4340,.T.);
#5667=ORIENTED_EDGE('',*,*,#4341,.F.);
#5668=ORIENTED_EDGE('',*,*,#4340,.F.);
#5669=ORIENTED_EDGE('',*,*,#4339,.T.);
#5670=ORIENTED_EDGE('',*,*,#4324,.T.);
#5671=ORIENTED_EDGE('',*,*,#4308,.T.);
#5672=ORIENTED_EDGE('',*,*,#4342,.T.);
#5673=ORIENTED_EDGE('',*,*,#4343,.F.);
#5674=ORIENTED_EDGE('',*,*,#4316,.T.);
#5675=ORIENTED_EDGE('',*,*,#4307,.T.);
#5676=ORIENTED_EDGE('',*,*,#4344,.F.);
#5677=ORIENTED_EDGE('',*,*,#4345,.T.);
#5678=ORIENTED_EDGE('',*,*,#4342,.F.);
#5679=ORIENTED_EDGE('',*,*,#4276,.T.);
#5680=ORIENTED_EDGE('',*,*,#4306,.T.);
#5681=ORIENTED_EDGE('',*,*,#4346,.T.);
#5682=ORIENTED_EDGE('',*,*,#4347,.F.);
#5683=ORIENTED_EDGE('',*,*,#4344,.T.);
#5684=ORIENTED_EDGE('',*,*,#4305,.T.);
#5685=ORIENTED_EDGE('',*,*,#4311,.F.);
#5686=ORIENTED_EDGE('',*,*,#4348,.T.);
#5687=ORIENTED_EDGE('',*,*,#4346,.F.);
#5688=ORIENTED_EDGE('',*,*,#4271,.T.);
#5689=ORIENTED_EDGE('',*,*,#4273,.T.);
#5690=ORIENTED_EDGE('',*,*,#4274,.T.);
#5691=ORIENTED_EDGE('',*,*,#4268,.T.);
#5692=ORIENTED_EDGE('',*,*,#4290,.T.);
#5693=ORIENTED_EDGE('',*,*,#4288,.T.);
#5694=ORIENTED_EDGE('',*,*,#4286,.T.);
#5695=ORIENTED_EDGE('',*,*,#4284,.T.);
#5696=ORIENTED_EDGE('',*,*,#4282,.T.);
#5697=ORIENTED_EDGE('',*,*,#4280,.T.);
#5698=ORIENTED_EDGE('',*,*,#4278,.T.);
#5699=ORIENTED_EDGE('',*,*,#4293,.T.);
#5700=ORIENTED_EDGE('',*,*,#4295,.T.);
#5701=ORIENTED_EDGE('',*,*,#4297,.T.);
#5702=ORIENTED_EDGE('',*,*,#4299,.T.);
#5703=ORIENTED_EDGE('',*,*,#4300,.T.);
#5704=ORIENTED_EDGE('',*,*,#4204,.F.);
#5705=ORIENTED_EDGE('',*,*,#4192,.T.);
#5706=ORIENTED_EDGE('',*,*,#4186,.F.);
#5707=ORIENTED_EDGE('',*,*,#4190,.T.);
#5708=ORIENTED_EDGE('',*,*,#4182,.F.);
#5709=ORIENTED_EDGE('',*,*,#4195,.T.);
#5710=ORIENTED_EDGE('',*,*,#4198,.F.);
#5711=ORIENTED_EDGE('',*,*,#4201,.T.);
#5712=ORIENTED_EDGE('',*,*,#4315,.T.);
#5713=ORIENTED_EDGE('',*,*,#4317,.F.);
#5714=ORIENTED_EDGE('',*,*,#4343,.T.);
#5715=ORIENTED_EDGE('',*,*,#4345,.F.);
#5716=ORIENTED_EDGE('',*,*,#4347,.T.);
#5717=ORIENTED_EDGE('',*,*,#4348,.F.);
#5718=ORIENTED_EDGE('',*,*,#4310,.T.);
#5719=ORIENTED_EDGE('',*,*,#4313,.F.);
#5720=ORIENTED_EDGE('',*,*,#4332,.T.);
#5721=ORIENTED_EDGE('',*,*,#4335,.T.);
#5722=ORIENTED_EDGE('',*,*,#4338,.T.);
#5723=ORIENTED_EDGE('',*,*,#4341,.T.);
#5724=ORIENTED_EDGE('',*,*,#4349,.F.);
#5725=ORIENTED_EDGE('',*,*,#4350,.T.);
#5726=ORIENTED_EDGE('',*,*,#4351,.F.);
#5727=ORIENTED_EDGE('',*,*,#4352,.F.);
#5728=ORIENTED_EDGE('',*,*,#4353,.F.);
#5729=ORIENTED_EDGE('',*,*,#4354,.F.);
#5730=ORIENTED_EDGE('',*,*,#4355,.F.);
#5731=ORIENTED_EDGE('',*,*,#4350,.F.);
#5732=ORIENTED_EDGE('',*,*,#4356,.F.);
#5733=ORIENTED_EDGE('',*,*,#4357,.T.);
#5734=ORIENTED_EDGE('',*,*,#4358,.F.);
#5735=ORIENTED_EDGE('',*,*,#4359,.F.);
#5736=ORIENTED_EDGE('',*,*,#4360,.F.);
#5737=ORIENTED_EDGE('',*,*,#4361,.F.);
#5738=ORIENTED_EDGE('',*,*,#4362,.F.);
#5739=ORIENTED_EDGE('',*,*,#4357,.F.);
#5740=ORIENTED_EDGE('',*,*,#4363,.F.);
#5741=ORIENTED_EDGE('',*,*,#4364,.T.);
#5742=ORIENTED_EDGE('',*,*,#4365,.F.);
#5743=ORIENTED_EDGE('',*,*,#4366,.F.);
#5744=ORIENTED_EDGE('',*,*,#4367,.F.);
#5745=ORIENTED_EDGE('',*,*,#4368,.F.);
#5746=ORIENTED_EDGE('',*,*,#4369,.F.);
#5747=ORIENTED_EDGE('',*,*,#4364,.F.);
#5748=ORIENTED_EDGE('',*,*,#4370,.F.);
#5749=ORIENTED_EDGE('',*,*,#4371,.T.);
#5750=ORIENTED_EDGE('',*,*,#4372,.F.);
#5751=ORIENTED_EDGE('',*,*,#4373,.F.);
#5752=ORIENTED_EDGE('',*,*,#4374,.F.);
#5753=ORIENTED_EDGE('',*,*,#4375,.F.);
#5754=ORIENTED_EDGE('',*,*,#4376,.F.);
#5755=ORIENTED_EDGE('',*,*,#4371,.F.);
#5756=ORIENTED_EDGE('',*,*,#4352,.T.);
#5757=ORIENTED_EDGE('',*,*,#4377,.F.);
#5758=ORIENTED_EDGE('',*,*,#4378,.F.);
#5759=ORIENTED_EDGE('',*,*,#4379,.T.);
#5760=ORIENTED_EDGE('',*,*,#4354,.T.);
#5761=ORIENTED_EDGE('',*,*,#4380,.T.);
#5762=ORIENTED_EDGE('',*,*,#4381,.T.);
#5763=ORIENTED_EDGE('',*,*,#4382,.F.);
#5764=ORIENTED_EDGE('',*,*,#4359,.T.);
#5765=ORIENTED_EDGE('',*,*,#4383,.F.);
#5766=ORIENTED_EDGE('',*,*,#4384,.F.);
#5767=ORIENTED_EDGE('',*,*,#4385,.T.);
#5768=ORIENTED_EDGE('',*,*,#4361,.T.);
#5769=ORIENTED_EDGE('',*,*,#4386,.T.);
#5770=ORIENTED_EDGE('',*,*,#4387,.T.);
#5771=ORIENTED_EDGE('',*,*,#4388,.F.);
#5772=ORIENTED_EDGE('',*,*,#4366,.T.);
#5773=ORIENTED_EDGE('',*,*,#4389,.T.);
#5774=ORIENTED_EDGE('',*,*,#4390,.T.);
#5775=ORIENTED_EDGE('',*,*,#4391,.F.);
#5776=ORIENTED_EDGE('',*,*,#4368,.T.);
#5777=ORIENTED_EDGE('',*,*,#4392,.F.);
#5778=ORIENTED_EDGE('',*,*,#4393,.F.);
#5779=ORIENTED_EDGE('',*,*,#4394,.T.);
#5780=ORIENTED_EDGE('',*,*,#4353,.T.);
#5781=ORIENTED_EDGE('',*,*,#4379,.F.);
#5782=ORIENTED_EDGE('',*,*,#4395,.T.);
#5783=ORIENTED_EDGE('',*,*,#4386,.F.);
#5784=ORIENTED_EDGE('',*,*,#4360,.T.);
#5785=ORIENTED_EDGE('',*,*,#4385,.F.);
#5786=ORIENTED_EDGE('',*,*,#4396,.T.);
#5787=ORIENTED_EDGE('',*,*,#4397,.F.);
#5788=ORIENTED_EDGE('',*,*,#4372,.T.);
#5789=ORIENTED_EDGE('',*,*,#4376,.T.);
#5790=ORIENTED_EDGE('',*,*,#4398,.F.);
#5791=ORIENTED_EDGE('',*,*,#4399,.T.);
#5792=ORIENTED_EDGE('',*,*,#4389,.F.);
#5793=ORIENTED_EDGE('',*,*,#4365,.T.);
#5794=ORIENTED_EDGE('',*,*,#4369,.T.);
#5795=ORIENTED_EDGE('',*,*,#4394,.F.);
#5796=ORIENTED_EDGE('',*,*,#4400,.T.);
#5797=ORIENTED_EDGE('',*,*,#4380,.F.);
#5798=ORIENTED_EDGE('',*,*,#4401,.T.);
#5799=ORIENTED_EDGE('',*,*,#4402,.T.);
#5800=ORIENTED_EDGE('',*,*,#4403,.T.);
#5801=ORIENTED_EDGE('',*,*,#4404,.T.);
#5802=ORIENTED_EDGE('',*,*,#4405,.T.);
#5803=ORIENTED_EDGE('',*,*,#4406,.T.);
#5804=ORIENTED_EDGE('',*,*,#4407,.T.);
#5805=ORIENTED_EDGE('',*,*,#4408,.T.);
#5806=ORIENTED_EDGE('',*,*,#4409,.T.);
#5807=ORIENTED_EDGE('',*,*,#4373,.T.);
#5808=ORIENTED_EDGE('',*,*,#4397,.T.);
#5809=ORIENTED_EDGE('',*,*,#4410,.T.);
#5810=ORIENTED_EDGE('',*,*,#4411,.F.);
#5811=ORIENTED_EDGE('',*,*,#4375,.T.);
#5812=ORIENTED_EDGE('',*,*,#4412,.F.);
#5813=ORIENTED_EDGE('',*,*,#4413,.F.);
#5814=ORIENTED_EDGE('',*,*,#4398,.T.);
#5815=ORIENTED_EDGE('',*,*,#4396,.F.);
#5816=ORIENTED_EDGE('',*,*,#4384,.T.);
#5817=ORIENTED_EDGE('',*,*,#4414,.F.);
#5818=ORIENTED_EDGE('',*,*,#4410,.F.);
#5819=ORIENTED_EDGE('',*,*,#4395,.F.);
#5820=ORIENTED_EDGE('',*,*,#4378,.T.);
#5821=ORIENTED_EDGE('',*,*,#4415,.F.);
#5822=ORIENTED_EDGE('',*,*,#4387,.F.);
#5823=ORIENTED_EDGE('',*,*,#4399,.F.);
#5824=ORIENTED_EDGE('',*,*,#4413,.T.);
#5825=ORIENTED_EDGE('',*,*,#4416,.F.);
#5826=ORIENTED_EDGE('',*,*,#4390,.F.);
#5827=ORIENTED_EDGE('',*,*,#4400,.F.);
#5828=ORIENTED_EDGE('',*,*,#4393,.T.);
#5829=ORIENTED_EDGE('',*,*,#4417,.F.);
#5830=ORIENTED_EDGE('',*,*,#4381,.F.);
#5831=ORIENTED_EDGE('',*,*,#4418,.F.);
#5832=ORIENTED_EDGE('',*,*,#4419,.T.);
#5833=ORIENTED_EDGE('',*,*,#4420,.F.);
#5834=ORIENTED_EDGE('',*,*,#4421,.F.);
#5835=ORIENTED_EDGE('',*,*,#4422,.F.);
#5836=ORIENTED_EDGE('',*,*,#4421,.T.);
#5837=ORIENTED_EDGE('',*,*,#4423,.F.);
#5838=ORIENTED_EDGE('',*,*,#4424,.F.);
#5839=ORIENTED_EDGE('',*,*,#4425,.F.);
#5840=ORIENTED_EDGE('',*,*,#4424,.T.);
#5841=ORIENTED_EDGE('',*,*,#4426,.F.);
#5842=ORIENTED_EDGE('',*,*,#4427,.F.);
#5843=ORIENTED_EDGE('',*,*,#4428,.F.);
#5844=ORIENTED_EDGE('',*,*,#4427,.T.);
#5845=ORIENTED_EDGE('',*,*,#4429,.F.);
#5846=ORIENTED_EDGE('',*,*,#4430,.F.);
#5847=ORIENTED_EDGE('',*,*,#4431,.F.);
#5848=ORIENTED_EDGE('',*,*,#4430,.T.);
#5849=ORIENTED_EDGE('',*,*,#4432,.F.);
#5850=ORIENTED_EDGE('',*,*,#4433,.F.);
#5851=ORIENTED_EDGE('',*,*,#4434,.F.);
#5852=ORIENTED_EDGE('',*,*,#4433,.T.);
#5853=ORIENTED_EDGE('',*,*,#4435,.F.);
#5854=ORIENTED_EDGE('',*,*,#4436,.F.);
#5855=ORIENTED_EDGE('',*,*,#4437,.F.);
#5856=ORIENTED_EDGE('',*,*,#4436,.T.);
#5857=ORIENTED_EDGE('',*,*,#4438,.F.);
#5858=ORIENTED_EDGE('',*,*,#4439,.F.);
#5859=ORIENTED_EDGE('',*,*,#4440,.F.);
#5860=ORIENTED_EDGE('',*,*,#4439,.T.);
#5861=ORIENTED_EDGE('',*,*,#4441,.F.);
#5862=ORIENTED_EDGE('',*,*,#4419,.F.);
#5863=ORIENTED_EDGE('',*,*,#4441,.T.);
#5864=ORIENTED_EDGE('',*,*,#4438,.T.);
#5865=ORIENTED_EDGE('',*,*,#4435,.T.);
#5866=ORIENTED_EDGE('',*,*,#4432,.T.);
#5867=ORIENTED_EDGE('',*,*,#4429,.T.);
#5868=ORIENTED_EDGE('',*,*,#4426,.T.);
#5869=ORIENTED_EDGE('',*,*,#4423,.T.);
#5870=ORIENTED_EDGE('',*,*,#4420,.T.);
#5871=ORIENTED_EDGE('',*,*,#4351,.T.);
#5872=ORIENTED_EDGE('',*,*,#4355,.T.);
#5873=ORIENTED_EDGE('',*,*,#4382,.T.);
#5874=ORIENTED_EDGE('',*,*,#4417,.T.);
#5875=ORIENTED_EDGE('',*,*,#4392,.T.);
#5876=ORIENTED_EDGE('',*,*,#4367,.T.);
#5877=ORIENTED_EDGE('',*,*,#4391,.T.);
#5878=ORIENTED_EDGE('',*,*,#4416,.T.);
#5879=ORIENTED_EDGE('',*,*,#4412,.T.);
#5880=ORIENTED_EDGE('',*,*,#4374,.T.);
#5881=ORIENTED_EDGE('',*,*,#4411,.T.);
#5882=ORIENTED_EDGE('',*,*,#4414,.T.);
#5883=ORIENTED_EDGE('',*,*,#4383,.T.);
#5884=ORIENTED_EDGE('',*,*,#4358,.T.);
#5885=ORIENTED_EDGE('',*,*,#4362,.T.);
#5886=ORIENTED_EDGE('',*,*,#4388,.T.);
#5887=ORIENTED_EDGE('',*,*,#4415,.T.);
#5888=ORIENTED_EDGE('',*,*,#4377,.T.);
#5889=ORIENTED_EDGE('',*,*,#4442,.F.);
#5890=ORIENTED_EDGE('',*,*,#4443,.T.);
#5891=ORIENTED_EDGE('',*,*,#4401,.F.);
#5892=ORIENTED_EDGE('',*,*,#4443,.F.);
#5893=ORIENTED_EDGE('',*,*,#4444,.F.);
#5894=ORIENTED_EDGE('',*,*,#4445,.T.);
#5895=ORIENTED_EDGE('',*,*,#4402,.F.);
#5896=ORIENTED_EDGE('',*,*,#4445,.F.);
#5897=ORIENTED_EDGE('',*,*,#4446,.F.);
#5898=ORIENTED_EDGE('',*,*,#4447,.T.);
#5899=ORIENTED_EDGE('',*,*,#4403,.F.);
#5900=ORIENTED_EDGE('',*,*,#4447,.F.);
#5901=ORIENTED_EDGE('',*,*,#4448,.F.);
#5902=ORIENTED_EDGE('',*,*,#4449,.T.);
#5903=ORIENTED_EDGE('',*,*,#4404,.F.);
#5904=ORIENTED_EDGE('',*,*,#4449,.F.);
#5905=ORIENTED_EDGE('',*,*,#4450,.F.);
#5906=ORIENTED_EDGE('',*,*,#4451,.T.);
#5907=ORIENTED_EDGE('',*,*,#4405,.F.);
#5908=ORIENTED_EDGE('',*,*,#4451,.F.);
#5909=ORIENTED_EDGE('',*,*,#4408,.F.);
#5910=ORIENTED_EDGE('',*,*,#4452,.F.);
#5911=ORIENTED_EDGE('',*,*,#4453,.F.);
#5912=ORIENTED_EDGE('',*,*,#4454,.T.);
#5913=ORIENTED_EDGE('',*,*,#4409,.F.);
#5914=ORIENTED_EDGE('',*,*,#4454,.F.);
#5915=ORIENTED_EDGE('',*,*,#4455,.F.);
#5916=ORIENTED_EDGE('',*,*,#4456,.T.);
#5917=ORIENTED_EDGE('',*,*,#4406,.F.);
#5918=ORIENTED_EDGE('',*,*,#4456,.F.);
#5919=ORIENTED_EDGE('',*,*,#4457,.F.);
#5920=ORIENTED_EDGE('',*,*,#4458,.T.);
#5921=ORIENTED_EDGE('',*,*,#4407,.F.);
#5922=ORIENTED_EDGE('',*,*,#4458,.F.);
#5923=ORIENTED_EDGE('',*,*,#4459,.F.);
#5924=ORIENTED_EDGE('',*,*,#4452,.T.);
#5925=ORIENTED_EDGE('',*,*,#4440,.T.);
#5926=ORIENTED_EDGE('',*,*,#4418,.T.);
#5927=ORIENTED_EDGE('',*,*,#4422,.T.);
#5928=ORIENTED_EDGE('',*,*,#4425,.T.);
#5929=ORIENTED_EDGE('',*,*,#4428,.T.);
#5930=ORIENTED_EDGE('',*,*,#4431,.T.);
#5931=ORIENTED_EDGE('',*,*,#4434,.T.);
#5932=ORIENTED_EDGE('',*,*,#4437,.T.);
#5933=ORIENTED_EDGE('',*,*,#4442,.T.);
#5934=ORIENTED_EDGE('',*,*,#4444,.T.);
#5935=ORIENTED_EDGE('',*,*,#4446,.T.);
#5936=ORIENTED_EDGE('',*,*,#4448,.T.);
#5937=ORIENTED_EDGE('',*,*,#4450,.T.);
#5938=ORIENTED_EDGE('',*,*,#4457,.T.);
#5939=ORIENTED_EDGE('',*,*,#4455,.T.);
#5940=ORIENTED_EDGE('',*,*,#4453,.T.);
#5941=ORIENTED_EDGE('',*,*,#4459,.T.);
#5942=ORIENTED_EDGE('',*,*,#4370,.T.);
#5943=ORIENTED_EDGE('',*,*,#4363,.T.);
#5944=ORIENTED_EDGE('',*,*,#4356,.T.);
#5945=ORIENTED_EDGE('',*,*,#4349,.T.);
#5946=ORIENTED_EDGE('',*,*,#4460,.F.);
#5947=ORIENTED_EDGE('',*,*,#4461,.T.);
#5948=ORIENTED_EDGE('',*,*,#4462,.T.);
#5949=ORIENTED_EDGE('',*,*,#4461,.F.);
#5950=ORIENTED_EDGE('',*,*,#4460,.T.);
#5951=ORIENTED_EDGE('',*,*,#4462,.F.);
#5952=ORIENTED_EDGE('',*,*,#4463,.T.);
#5953=ORIENTED_EDGE('',*,*,#4463,.F.);
#5954=ORIENTED_EDGE('',*,*,#4464,.T.);
#5955=ORIENTED_EDGE('',*,*,#4465,.T.);
#5956=ORIENTED_EDGE('',*,*,#4464,.F.);
#5957=ORIENTED_EDGE('',*,*,#4465,.F.);
#5958=ORIENTED_EDGE('',*,*,#4466,.F.);
#5959=ORIENTED_EDGE('',*,*,#4467,.T.);
#5960=ORIENTED_EDGE('',*,*,#4468,.F.);
#5961=ORIENTED_EDGE('',*,*,#4469,.T.);
#5962=ORIENTED_EDGE('',*,*,#4466,.T.);
#5963=ORIENTED_EDGE('',*,*,#4469,.F.);
#5964=ORIENTED_EDGE('',*,*,#4468,.T.);
#5965=ORIENTED_EDGE('',*,*,#4467,.F.);
#5966=ORIENTED_EDGE('',*,*,#4470,.T.);
#5967=ORIENTED_EDGE('',*,*,#4471,.T.);
#5968=ORIENTED_EDGE('',*,*,#4470,.F.);
#5969=ORIENTED_EDGE('',*,*,#4471,.F.);
#5970=ORIENTED_EDGE('',*,*,#4472,.F.);
#5971=ORIENTED_EDGE('',*,*,#4473,.T.);
#5972=ORIENTED_EDGE('',*,*,#4474,.F.);
#5973=ORIENTED_EDGE('',*,*,#4475,.T.);
#5974=ORIENTED_EDGE('',*,*,#4472,.T.);
#5975=ORIENTED_EDGE('',*,*,#4475,.F.);
#5976=ORIENTED_EDGE('',*,*,#4474,.T.);
#5977=ORIENTED_EDGE('',*,*,#4473,.F.);
#5978=ORIENTED_EDGE('',*,*,#4476,.T.);
#5979=ORIENTED_EDGE('',*,*,#4477,.T.);
#5980=ORIENTED_EDGE('',*,*,#4476,.F.);
#5981=ORIENTED_EDGE('',*,*,#4477,.F.);
#5982=ORIENTED_EDGE('',*,*,#4478,.F.);
#5983=ORIENTED_EDGE('',*,*,#4479,.T.);
#5984=ORIENTED_EDGE('',*,*,#4480,.F.);
#5985=ORIENTED_EDGE('',*,*,#4481,.T.);
#5986=ORIENTED_EDGE('',*,*,#4478,.T.);
#5987=ORIENTED_EDGE('',*,*,#4481,.F.);
#5988=ORIENTED_EDGE('',*,*,#4480,.T.);
#5989=ORIENTED_EDGE('',*,*,#4479,.F.);
#5990=ORIENTED_EDGE('',*,*,#4482,.T.);
#5991=ORIENTED_EDGE('',*,*,#4483,.T.);
#5992=ORIENTED_EDGE('',*,*,#4482,.F.);
#5993=ORIENTED_EDGE('',*,*,#4483,.F.);
#5994=ORIENTED_EDGE('',*,*,#4484,.F.);
#5995=ORIENTED_EDGE('',*,*,#4485,.T.);
#5996=ORIENTED_EDGE('',*,*,#4486,.F.);
#5997=ORIENTED_EDGE('',*,*,#4487,.T.);
#5998=ORIENTED_EDGE('',*,*,#4484,.T.);
#5999=ORIENTED_EDGE('',*,*,#4487,.F.);
#6000=ORIENTED_EDGE('',*,*,#4486,.T.);
#6001=ORIENTED_EDGE('',*,*,#4485,.F.);
#6002=ORIENTED_EDGE('',*,*,#4488,.T.);
#6003=ORIENTED_EDGE('',*,*,#4489,.T.);
#6004=ORIENTED_EDGE('',*,*,#4488,.F.);
#6005=ORIENTED_EDGE('',*,*,#4489,.F.);
#6006=ORIENTED_EDGE('',*,*,#4490,.F.);
#6007=ORIENTED_EDGE('',*,*,#4491,.T.);
#6008=ORIENTED_EDGE('',*,*,#4492,.T.);
#6009=ORIENTED_EDGE('',*,*,#4493,.F.);
#6010=ORIENTED_EDGE('',*,*,#4494,.F.);
#6011=ORIENTED_EDGE('',*,*,#4495,.T.);
#6012=ORIENTED_EDGE('',*,*,#4496,.T.);
#6013=ORIENTED_EDGE('',*,*,#4491,.F.);
#6014=ORIENTED_EDGE('',*,*,#4497,.F.);
#6015=ORIENTED_EDGE('',*,*,#4498,.T.);
#6016=ORIENTED_EDGE('',*,*,#4499,.T.);
#6017=ORIENTED_EDGE('',*,*,#4495,.F.);
#6018=ORIENTED_EDGE('',*,*,#4500,.F.);
#6019=ORIENTED_EDGE('',*,*,#4493,.T.);
#6020=ORIENTED_EDGE('',*,*,#4501,.T.);
#6021=ORIENTED_EDGE('',*,*,#4498,.F.);
#6022=ORIENTED_EDGE('',*,*,#4501,.F.);
#6023=ORIENTED_EDGE('',*,*,#4492,.F.);
#6024=ORIENTED_EDGE('',*,*,#4496,.F.);
#6025=ORIENTED_EDGE('',*,*,#4499,.F.);
#6026=ORIENTED_EDGE('',*,*,#4502,.T.);
#6027=ORIENTED_EDGE('',*,*,#4503,.T.);
#6028=ORIENTED_EDGE('',*,*,#4504,.T.);
#6029=ORIENTED_EDGE('',*,*,#4505,.T.);
#6030=ORIENTED_EDGE('',*,*,#4506,.F.);
#6031=ORIENTED_EDGE('',*,*,#4507,.T.);
#6032=ORIENTED_EDGE('',*,*,#4505,.F.);
#6033=ORIENTED_EDGE('',*,*,#4508,.F.);
#6034=ORIENTED_EDGE('',*,*,#4490,.T.);
#6035=ORIENTED_EDGE('',*,*,#4500,.T.);
#6036=ORIENTED_EDGE('',*,*,#4497,.T.);
#6037=ORIENTED_EDGE('',*,*,#4494,.T.);
#6038=ORIENTED_EDGE('',*,*,#4509,.F.);
#6039=ORIENTED_EDGE('',*,*,#4508,.T.);
#6040=ORIENTED_EDGE('',*,*,#4504,.F.);
#6041=ORIENTED_EDGE('',*,*,#4510,.F.);
#6042=ORIENTED_EDGE('',*,*,#4511,.F.);
#6043=ORIENTED_EDGE('',*,*,#4510,.T.);
#6044=ORIENTED_EDGE('',*,*,#4503,.F.);
#6045=ORIENTED_EDGE('',*,*,#4512,.F.);
#6046=ORIENTED_EDGE('',*,*,#4513,.F.);
#6047=ORIENTED_EDGE('',*,*,#4512,.T.);
#6048=ORIENTED_EDGE('',*,*,#4502,.F.);
#6049=ORIENTED_EDGE('',*,*,#4507,.F.);
#6050=ORIENTED_EDGE('',*,*,#4513,.T.);
#6051=ORIENTED_EDGE('',*,*,#4506,.T.);
#6052=ORIENTED_EDGE('',*,*,#4509,.T.);
#6053=ORIENTED_EDGE('',*,*,#4511,.T.);
#6054=ORIENTED_EDGE('',*,*,#4514,.F.);
#6055=ORIENTED_EDGE('',*,*,#4515,.T.);
#6056=ORIENTED_EDGE('',*,*,#4516,.F.);
#6057=ORIENTED_EDGE('',*,*,#4517,.F.);
#6058=ORIENTED_EDGE('',*,*,#4518,.F.);
#6059=ORIENTED_EDGE('',*,*,#4517,.T.);
#6060=ORIENTED_EDGE('',*,*,#4519,.F.);
#6061=ORIENTED_EDGE('',*,*,#4520,.F.);
#6062=ORIENTED_EDGE('',*,*,#4521,.F.);
#6063=ORIENTED_EDGE('',*,*,#4520,.T.);
#6064=ORIENTED_EDGE('',*,*,#4522,.F.);
#6065=ORIENTED_EDGE('',*,*,#4523,.F.);
#6066=ORIENTED_EDGE('',*,*,#4524,.F.);
#6067=ORIENTED_EDGE('',*,*,#4523,.T.);
#6068=ORIENTED_EDGE('',*,*,#4525,.F.);
#6069=ORIENTED_EDGE('',*,*,#4526,.F.);
#6070=ORIENTED_EDGE('',*,*,#4527,.F.);
#6071=ORIENTED_EDGE('',*,*,#4526,.T.);
#6072=ORIENTED_EDGE('',*,*,#4528,.F.);
#6073=ORIENTED_EDGE('',*,*,#4529,.F.);
#6074=ORIENTED_EDGE('',*,*,#4530,.F.);
#6075=ORIENTED_EDGE('',*,*,#4529,.T.);
#6076=ORIENTED_EDGE('',*,*,#4531,.F.);
#6077=ORIENTED_EDGE('',*,*,#4532,.F.);
#6078=ORIENTED_EDGE('',*,*,#4533,.F.);
#6079=ORIENTED_EDGE('',*,*,#4532,.T.);
#6080=ORIENTED_EDGE('',*,*,#4534,.F.);
#6081=ORIENTED_EDGE('',*,*,#4535,.F.);
#6082=ORIENTED_EDGE('',*,*,#4536,.F.);
#6083=ORIENTED_EDGE('',*,*,#4535,.T.);
#6084=ORIENTED_EDGE('',*,*,#4537,.F.);
#6085=ORIENTED_EDGE('',*,*,#4538,.F.);
#6086=ORIENTED_EDGE('',*,*,#4539,.F.);
#6087=ORIENTED_EDGE('',*,*,#4538,.T.);
#6088=ORIENTED_EDGE('',*,*,#4540,.F.);
#6089=ORIENTED_EDGE('',*,*,#4515,.F.);
#6090=ORIENTED_EDGE('',*,*,#4541,.F.);
#6091=ORIENTED_EDGE('',*,*,#4542,.T.);
#6092=ORIENTED_EDGE('',*,*,#4543,.F.);
#6093=ORIENTED_EDGE('',*,*,#4544,.F.);
#6094=ORIENTED_EDGE('',*,*,#4545,.F.);
#6095=ORIENTED_EDGE('',*,*,#4544,.T.);
#6096=ORIENTED_EDGE('',*,*,#4546,.F.);
#6097=ORIENTED_EDGE('',*,*,#4547,.F.);
#6098=ORIENTED_EDGE('',*,*,#4548,.F.);
#6099=ORIENTED_EDGE('',*,*,#4547,.T.);
#6100=ORIENTED_EDGE('',*,*,#4549,.F.);
#6101=ORIENTED_EDGE('',*,*,#4550,.F.);
#6102=ORIENTED_EDGE('',*,*,#4551,.F.);
#6103=ORIENTED_EDGE('',*,*,#4550,.T.);
#6104=ORIENTED_EDGE('',*,*,#4552,.F.);
#6105=ORIENTED_EDGE('',*,*,#4553,.F.);
#6106=ORIENTED_EDGE('',*,*,#4554,.F.);
#6107=ORIENTED_EDGE('',*,*,#4553,.T.);
#6108=ORIENTED_EDGE('',*,*,#4555,.F.);
#6109=ORIENTED_EDGE('',*,*,#4556,.F.);
#6110=ORIENTED_EDGE('',*,*,#4557,.F.);
#6111=ORIENTED_EDGE('',*,*,#4556,.T.);
#6112=ORIENTED_EDGE('',*,*,#4558,.F.);
#6113=ORIENTED_EDGE('',*,*,#4559,.F.);
#6114=ORIENTED_EDGE('',*,*,#4560,.F.);
#6115=ORIENTED_EDGE('',*,*,#4559,.T.);
#6116=ORIENTED_EDGE('',*,*,#4561,.F.);
#6117=ORIENTED_EDGE('',*,*,#4562,.F.);
#6118=ORIENTED_EDGE('',*,*,#4563,.F.);
#6119=ORIENTED_EDGE('',*,*,#4562,.T.);
#6120=ORIENTED_EDGE('',*,*,#4564,.F.);
#6121=ORIENTED_EDGE('',*,*,#4565,.F.);
#6122=ORIENTED_EDGE('',*,*,#4566,.F.);
#6123=ORIENTED_EDGE('',*,*,#4565,.T.);
#6124=ORIENTED_EDGE('',*,*,#4567,.F.);
#6125=ORIENTED_EDGE('',*,*,#4568,.F.);
#6126=ORIENTED_EDGE('',*,*,#4569,.F.);
#6127=ORIENTED_EDGE('',*,*,#4568,.T.);
#6128=ORIENTED_EDGE('',*,*,#4570,.F.);
#6129=ORIENTED_EDGE('',*,*,#4571,.F.);
#6130=ORIENTED_EDGE('',*,*,#4572,.F.);
#6131=ORIENTED_EDGE('',*,*,#4571,.T.);
#6132=ORIENTED_EDGE('',*,*,#4573,.F.);
#6133=ORIENTED_EDGE('',*,*,#4574,.F.);
#6134=ORIENTED_EDGE('',*,*,#4575,.F.);
#6135=ORIENTED_EDGE('',*,*,#4574,.T.);
#6136=ORIENTED_EDGE('',*,*,#4576,.F.);
#6137=ORIENTED_EDGE('',*,*,#4577,.F.);
#6138=ORIENTED_EDGE('',*,*,#4578,.F.);
#6139=ORIENTED_EDGE('',*,*,#4577,.T.);
#6140=ORIENTED_EDGE('',*,*,#4579,.F.);
#6141=ORIENTED_EDGE('',*,*,#4580,.F.);
#6142=ORIENTED_EDGE('',*,*,#4581,.F.);
#6143=ORIENTED_EDGE('',*,*,#4580,.T.);
#6144=ORIENTED_EDGE('',*,*,#4582,.F.);
#6145=ORIENTED_EDGE('',*,*,#4583,.F.);
#6146=ORIENTED_EDGE('',*,*,#4584,.F.);
#6147=ORIENTED_EDGE('',*,*,#4583,.T.);
#6148=ORIENTED_EDGE('',*,*,#4585,.F.);
#6149=ORIENTED_EDGE('',*,*,#4586,.F.);
#6150=ORIENTED_EDGE('',*,*,#4587,.F.);
#6151=ORIENTED_EDGE('',*,*,#4586,.T.);
#6152=ORIENTED_EDGE('',*,*,#4588,.F.);
#6153=ORIENTED_EDGE('',*,*,#4589,.F.);
#6154=ORIENTED_EDGE('',*,*,#4590,.F.);
#6155=ORIENTED_EDGE('',*,*,#4589,.T.);
#6156=ORIENTED_EDGE('',*,*,#4591,.F.);
#6157=ORIENTED_EDGE('',*,*,#4592,.F.);
#6158=ORIENTED_EDGE('',*,*,#4593,.F.);
#6159=ORIENTED_EDGE('',*,*,#4592,.T.);
#6160=ORIENTED_EDGE('',*,*,#4594,.F.);
#6161=ORIENTED_EDGE('',*,*,#4595,.F.);
#6162=ORIENTED_EDGE('',*,*,#4596,.F.);
#6163=ORIENTED_EDGE('',*,*,#4595,.T.);
#6164=ORIENTED_EDGE('',*,*,#4597,.F.);
#6165=ORIENTED_EDGE('',*,*,#4598,.F.);
#6166=ORIENTED_EDGE('',*,*,#4599,.F.);
#6167=ORIENTED_EDGE('',*,*,#4598,.T.);
#6168=ORIENTED_EDGE('',*,*,#4600,.F.);
#6169=ORIENTED_EDGE('',*,*,#4601,.F.);
#6170=ORIENTED_EDGE('',*,*,#4602,.F.);
#6171=ORIENTED_EDGE('',*,*,#4601,.T.);
#6172=ORIENTED_EDGE('',*,*,#4603,.F.);
#6173=ORIENTED_EDGE('',*,*,#4604,.F.);
#6174=ORIENTED_EDGE('',*,*,#4605,.F.);
#6175=ORIENTED_EDGE('',*,*,#4604,.T.);
#6176=ORIENTED_EDGE('',*,*,#4606,.F.);
#6177=ORIENTED_EDGE('',*,*,#4607,.F.);
#6178=ORIENTED_EDGE('',*,*,#4608,.F.);
#6179=ORIENTED_EDGE('',*,*,#4607,.T.);
#6180=ORIENTED_EDGE('',*,*,#4609,.F.);
#6181=ORIENTED_EDGE('',*,*,#4610,.F.);
#6182=ORIENTED_EDGE('',*,*,#4611,.F.);
#6183=ORIENTED_EDGE('',*,*,#4610,.T.);
#6184=ORIENTED_EDGE('',*,*,#4612,.F.);
#6185=ORIENTED_EDGE('',*,*,#4613,.F.);
#6186=ORIENTED_EDGE('',*,*,#4614,.F.);
#6187=ORIENTED_EDGE('',*,*,#4613,.T.);
#6188=ORIENTED_EDGE('',*,*,#4615,.F.);
#6189=ORIENTED_EDGE('',*,*,#4616,.F.);
#6190=ORIENTED_EDGE('',*,*,#4617,.F.);
#6191=ORIENTED_EDGE('',*,*,#4616,.T.);
#6192=ORIENTED_EDGE('',*,*,#4618,.F.);
#6193=ORIENTED_EDGE('',*,*,#4619,.F.);
#6194=ORIENTED_EDGE('',*,*,#4620,.F.);
#6195=ORIENTED_EDGE('',*,*,#4619,.T.);
#6196=ORIENTED_EDGE('',*,*,#4621,.F.);
#6197=ORIENTED_EDGE('',*,*,#4542,.F.);
#6198=ORIENTED_EDGE('',*,*,#4621,.T.);
#6199=ORIENTED_EDGE('',*,*,#4618,.T.);
#6200=ORIENTED_EDGE('',*,*,#4615,.T.);
#6201=ORIENTED_EDGE('',*,*,#4612,.T.);
#6202=ORIENTED_EDGE('',*,*,#4609,.T.);
#6203=ORIENTED_EDGE('',*,*,#4606,.T.);
#6204=ORIENTED_EDGE('',*,*,#4603,.T.);
#6205=ORIENTED_EDGE('',*,*,#4600,.T.);
#6206=ORIENTED_EDGE('',*,*,#4597,.T.);
#6207=ORIENTED_EDGE('',*,*,#4594,.T.);
#6208=ORIENTED_EDGE('',*,*,#4591,.T.);
#6209=ORIENTED_EDGE('',*,*,#4588,.T.);
#6210=ORIENTED_EDGE('',*,*,#4585,.T.);
#6211=ORIENTED_EDGE('',*,*,#4582,.T.);
#6212=ORIENTED_EDGE('',*,*,#4579,.T.);
#6213=ORIENTED_EDGE('',*,*,#4576,.T.);
#6214=ORIENTED_EDGE('',*,*,#4573,.T.);
#6215=ORIENTED_EDGE('',*,*,#4570,.T.);
#6216=ORIENTED_EDGE('',*,*,#4567,.T.);
#6217=ORIENTED_EDGE('',*,*,#4564,.T.);
#6218=ORIENTED_EDGE('',*,*,#4561,.T.);
#6219=ORIENTED_EDGE('',*,*,#4558,.T.);
#6220=ORIENTED_EDGE('',*,*,#4555,.T.);
#6221=ORIENTED_EDGE('',*,*,#4552,.T.);
#6222=ORIENTED_EDGE('',*,*,#4549,.T.);
#6223=ORIENTED_EDGE('',*,*,#4546,.T.);
#6224=ORIENTED_EDGE('',*,*,#4543,.T.);
#6225=ORIENTED_EDGE('',*,*,#4540,.T.);
#6226=ORIENTED_EDGE('',*,*,#4537,.T.);
#6227=ORIENTED_EDGE('',*,*,#4534,.T.);
#6228=ORIENTED_EDGE('',*,*,#4531,.T.);
#6229=ORIENTED_EDGE('',*,*,#4528,.T.);
#6230=ORIENTED_EDGE('',*,*,#4525,.T.);
#6231=ORIENTED_EDGE('',*,*,#4522,.T.);
#6232=ORIENTED_EDGE('',*,*,#4519,.T.);
#6233=ORIENTED_EDGE('',*,*,#4516,.T.);
#6234=ORIENTED_EDGE('',*,*,#4620,.T.);
#6235=ORIENTED_EDGE('',*,*,#4541,.T.);
#6236=ORIENTED_EDGE('',*,*,#4545,.T.);
#6237=ORIENTED_EDGE('',*,*,#4548,.T.);
#6238=ORIENTED_EDGE('',*,*,#4551,.T.);
#6239=ORIENTED_EDGE('',*,*,#4554,.T.);
#6240=ORIENTED_EDGE('',*,*,#4557,.T.);
#6241=ORIENTED_EDGE('',*,*,#4560,.T.);
#6242=ORIENTED_EDGE('',*,*,#4563,.T.);
#6243=ORIENTED_EDGE('',*,*,#4566,.T.);
#6244=ORIENTED_EDGE('',*,*,#4569,.T.);
#6245=ORIENTED_EDGE('',*,*,#4572,.T.);
#6246=ORIENTED_EDGE('',*,*,#4575,.T.);
#6247=ORIENTED_EDGE('',*,*,#4578,.T.);
#6248=ORIENTED_EDGE('',*,*,#4581,.T.);
#6249=ORIENTED_EDGE('',*,*,#4584,.T.);
#6250=ORIENTED_EDGE('',*,*,#4587,.T.);
#6251=ORIENTED_EDGE('',*,*,#4590,.T.);
#6252=ORIENTED_EDGE('',*,*,#4593,.T.);
#6253=ORIENTED_EDGE('',*,*,#4596,.T.);
#6254=ORIENTED_EDGE('',*,*,#4599,.T.);
#6255=ORIENTED_EDGE('',*,*,#4602,.T.);
#6256=ORIENTED_EDGE('',*,*,#4605,.T.);
#6257=ORIENTED_EDGE('',*,*,#4608,.T.);
#6258=ORIENTED_EDGE('',*,*,#4611,.T.);
#6259=ORIENTED_EDGE('',*,*,#4614,.T.);
#6260=ORIENTED_EDGE('',*,*,#4617,.T.);
#6261=ORIENTED_EDGE('',*,*,#4539,.T.);
#6262=ORIENTED_EDGE('',*,*,#4514,.T.);
#6263=ORIENTED_EDGE('',*,*,#4518,.T.);
#6264=ORIENTED_EDGE('',*,*,#4521,.T.);
#6265=ORIENTED_EDGE('',*,*,#4524,.T.);
#6266=ORIENTED_EDGE('',*,*,#4527,.T.);
#6267=ORIENTED_EDGE('',*,*,#4530,.T.);
#6268=ORIENTED_EDGE('',*,*,#4533,.T.);
#6269=ORIENTED_EDGE('',*,*,#4536,.T.);
#6270=ORIENTED_EDGE('',*,*,#4622,.F.);
#6271=ORIENTED_EDGE('',*,*,#4623,.T.);
#6272=ORIENTED_EDGE('',*,*,#4624,.F.);
#6273=ORIENTED_EDGE('',*,*,#4625,.F.);
#6274=ORIENTED_EDGE('',*,*,#4626,.F.);
#6275=ORIENTED_EDGE('',*,*,#4625,.T.);
#6276=ORIENTED_EDGE('',*,*,#4627,.F.);
#6277=ORIENTED_EDGE('',*,*,#4628,.F.);
#6278=ORIENTED_EDGE('',*,*,#4629,.F.);
#6279=ORIENTED_EDGE('',*,*,#4628,.T.);
#6280=ORIENTED_EDGE('',*,*,#4630,.F.);
#6281=ORIENTED_EDGE('',*,*,#4631,.F.);
#6282=ORIENTED_EDGE('',*,*,#4632,.F.);
#6283=ORIENTED_EDGE('',*,*,#4631,.T.);
#6284=ORIENTED_EDGE('',*,*,#4633,.F.);
#6285=ORIENTED_EDGE('',*,*,#4634,.F.);
#6286=ORIENTED_EDGE('',*,*,#4635,.F.);
#6287=ORIENTED_EDGE('',*,*,#4634,.T.);
#6288=ORIENTED_EDGE('',*,*,#4636,.F.);
#6289=ORIENTED_EDGE('',*,*,#4637,.F.);
#6290=ORIENTED_EDGE('',*,*,#4638,.F.);
#6291=ORIENTED_EDGE('',*,*,#4637,.T.);
#6292=ORIENTED_EDGE('',*,*,#4639,.F.);
#6293=ORIENTED_EDGE('',*,*,#4640,.F.);
#6294=ORIENTED_EDGE('',*,*,#4641,.F.);
#6295=ORIENTED_EDGE('',*,*,#4640,.T.);
#6296=ORIENTED_EDGE('',*,*,#4642,.F.);
#6297=ORIENTED_EDGE('',*,*,#4643,.F.);
#6298=ORIENTED_EDGE('',*,*,#4644,.F.);
#6299=ORIENTED_EDGE('',*,*,#4643,.T.);
#6300=ORIENTED_EDGE('',*,*,#4645,.F.);
#6301=ORIENTED_EDGE('',*,*,#4623,.F.);
#6302=ORIENTED_EDGE('',*,*,#4646,.F.);
#6303=ORIENTED_EDGE('',*,*,#4647,.T.);
#6304=ORIENTED_EDGE('',*,*,#4648,.F.);
#6305=ORIENTED_EDGE('',*,*,#4649,.F.);
#6306=ORIENTED_EDGE('',*,*,#4650,.F.);
#6307=ORIENTED_EDGE('',*,*,#4649,.T.);
#6308=ORIENTED_EDGE('',*,*,#4651,.F.);
#6309=ORIENTED_EDGE('',*,*,#4652,.F.);
#6310=ORIENTED_EDGE('',*,*,#4653,.F.);
#6311=ORIENTED_EDGE('',*,*,#4652,.T.);
#6312=ORIENTED_EDGE('',*,*,#4654,.F.);
#6313=ORIENTED_EDGE('',*,*,#4655,.F.);
#6314=ORIENTED_EDGE('',*,*,#4656,.F.);
#6315=ORIENTED_EDGE('',*,*,#4655,.T.);
#6316=ORIENTED_EDGE('',*,*,#4657,.F.);
#6317=ORIENTED_EDGE('',*,*,#4658,.F.);
#6318=ORIENTED_EDGE('',*,*,#4659,.F.);
#6319=ORIENTED_EDGE('',*,*,#4658,.T.);
#6320=ORIENTED_EDGE('',*,*,#4660,.F.);
#6321=ORIENTED_EDGE('',*,*,#4661,.F.);
#6322=ORIENTED_EDGE('',*,*,#4662,.F.);
#6323=ORIENTED_EDGE('',*,*,#4661,.T.);
#6324=ORIENTED_EDGE('',*,*,#4663,.F.);
#6325=ORIENTED_EDGE('',*,*,#4664,.F.);
#6326=ORIENTED_EDGE('',*,*,#4665,.F.);
#6327=ORIENTED_EDGE('',*,*,#4664,.T.);
#6328=ORIENTED_EDGE('',*,*,#4666,.F.);
#6329=ORIENTED_EDGE('',*,*,#4667,.F.);
#6330=ORIENTED_EDGE('',*,*,#4668,.F.);
#6331=ORIENTED_EDGE('',*,*,#4667,.T.);
#6332=ORIENTED_EDGE('',*,*,#4669,.F.);
#6333=ORIENTED_EDGE('',*,*,#4647,.F.);
#6334=ORIENTED_EDGE('',*,*,#4669,.T.);
#6335=ORIENTED_EDGE('',*,*,#4666,.T.);
#6336=ORIENTED_EDGE('',*,*,#4663,.T.);
#6337=ORIENTED_EDGE('',*,*,#4660,.T.);
#6338=ORIENTED_EDGE('',*,*,#4657,.T.);
#6339=ORIENTED_EDGE('',*,*,#4654,.T.);
#6340=ORIENTED_EDGE('',*,*,#4651,.T.);
#6341=ORIENTED_EDGE('',*,*,#4648,.T.);
#6342=ORIENTED_EDGE('',*,*,#4645,.T.);
#6343=ORIENTED_EDGE('',*,*,#4642,.T.);
#6344=ORIENTED_EDGE('',*,*,#4639,.T.);
#6345=ORIENTED_EDGE('',*,*,#4636,.T.);
#6346=ORIENTED_EDGE('',*,*,#4633,.T.);
#6347=ORIENTED_EDGE('',*,*,#4630,.T.);
#6348=ORIENTED_EDGE('',*,*,#4627,.T.);
#6349=ORIENTED_EDGE('',*,*,#4624,.T.);
#6350=ORIENTED_EDGE('',*,*,#4668,.T.);
#6351=ORIENTED_EDGE('',*,*,#4646,.T.);
#6352=ORIENTED_EDGE('',*,*,#4650,.T.);
#6353=ORIENTED_EDGE('',*,*,#4653,.T.);
#6354=ORIENTED_EDGE('',*,*,#4656,.T.);
#6355=ORIENTED_EDGE('',*,*,#4659,.T.);
#6356=ORIENTED_EDGE('',*,*,#4662,.T.);
#6357=ORIENTED_EDGE('',*,*,#4665,.T.);
#6358=ORIENTED_EDGE('',*,*,#4644,.T.);
#6359=ORIENTED_EDGE('',*,*,#4622,.T.);
#6360=ORIENTED_EDGE('',*,*,#4626,.T.);
#6361=ORIENTED_EDGE('',*,*,#4629,.T.);
#6362=ORIENTED_EDGE('',*,*,#4632,.T.);
#6363=ORIENTED_EDGE('',*,*,#4635,.T.);
#6364=ORIENTED_EDGE('',*,*,#4638,.T.);
#6365=ORIENTED_EDGE('',*,*,#4641,.T.);
#6366=ORIENTED_EDGE('',*,*,#4670,.F.);
#6367=ORIENTED_EDGE('',*,*,#4671,.T.);
#6368=ORIENTED_EDGE('',*,*,#4672,.F.);
#6369=ORIENTED_EDGE('',*,*,#4673,.F.);
#6370=ORIENTED_EDGE('',*,*,#4674,.F.);
#6371=ORIENTED_EDGE('',*,*,#4673,.T.);
#6372=ORIENTED_EDGE('',*,*,#4675,.F.);
#6373=ORIENTED_EDGE('',*,*,#4676,.F.);
#6374=ORIENTED_EDGE('',*,*,#4677,.F.);
#6375=ORIENTED_EDGE('',*,*,#4676,.T.);
#6376=ORIENTED_EDGE('',*,*,#4678,.F.);
#6377=ORIENTED_EDGE('',*,*,#4679,.F.);
#6378=ORIENTED_EDGE('',*,*,#4680,.F.);
#6379=ORIENTED_EDGE('',*,*,#4679,.T.);
#6380=ORIENTED_EDGE('',*,*,#4681,.F.);
#6381=ORIENTED_EDGE('',*,*,#4682,.F.);
#6382=ORIENTED_EDGE('',*,*,#4683,.F.);
#6383=ORIENTED_EDGE('',*,*,#4682,.T.);
#6384=ORIENTED_EDGE('',*,*,#4684,.F.);
#6385=ORIENTED_EDGE('',*,*,#4685,.F.);
#6386=ORIENTED_EDGE('',*,*,#4686,.F.);
#6387=ORIENTED_EDGE('',*,*,#4685,.T.);
#6388=ORIENTED_EDGE('',*,*,#4687,.F.);
#6389=ORIENTED_EDGE('',*,*,#4688,.F.);
#6390=ORIENTED_EDGE('',*,*,#4689,.F.);
#6391=ORIENTED_EDGE('',*,*,#4688,.T.);
#6392=ORIENTED_EDGE('',*,*,#4690,.F.);
#6393=ORIENTED_EDGE('',*,*,#4691,.F.);
#6394=ORIENTED_EDGE('',*,*,#4692,.F.);
#6395=ORIENTED_EDGE('',*,*,#4691,.T.);
#6396=ORIENTED_EDGE('',*,*,#4693,.F.);
#6397=ORIENTED_EDGE('',*,*,#4671,.F.);
#6398=ORIENTED_EDGE('',*,*,#4694,.F.);
#6399=ORIENTED_EDGE('',*,*,#4695,.T.);
#6400=ORIENTED_EDGE('',*,*,#4696,.F.);
#6401=ORIENTED_EDGE('',*,*,#4697,.F.);
#6402=ORIENTED_EDGE('',*,*,#4698,.F.);
#6403=ORIENTED_EDGE('',*,*,#4697,.T.);
#6404=ORIENTED_EDGE('',*,*,#4699,.F.);
#6405=ORIENTED_EDGE('',*,*,#4700,.F.);
#6406=ORIENTED_EDGE('',*,*,#4701,.F.);
#6407=ORIENTED_EDGE('',*,*,#4700,.T.);
#6408=ORIENTED_EDGE('',*,*,#4702,.F.);
#6409=ORIENTED_EDGE('',*,*,#4703,.F.);
#6410=ORIENTED_EDGE('',*,*,#4704,.F.);
#6411=ORIENTED_EDGE('',*,*,#4703,.T.);
#6412=ORIENTED_EDGE('',*,*,#4705,.F.);
#6413=ORIENTED_EDGE('',*,*,#4706,.F.);
#6414=ORIENTED_EDGE('',*,*,#4707,.F.);
#6415=ORIENTED_EDGE('',*,*,#4706,.T.);
#6416=ORIENTED_EDGE('',*,*,#4708,.F.);
#6417=ORIENTED_EDGE('',*,*,#4709,.F.);
#6418=ORIENTED_EDGE('',*,*,#4710,.F.);
#6419=ORIENTED_EDGE('',*,*,#4709,.T.);
#6420=ORIENTED_EDGE('',*,*,#4711,.F.);
#6421=ORIENTED_EDGE('',*,*,#4712,.F.);
#6422=ORIENTED_EDGE('',*,*,#4713,.F.);
#6423=ORIENTED_EDGE('',*,*,#4712,.T.);
#6424=ORIENTED_EDGE('',*,*,#4714,.F.);
#6425=ORIENTED_EDGE('',*,*,#4715,.F.);
#6426=ORIENTED_EDGE('',*,*,#4716,.F.);
#6427=ORIENTED_EDGE('',*,*,#4715,.T.);
#6428=ORIENTED_EDGE('',*,*,#4717,.F.);
#6429=ORIENTED_EDGE('',*,*,#4695,.F.);
#6430=ORIENTED_EDGE('',*,*,#4717,.T.);
#6431=ORIENTED_EDGE('',*,*,#4714,.T.);
#6432=ORIENTED_EDGE('',*,*,#4711,.T.);
#6433=ORIENTED_EDGE('',*,*,#4708,.T.);
#6434=ORIENTED_EDGE('',*,*,#4705,.T.);
#6435=ORIENTED_EDGE('',*,*,#4702,.T.);
#6436=ORIENTED_EDGE('',*,*,#4699,.T.);
#6437=ORIENTED_EDGE('',*,*,#4696,.T.);
#6438=ORIENTED_EDGE('',*,*,#4693,.T.);
#6439=ORIENTED_EDGE('',*,*,#4690,.T.);
#6440=ORIENTED_EDGE('',*,*,#4687,.T.);
#6441=ORIENTED_EDGE('',*,*,#4684,.T.);
#6442=ORIENTED_EDGE('',*,*,#4681,.T.);
#6443=ORIENTED_EDGE('',*,*,#4678,.T.);
#6444=ORIENTED_EDGE('',*,*,#4675,.T.);
#6445=ORIENTED_EDGE('',*,*,#4672,.T.);
#6446=ORIENTED_EDGE('',*,*,#4716,.T.);
#6447=ORIENTED_EDGE('',*,*,#4694,.T.);
#6448=ORIENTED_EDGE('',*,*,#4698,.T.);
#6449=ORIENTED_EDGE('',*,*,#4701,.T.);
#6450=ORIENTED_EDGE('',*,*,#4704,.T.);
#6451=ORIENTED_EDGE('',*,*,#4707,.T.);
#6452=ORIENTED_EDGE('',*,*,#4710,.T.);
#6453=ORIENTED_EDGE('',*,*,#4713,.T.);
#6454=ORIENTED_EDGE('',*,*,#4692,.T.);
#6455=ORIENTED_EDGE('',*,*,#4670,.T.);
#6456=ORIENTED_EDGE('',*,*,#4674,.T.);
#6457=ORIENTED_EDGE('',*,*,#4677,.T.);
#6458=ORIENTED_EDGE('',*,*,#4680,.T.);
#6459=ORIENTED_EDGE('',*,*,#4683,.T.);
#6460=ORIENTED_EDGE('',*,*,#4686,.T.);
#6461=ORIENTED_EDGE('',*,*,#4689,.T.);
#6462=ORIENTED_EDGE('',*,*,#4718,.F.);
#6463=ORIENTED_EDGE('',*,*,#4719,.T.);
#6464=ORIENTED_EDGE('',*,*,#4720,.F.);
#6465=ORIENTED_EDGE('',*,*,#4721,.F.);
#6466=ORIENTED_EDGE('',*,*,#4722,.F.);
#6467=ORIENTED_EDGE('',*,*,#4721,.T.);
#6468=ORIENTED_EDGE('',*,*,#4723,.F.);
#6469=ORIENTED_EDGE('',*,*,#4724,.F.);
#6470=ORIENTED_EDGE('',*,*,#4725,.F.);
#6471=ORIENTED_EDGE('',*,*,#4724,.T.);
#6472=ORIENTED_EDGE('',*,*,#4726,.F.);
#6473=ORIENTED_EDGE('',*,*,#4727,.F.);
#6474=ORIENTED_EDGE('',*,*,#4728,.F.);
#6475=ORIENTED_EDGE('',*,*,#4727,.T.);
#6476=ORIENTED_EDGE('',*,*,#4729,.F.);
#6477=ORIENTED_EDGE('',*,*,#4719,.F.);
#6478=ORIENTED_EDGE('',*,*,#4729,.T.);
#6479=ORIENTED_EDGE('',*,*,#4726,.T.);
#6480=ORIENTED_EDGE('',*,*,#4723,.T.);
#6481=ORIENTED_EDGE('',*,*,#4720,.T.);
#6482=ORIENTED_EDGE('',*,*,#4728,.T.);
#6483=ORIENTED_EDGE('',*,*,#4718,.T.);
#6484=ORIENTED_EDGE('',*,*,#4722,.T.);
#6485=ORIENTED_EDGE('',*,*,#4725,.T.);
#6486=ORIENTED_EDGE('',*,*,#4730,.F.);
#6487=ORIENTED_EDGE('',*,*,#4731,.T.);
#6488=ORIENTED_EDGE('',*,*,#4732,.F.);
#6489=ORIENTED_EDGE('',*,*,#4733,.F.);
#6490=ORIENTED_EDGE('',*,*,#4734,.F.);
#6491=ORIENTED_EDGE('',*,*,#4733,.T.);
#6492=ORIENTED_EDGE('',*,*,#4735,.F.);
#6493=ORIENTED_EDGE('',*,*,#4736,.F.);
#6494=ORIENTED_EDGE('',*,*,#4737,.F.);
#6495=ORIENTED_EDGE('',*,*,#4736,.T.);
#6496=ORIENTED_EDGE('',*,*,#4738,.F.);
#6497=ORIENTED_EDGE('',*,*,#4739,.F.);
#6498=ORIENTED_EDGE('',*,*,#4740,.F.);
#6499=ORIENTED_EDGE('',*,*,#4739,.T.);
#6500=ORIENTED_EDGE('',*,*,#4741,.F.);
#6501=ORIENTED_EDGE('',*,*,#4742,.F.);
#6502=ORIENTED_EDGE('',*,*,#4743,.F.);
#6503=ORIENTED_EDGE('',*,*,#4742,.T.);
#6504=ORIENTED_EDGE('',*,*,#4744,.F.);
#6505=ORIENTED_EDGE('',*,*,#4745,.F.);
#6506=ORIENTED_EDGE('',*,*,#4746,.F.);
#6507=ORIENTED_EDGE('',*,*,#4745,.T.);
#6508=ORIENTED_EDGE('',*,*,#4747,.F.);
#6509=ORIENTED_EDGE('',*,*,#4748,.F.);
#6510=ORIENTED_EDGE('',*,*,#4749,.F.);
#6511=ORIENTED_EDGE('',*,*,#4748,.T.);
#6512=ORIENTED_EDGE('',*,*,#4750,.F.);
#6513=ORIENTED_EDGE('',*,*,#4731,.F.);
#6514=ORIENTED_EDGE('',*,*,#4751,.F.);
#6515=ORIENTED_EDGE('',*,*,#4752,.T.);
#6516=ORIENTED_EDGE('',*,*,#4753,.F.);
#6517=ORIENTED_EDGE('',*,*,#4754,.F.);
#6518=ORIENTED_EDGE('',*,*,#4755,.F.);
#6519=ORIENTED_EDGE('',*,*,#4754,.T.);
#6520=ORIENTED_EDGE('',*,*,#4756,.F.);
#6521=ORIENTED_EDGE('',*,*,#4757,.F.);
#6522=ORIENTED_EDGE('',*,*,#4758,.F.);
#6523=ORIENTED_EDGE('',*,*,#4757,.T.);
#6524=ORIENTED_EDGE('',*,*,#4759,.F.);
#6525=ORIENTED_EDGE('',*,*,#4760,.F.);
#6526=ORIENTED_EDGE('',*,*,#4761,.F.);
#6527=ORIENTED_EDGE('',*,*,#4760,.T.);
#6528=ORIENTED_EDGE('',*,*,#4762,.F.);
#6529=ORIENTED_EDGE('',*,*,#4763,.F.);
#6530=ORIENTED_EDGE('',*,*,#4764,.F.);
#6531=ORIENTED_EDGE('',*,*,#4763,.T.);
#6532=ORIENTED_EDGE('',*,*,#4765,.F.);
#6533=ORIENTED_EDGE('',*,*,#4766,.F.);
#6534=ORIENTED_EDGE('',*,*,#4767,.F.);
#6535=ORIENTED_EDGE('',*,*,#4766,.T.);
#6536=ORIENTED_EDGE('',*,*,#4768,.F.);
#6537=ORIENTED_EDGE('',*,*,#4769,.F.);
#6538=ORIENTED_EDGE('',*,*,#4770,.F.);
#6539=ORIENTED_EDGE('',*,*,#4769,.T.);
#6540=ORIENTED_EDGE('',*,*,#4771,.F.);
#6541=ORIENTED_EDGE('',*,*,#4752,.F.);
#6542=ORIENTED_EDGE('',*,*,#4772,.F.);
#6543=ORIENTED_EDGE('',*,*,#4773,.T.);
#6544=ORIENTED_EDGE('',*,*,#4774,.F.);
#6545=ORIENTED_EDGE('',*,*,#4775,.F.);
#6546=ORIENTED_EDGE('',*,*,#4776,.F.);
#6547=ORIENTED_EDGE('',*,*,#4775,.T.);
#6548=ORIENTED_EDGE('',*,*,#4777,.F.);
#6549=ORIENTED_EDGE('',*,*,#4778,.F.);
#6550=ORIENTED_EDGE('',*,*,#4779,.F.);
#6551=ORIENTED_EDGE('',*,*,#4778,.T.);
#6552=ORIENTED_EDGE('',*,*,#4780,.F.);
#6553=ORIENTED_EDGE('',*,*,#4781,.F.);
#6554=ORIENTED_EDGE('',*,*,#4782,.F.);
#6555=ORIENTED_EDGE('',*,*,#4781,.T.);
#6556=ORIENTED_EDGE('',*,*,#4783,.F.);
#6557=ORIENTED_EDGE('',*,*,#4784,.F.);
#6558=ORIENTED_EDGE('',*,*,#4785,.F.);
#6559=ORIENTED_EDGE('',*,*,#4784,.T.);
#6560=ORIENTED_EDGE('',*,*,#4786,.F.);
#6561=ORIENTED_EDGE('',*,*,#4787,.F.);
#6562=ORIENTED_EDGE('',*,*,#4788,.F.);
#6563=ORIENTED_EDGE('',*,*,#4787,.T.);
#6564=ORIENTED_EDGE('',*,*,#4789,.F.);
#6565=ORIENTED_EDGE('',*,*,#4790,.F.);
#6566=ORIENTED_EDGE('',*,*,#4791,.F.);
#6567=ORIENTED_EDGE('',*,*,#4790,.T.);
#6568=ORIENTED_EDGE('',*,*,#4792,.F.);
#6569=ORIENTED_EDGE('',*,*,#4793,.F.);
#6570=ORIENTED_EDGE('',*,*,#4794,.F.);
#6571=ORIENTED_EDGE('',*,*,#4793,.T.);
#6572=ORIENTED_EDGE('',*,*,#4795,.F.);
#6573=ORIENTED_EDGE('',*,*,#4796,.F.);
#6574=ORIENTED_EDGE('',*,*,#4797,.F.);
#6575=ORIENTED_EDGE('',*,*,#4796,.T.);
#6576=ORIENTED_EDGE('',*,*,#4798,.F.);
#6577=ORIENTED_EDGE('',*,*,#4799,.F.);
#6578=ORIENTED_EDGE('',*,*,#4800,.F.);
#6579=ORIENTED_EDGE('',*,*,#4799,.T.);
#6580=ORIENTED_EDGE('',*,*,#4801,.F.);
#6581=ORIENTED_EDGE('',*,*,#4802,.F.);
#6582=ORIENTED_EDGE('',*,*,#4803,.F.);
#6583=ORIENTED_EDGE('',*,*,#4802,.T.);
#6584=ORIENTED_EDGE('',*,*,#4804,.F.);
#6585=ORIENTED_EDGE('',*,*,#4805,.F.);
#6586=ORIENTED_EDGE('',*,*,#4806,.F.);
#6587=ORIENTED_EDGE('',*,*,#4805,.T.);
#6588=ORIENTED_EDGE('',*,*,#4807,.F.);
#6589=ORIENTED_EDGE('',*,*,#4808,.F.);
#6590=ORIENTED_EDGE('',*,*,#4809,.F.);
#6591=ORIENTED_EDGE('',*,*,#4808,.T.);
#6592=ORIENTED_EDGE('',*,*,#4810,.F.);
#6593=ORIENTED_EDGE('',*,*,#4773,.F.);
#6594=ORIENTED_EDGE('',*,*,#4810,.T.);
#6595=ORIENTED_EDGE('',*,*,#4807,.T.);
#6596=ORIENTED_EDGE('',*,*,#4804,.T.);
#6597=ORIENTED_EDGE('',*,*,#4801,.T.);
#6598=ORIENTED_EDGE('',*,*,#4798,.T.);
#6599=ORIENTED_EDGE('',*,*,#4795,.T.);
#6600=ORIENTED_EDGE('',*,*,#4792,.T.);
#6601=ORIENTED_EDGE('',*,*,#4789,.T.);
#6602=ORIENTED_EDGE('',*,*,#4786,.T.);
#6603=ORIENTED_EDGE('',*,*,#4783,.T.);
#6604=ORIENTED_EDGE('',*,*,#4780,.T.);
#6605=ORIENTED_EDGE('',*,*,#4777,.T.);
#6606=ORIENTED_EDGE('',*,*,#4774,.T.);
#6607=ORIENTED_EDGE('',*,*,#4771,.T.);
#6608=ORIENTED_EDGE('',*,*,#4768,.T.);
#6609=ORIENTED_EDGE('',*,*,#4765,.T.);
#6610=ORIENTED_EDGE('',*,*,#4762,.T.);
#6611=ORIENTED_EDGE('',*,*,#4759,.T.);
#6612=ORIENTED_EDGE('',*,*,#4756,.T.);
#6613=ORIENTED_EDGE('',*,*,#4753,.T.);
#6614=ORIENTED_EDGE('',*,*,#4750,.T.);
#6615=ORIENTED_EDGE('',*,*,#4747,.T.);
#6616=ORIENTED_EDGE('',*,*,#4744,.T.);
#6617=ORIENTED_EDGE('',*,*,#4741,.T.);
#6618=ORIENTED_EDGE('',*,*,#4738,.T.);
#6619=ORIENTED_EDGE('',*,*,#4735,.T.);
#6620=ORIENTED_EDGE('',*,*,#4732,.T.);
#6621=ORIENTED_EDGE('',*,*,#4809,.T.);
#6622=ORIENTED_EDGE('',*,*,#4772,.T.);
#6623=ORIENTED_EDGE('',*,*,#4776,.T.);
#6624=ORIENTED_EDGE('',*,*,#4779,.T.);
#6625=ORIENTED_EDGE('',*,*,#4782,.T.);
#6626=ORIENTED_EDGE('',*,*,#4785,.T.);
#6627=ORIENTED_EDGE('',*,*,#4788,.T.);
#6628=ORIENTED_EDGE('',*,*,#4791,.T.);
#6629=ORIENTED_EDGE('',*,*,#4794,.T.);
#6630=ORIENTED_EDGE('',*,*,#4797,.T.);
#6631=ORIENTED_EDGE('',*,*,#4800,.T.);
#6632=ORIENTED_EDGE('',*,*,#4803,.T.);
#6633=ORIENTED_EDGE('',*,*,#4806,.T.);
#6634=ORIENTED_EDGE('',*,*,#4770,.T.);
#6635=ORIENTED_EDGE('',*,*,#4751,.T.);
#6636=ORIENTED_EDGE('',*,*,#4755,.T.);
#6637=ORIENTED_EDGE('',*,*,#4758,.T.);
#6638=ORIENTED_EDGE('',*,*,#4761,.T.);
#6639=ORIENTED_EDGE('',*,*,#4764,.T.);
#6640=ORIENTED_EDGE('',*,*,#4767,.T.);
#6641=ORIENTED_EDGE('',*,*,#4749,.T.);
#6642=ORIENTED_EDGE('',*,*,#4730,.T.);
#6643=ORIENTED_EDGE('',*,*,#4734,.T.);
#6644=ORIENTED_EDGE('',*,*,#4737,.T.);
#6645=ORIENTED_EDGE('',*,*,#4740,.T.);
#6646=ORIENTED_EDGE('',*,*,#4743,.T.);
#6647=ORIENTED_EDGE('',*,*,#4746,.T.);
#6648=ORIENTED_EDGE('',*,*,#4811,.F.);
#6649=ORIENTED_EDGE('',*,*,#4812,.T.);
#6650=ORIENTED_EDGE('',*,*,#4813,.F.);
#6651=ORIENTED_EDGE('',*,*,#4814,.F.);
#6652=ORIENTED_EDGE('',*,*,#4815,.F.);
#6653=ORIENTED_EDGE('',*,*,#4814,.T.);
#6654=ORIENTED_EDGE('',*,*,#4816,.F.);
#6655=ORIENTED_EDGE('',*,*,#4817,.F.);
#6656=ORIENTED_EDGE('',*,*,#4818,.F.);
#6657=ORIENTED_EDGE('',*,*,#4817,.T.);
#6658=ORIENTED_EDGE('',*,*,#4819,.F.);
#6659=ORIENTED_EDGE('',*,*,#4812,.F.);
#6660=ORIENTED_EDGE('',*,*,#4820,.F.);
#6661=ORIENTED_EDGE('',*,*,#4821,.T.);
#6662=ORIENTED_EDGE('',*,*,#4822,.F.);
#6663=ORIENTED_EDGE('',*,*,#4823,.F.);
#6664=ORIENTED_EDGE('',*,*,#4824,.F.);
#6665=ORIENTED_EDGE('',*,*,#4823,.T.);
#6666=ORIENTED_EDGE('',*,*,#4825,.F.);
#6667=ORIENTED_EDGE('',*,*,#4826,.F.);
#6668=ORIENTED_EDGE('',*,*,#4827,.F.);
#6669=ORIENTED_EDGE('',*,*,#4826,.T.);
#6670=ORIENTED_EDGE('',*,*,#4828,.F.);
#6671=ORIENTED_EDGE('',*,*,#4829,.F.);
#6672=ORIENTED_EDGE('',*,*,#4830,.F.);
#6673=ORIENTED_EDGE('',*,*,#4829,.T.);
#6674=ORIENTED_EDGE('',*,*,#4831,.F.);
#6675=ORIENTED_EDGE('',*,*,#4832,.F.);
#6676=ORIENTED_EDGE('',*,*,#4833,.F.);
#6677=ORIENTED_EDGE('',*,*,#4832,.T.);
#6678=ORIENTED_EDGE('',*,*,#4834,.F.);
#6679=ORIENTED_EDGE('',*,*,#4835,.F.);
#6680=ORIENTED_EDGE('',*,*,#4836,.F.);
#6681=ORIENTED_EDGE('',*,*,#4835,.T.);
#6682=ORIENTED_EDGE('',*,*,#4837,.F.);
#6683=ORIENTED_EDGE('',*,*,#4838,.F.);
#6684=ORIENTED_EDGE('',*,*,#4839,.F.);
#6685=ORIENTED_EDGE('',*,*,#4838,.T.);
#6686=ORIENTED_EDGE('',*,*,#4840,.F.);
#6687=ORIENTED_EDGE('',*,*,#4841,.F.);
#6688=ORIENTED_EDGE('',*,*,#4842,.F.);
#6689=ORIENTED_EDGE('',*,*,#4841,.T.);
#6690=ORIENTED_EDGE('',*,*,#4843,.F.);
#6691=ORIENTED_EDGE('',*,*,#4821,.F.);
#6692=ORIENTED_EDGE('',*,*,#4843,.T.);
#6693=ORIENTED_EDGE('',*,*,#4840,.T.);
#6694=ORIENTED_EDGE('',*,*,#4837,.T.);
#6695=ORIENTED_EDGE('',*,*,#4834,.T.);
#6696=ORIENTED_EDGE('',*,*,#4831,.T.);
#6697=ORIENTED_EDGE('',*,*,#4828,.T.);
#6698=ORIENTED_EDGE('',*,*,#4825,.T.);
#6699=ORIENTED_EDGE('',*,*,#4822,.T.);
#6700=ORIENTED_EDGE('',*,*,#4819,.T.);
#6701=ORIENTED_EDGE('',*,*,#4816,.T.);
#6702=ORIENTED_EDGE('',*,*,#4813,.T.);
#6703=ORIENTED_EDGE('',*,*,#4842,.T.);
#6704=ORIENTED_EDGE('',*,*,#4820,.T.);
#6705=ORIENTED_EDGE('',*,*,#4824,.T.);
#6706=ORIENTED_EDGE('',*,*,#4827,.T.);
#6707=ORIENTED_EDGE('',*,*,#4830,.T.);
#6708=ORIENTED_EDGE('',*,*,#4833,.T.);
#6709=ORIENTED_EDGE('',*,*,#4836,.T.);
#6710=ORIENTED_EDGE('',*,*,#4839,.T.);
#6711=ORIENTED_EDGE('',*,*,#4818,.T.);
#6712=ORIENTED_EDGE('',*,*,#4811,.T.);
#6713=ORIENTED_EDGE('',*,*,#4815,.T.);
#6714=ORIENTED_EDGE('',*,*,#4844,.F.);
#6715=ORIENTED_EDGE('',*,*,#4845,.T.);
#6716=ORIENTED_EDGE('',*,*,#4846,.F.);
#6717=ORIENTED_EDGE('',*,*,#4847,.F.);
#6718=ORIENTED_EDGE('',*,*,#4848,.F.);
#6719=ORIENTED_EDGE('',*,*,#4847,.T.);
#6720=ORIENTED_EDGE('',*,*,#4849,.F.);
#6721=ORIENTED_EDGE('',*,*,#4850,.F.);
#6722=ORIENTED_EDGE('',*,*,#4851,.F.);
#6723=ORIENTED_EDGE('',*,*,#4850,.T.);
#6724=ORIENTED_EDGE('',*,*,#4852,.F.);
#6725=ORIENTED_EDGE('',*,*,#4853,.F.);
#6726=ORIENTED_EDGE('',*,*,#4854,.F.);
#6727=ORIENTED_EDGE('',*,*,#4853,.T.);
#6728=ORIENTED_EDGE('',*,*,#4855,.F.);
#6729=ORIENTED_EDGE('',*,*,#4856,.F.);
#6730=ORIENTED_EDGE('',*,*,#4857,.F.);
#6731=ORIENTED_EDGE('',*,*,#4856,.T.);
#6732=ORIENTED_EDGE('',*,*,#4858,.F.);
#6733=ORIENTED_EDGE('',*,*,#4859,.F.);
#6734=ORIENTED_EDGE('',*,*,#4860,.F.);
#6735=ORIENTED_EDGE('',*,*,#4859,.T.);
#6736=ORIENTED_EDGE('',*,*,#4861,.F.);
#6737=ORIENTED_EDGE('',*,*,#4862,.F.);
#6738=ORIENTED_EDGE('',*,*,#4863,.F.);
#6739=ORIENTED_EDGE('',*,*,#4862,.T.);
#6740=ORIENTED_EDGE('',*,*,#4864,.F.);
#6741=ORIENTED_EDGE('',*,*,#4865,.F.);
#6742=ORIENTED_EDGE('',*,*,#4866,.F.);
#6743=ORIENTED_EDGE('',*,*,#4865,.T.);
#6744=ORIENTED_EDGE('',*,*,#4867,.F.);
#6745=ORIENTED_EDGE('',*,*,#4868,.F.);
#6746=ORIENTED_EDGE('',*,*,#4869,.F.);
#6747=ORIENTED_EDGE('',*,*,#4868,.T.);
#6748=ORIENTED_EDGE('',*,*,#4870,.F.);
#6749=ORIENTED_EDGE('',*,*,#4845,.F.);
#6750=ORIENTED_EDGE('',*,*,#4871,.F.);
#6751=ORIENTED_EDGE('',*,*,#4872,.T.);
#6752=ORIENTED_EDGE('',*,*,#4873,.F.);
#6753=ORIENTED_EDGE('',*,*,#4874,.F.);
#6754=ORIENTED_EDGE('',*,*,#4875,.F.);
#6755=ORIENTED_EDGE('',*,*,#4874,.T.);
#6756=ORIENTED_EDGE('',*,*,#4876,.F.);
#6757=ORIENTED_EDGE('',*,*,#4877,.F.);
#6758=ORIENTED_EDGE('',*,*,#4878,.F.);
#6759=ORIENTED_EDGE('',*,*,#4877,.T.);
#6760=ORIENTED_EDGE('',*,*,#4879,.F.);
#6761=ORIENTED_EDGE('',*,*,#4880,.F.);
#6762=ORIENTED_EDGE('',*,*,#4881,.F.);
#6763=ORIENTED_EDGE('',*,*,#4880,.T.);
#6764=ORIENTED_EDGE('',*,*,#4882,.F.);
#6765=ORIENTED_EDGE('',*,*,#4883,.F.);
#6766=ORIENTED_EDGE('',*,*,#4884,.F.);
#6767=ORIENTED_EDGE('',*,*,#4883,.T.);
#6768=ORIENTED_EDGE('',*,*,#4885,.F.);
#6769=ORIENTED_EDGE('',*,*,#4886,.F.);
#6770=ORIENTED_EDGE('',*,*,#4887,.F.);
#6771=ORIENTED_EDGE('',*,*,#4886,.T.);
#6772=ORIENTED_EDGE('',*,*,#4888,.F.);
#6773=ORIENTED_EDGE('',*,*,#4889,.F.);
#6774=ORIENTED_EDGE('',*,*,#4890,.F.);
#6775=ORIENTED_EDGE('',*,*,#4889,.T.);
#6776=ORIENTED_EDGE('',*,*,#4891,.F.);
#6777=ORIENTED_EDGE('',*,*,#4892,.F.);
#6778=ORIENTED_EDGE('',*,*,#4893,.F.);
#6779=ORIENTED_EDGE('',*,*,#4892,.T.);
#6780=ORIENTED_EDGE('',*,*,#4894,.F.);
#6781=ORIENTED_EDGE('',*,*,#4895,.F.);
#6782=ORIENTED_EDGE('',*,*,#4896,.F.);
#6783=ORIENTED_EDGE('',*,*,#4895,.T.);
#6784=ORIENTED_EDGE('',*,*,#4897,.F.);
#6785=ORIENTED_EDGE('',*,*,#4898,.F.);
#6786=ORIENTED_EDGE('',*,*,#4899,.F.);
#6787=ORIENTED_EDGE('',*,*,#4898,.T.);
#6788=ORIENTED_EDGE('',*,*,#4900,.F.);
#6789=ORIENTED_EDGE('',*,*,#4901,.F.);
#6790=ORIENTED_EDGE('',*,*,#4902,.F.);
#6791=ORIENTED_EDGE('',*,*,#4901,.T.);
#6792=ORIENTED_EDGE('',*,*,#4903,.F.);
#6793=ORIENTED_EDGE('',*,*,#4904,.F.);
#6794=ORIENTED_EDGE('',*,*,#4905,.F.);
#6795=ORIENTED_EDGE('',*,*,#4904,.T.);
#6796=ORIENTED_EDGE('',*,*,#4906,.F.);
#6797=ORIENTED_EDGE('',*,*,#4907,.F.);
#6798=ORIENTED_EDGE('',*,*,#4908,.F.);
#6799=ORIENTED_EDGE('',*,*,#4907,.T.);
#6800=ORIENTED_EDGE('',*,*,#4909,.F.);
#6801=ORIENTED_EDGE('',*,*,#4910,.F.);
#6802=ORIENTED_EDGE('',*,*,#4911,.F.);
#6803=ORIENTED_EDGE('',*,*,#4910,.T.);
#6804=ORIENTED_EDGE('',*,*,#4912,.F.);
#6805=ORIENTED_EDGE('',*,*,#4913,.F.);
#6806=ORIENTED_EDGE('',*,*,#4914,.F.);
#6807=ORIENTED_EDGE('',*,*,#4913,.T.);
#6808=ORIENTED_EDGE('',*,*,#4915,.F.);
#6809=ORIENTED_EDGE('',*,*,#4916,.F.);
#6810=ORIENTED_EDGE('',*,*,#4917,.F.);
#6811=ORIENTED_EDGE('',*,*,#4916,.T.);
#6812=ORIENTED_EDGE('',*,*,#4918,.F.);
#6813=ORIENTED_EDGE('',*,*,#4919,.F.);
#6814=ORIENTED_EDGE('',*,*,#4920,.F.);
#6815=ORIENTED_EDGE('',*,*,#4919,.T.);
#6816=ORIENTED_EDGE('',*,*,#4921,.F.);
#6817=ORIENTED_EDGE('',*,*,#4922,.F.);
#6818=ORIENTED_EDGE('',*,*,#4923,.F.);
#6819=ORIENTED_EDGE('',*,*,#4922,.T.);
#6820=ORIENTED_EDGE('',*,*,#4924,.F.);
#6821=ORIENTED_EDGE('',*,*,#4925,.F.);
#6822=ORIENTED_EDGE('',*,*,#4926,.F.);
#6823=ORIENTED_EDGE('',*,*,#4925,.T.);
#6824=ORIENTED_EDGE('',*,*,#4927,.F.);
#6825=ORIENTED_EDGE('',*,*,#4928,.F.);
#6826=ORIENTED_EDGE('',*,*,#4929,.F.);
#6827=ORIENTED_EDGE('',*,*,#4928,.T.);
#6828=ORIENTED_EDGE('',*,*,#4930,.F.);
#6829=ORIENTED_EDGE('',*,*,#4931,.F.);
#6830=ORIENTED_EDGE('',*,*,#4932,.F.);
#6831=ORIENTED_EDGE('',*,*,#4931,.T.);
#6832=ORIENTED_EDGE('',*,*,#4933,.F.);
#6833=ORIENTED_EDGE('',*,*,#4934,.F.);
#6834=ORIENTED_EDGE('',*,*,#4935,.F.);
#6835=ORIENTED_EDGE('',*,*,#4934,.T.);
#6836=ORIENTED_EDGE('',*,*,#4936,.F.);
#6837=ORIENTED_EDGE('',*,*,#4937,.F.);
#6838=ORIENTED_EDGE('',*,*,#4938,.F.);
#6839=ORIENTED_EDGE('',*,*,#4937,.T.);
#6840=ORIENTED_EDGE('',*,*,#4939,.F.);
#6841=ORIENTED_EDGE('',*,*,#4940,.F.);
#6842=ORIENTED_EDGE('',*,*,#4941,.F.);
#6843=ORIENTED_EDGE('',*,*,#4940,.T.);
#6844=ORIENTED_EDGE('',*,*,#4942,.F.);
#6845=ORIENTED_EDGE('',*,*,#4943,.F.);
#6846=ORIENTED_EDGE('',*,*,#4944,.F.);
#6847=ORIENTED_EDGE('',*,*,#4943,.T.);
#6848=ORIENTED_EDGE('',*,*,#4945,.F.);
#6849=ORIENTED_EDGE('',*,*,#4946,.F.);
#6850=ORIENTED_EDGE('',*,*,#4947,.F.);
#6851=ORIENTED_EDGE('',*,*,#4946,.T.);
#6852=ORIENTED_EDGE('',*,*,#4948,.F.);
#6853=ORIENTED_EDGE('',*,*,#4949,.F.);
#6854=ORIENTED_EDGE('',*,*,#4950,.F.);
#6855=ORIENTED_EDGE('',*,*,#4949,.T.);
#6856=ORIENTED_EDGE('',*,*,#4951,.F.);
#6857=ORIENTED_EDGE('',*,*,#4872,.F.);
#6858=ORIENTED_EDGE('',*,*,#4951,.T.);
#6859=ORIENTED_EDGE('',*,*,#4948,.T.);
#6860=ORIENTED_EDGE('',*,*,#4945,.T.);
#6861=ORIENTED_EDGE('',*,*,#4942,.T.);
#6862=ORIENTED_EDGE('',*,*,#4939,.T.);
#6863=ORIENTED_EDGE('',*,*,#4936,.T.);
#6864=ORIENTED_EDGE('',*,*,#4933,.T.);
#6865=ORIENTED_EDGE('',*,*,#4930,.T.);
#6866=ORIENTED_EDGE('',*,*,#4927,.T.);
#6867=ORIENTED_EDGE('',*,*,#4924,.T.);
#6868=ORIENTED_EDGE('',*,*,#4921,.T.);
#6869=ORIENTED_EDGE('',*,*,#4918,.T.);
#6870=ORIENTED_EDGE('',*,*,#4915,.T.);
#6871=ORIENTED_EDGE('',*,*,#4912,.T.);
#6872=ORIENTED_EDGE('',*,*,#4909,.T.);
#6873=ORIENTED_EDGE('',*,*,#4906,.T.);
#6874=ORIENTED_EDGE('',*,*,#4903,.T.);
#6875=ORIENTED_EDGE('',*,*,#4900,.T.);
#6876=ORIENTED_EDGE('',*,*,#4897,.T.);
#6877=ORIENTED_EDGE('',*,*,#4894,.T.);
#6878=ORIENTED_EDGE('',*,*,#4891,.T.);
#6879=ORIENTED_EDGE('',*,*,#4888,.T.);
#6880=ORIENTED_EDGE('',*,*,#4885,.T.);
#6881=ORIENTED_EDGE('',*,*,#4882,.T.);
#6882=ORIENTED_EDGE('',*,*,#4879,.T.);
#6883=ORIENTED_EDGE('',*,*,#4876,.T.);
#6884=ORIENTED_EDGE('',*,*,#4873,.T.);
#6885=ORIENTED_EDGE('',*,*,#4870,.T.);
#6886=ORIENTED_EDGE('',*,*,#4867,.T.);
#6887=ORIENTED_EDGE('',*,*,#4864,.T.);
#6888=ORIENTED_EDGE('',*,*,#4861,.T.);
#6889=ORIENTED_EDGE('',*,*,#4858,.T.);
#6890=ORIENTED_EDGE('',*,*,#4855,.T.);
#6891=ORIENTED_EDGE('',*,*,#4852,.T.);
#6892=ORIENTED_EDGE('',*,*,#4849,.T.);
#6893=ORIENTED_EDGE('',*,*,#4846,.T.);
#6894=ORIENTED_EDGE('',*,*,#4950,.T.);
#6895=ORIENTED_EDGE('',*,*,#4871,.T.);
#6896=ORIENTED_EDGE('',*,*,#4875,.T.);
#6897=ORIENTED_EDGE('',*,*,#4878,.T.);
#6898=ORIENTED_EDGE('',*,*,#4881,.T.);
#6899=ORIENTED_EDGE('',*,*,#4884,.T.);
#6900=ORIENTED_EDGE('',*,*,#4887,.T.);
#6901=ORIENTED_EDGE('',*,*,#4890,.T.);
#6902=ORIENTED_EDGE('',*,*,#4893,.T.);
#6903=ORIENTED_EDGE('',*,*,#4896,.T.);
#6904=ORIENTED_EDGE('',*,*,#4899,.T.);
#6905=ORIENTED_EDGE('',*,*,#4902,.T.);
#6906=ORIENTED_EDGE('',*,*,#4905,.T.);
#6907=ORIENTED_EDGE('',*,*,#4908,.T.);
#6908=ORIENTED_EDGE('',*,*,#4911,.T.);
#6909=ORIENTED_EDGE('',*,*,#4914,.T.);
#6910=ORIENTED_EDGE('',*,*,#4917,.T.);
#6911=ORIENTED_EDGE('',*,*,#4920,.T.);
#6912=ORIENTED_EDGE('',*,*,#4923,.T.);
#6913=ORIENTED_EDGE('',*,*,#4926,.T.);
#6914=ORIENTED_EDGE('',*,*,#4929,.T.);
#6915=ORIENTED_EDGE('',*,*,#4932,.T.);
#6916=ORIENTED_EDGE('',*,*,#4935,.T.);
#6917=ORIENTED_EDGE('',*,*,#4938,.T.);
#6918=ORIENTED_EDGE('',*,*,#4941,.T.);
#6919=ORIENTED_EDGE('',*,*,#4944,.T.);
#6920=ORIENTED_EDGE('',*,*,#4947,.T.);
#6921=ORIENTED_EDGE('',*,*,#4869,.T.);
#6922=ORIENTED_EDGE('',*,*,#4844,.T.);
#6923=ORIENTED_EDGE('',*,*,#4848,.T.);
#6924=ORIENTED_EDGE('',*,*,#4851,.T.);
#6925=ORIENTED_EDGE('',*,*,#4854,.T.);
#6926=ORIENTED_EDGE('',*,*,#4857,.T.);
#6927=ORIENTED_EDGE('',*,*,#4860,.T.);
#6928=ORIENTED_EDGE('',*,*,#4863,.T.);
#6929=ORIENTED_EDGE('',*,*,#4866,.T.);
#6930=ORIENTED_EDGE('',*,*,#4952,.F.);
#6931=ORIENTED_EDGE('',*,*,#4953,.T.);
#6932=ORIENTED_EDGE('',*,*,#4954,.F.);
#6933=ORIENTED_EDGE('',*,*,#4955,.F.);
#6934=ORIENTED_EDGE('',*,*,#4956,.F.);
#6935=ORIENTED_EDGE('',*,*,#4955,.T.);
#6936=ORIENTED_EDGE('',*,*,#4957,.F.);
#6937=ORIENTED_EDGE('',*,*,#4958,.F.);
#6938=ORIENTED_EDGE('',*,*,#4959,.F.);
#6939=ORIENTED_EDGE('',*,*,#4958,.T.);
#6940=ORIENTED_EDGE('',*,*,#4960,.F.);
#6941=ORIENTED_EDGE('',*,*,#4961,.F.);
#6942=ORIENTED_EDGE('',*,*,#4962,.F.);
#6943=ORIENTED_EDGE('',*,*,#4961,.T.);
#6944=ORIENTED_EDGE('',*,*,#4963,.F.);
#6945=ORIENTED_EDGE('',*,*,#4953,.F.);
#6946=ORIENTED_EDGE('',*,*,#4963,.T.);
#6947=ORIENTED_EDGE('',*,*,#4960,.T.);
#6948=ORIENTED_EDGE('',*,*,#4957,.T.);
#6949=ORIENTED_EDGE('',*,*,#4954,.T.);
#6950=ORIENTED_EDGE('',*,*,#4962,.T.);
#6951=ORIENTED_EDGE('',*,*,#4952,.T.);
#6952=ORIENTED_EDGE('',*,*,#4956,.T.);
#6953=ORIENTED_EDGE('',*,*,#4959,.T.);
#6954=ORIENTED_EDGE('',*,*,#4964,.F.);
#6955=ORIENTED_EDGE('',*,*,#4965,.T.);
#6956=ORIENTED_EDGE('',*,*,#4966,.F.);
#6957=ORIENTED_EDGE('',*,*,#4967,.F.);
#6958=ORIENTED_EDGE('',*,*,#4968,.F.);
#6959=ORIENTED_EDGE('',*,*,#4967,.T.);
#6960=ORIENTED_EDGE('',*,*,#4969,.F.);
#6961=ORIENTED_EDGE('',*,*,#4970,.F.);
#6962=ORIENTED_EDGE('',*,*,#4971,.F.);
#6963=ORIENTED_EDGE('',*,*,#4970,.T.);
#6964=ORIENTED_EDGE('',*,*,#4972,.F.);
#6965=ORIENTED_EDGE('',*,*,#4973,.F.);
#6966=ORIENTED_EDGE('',*,*,#4974,.F.);
#6967=ORIENTED_EDGE('',*,*,#4973,.T.);
#6968=ORIENTED_EDGE('',*,*,#4975,.F.);
#6969=ORIENTED_EDGE('',*,*,#4976,.F.);
#6970=ORIENTED_EDGE('',*,*,#4977,.F.);
#6971=ORIENTED_EDGE('',*,*,#4976,.T.);
#6972=ORIENTED_EDGE('',*,*,#4978,.F.);
#6973=ORIENTED_EDGE('',*,*,#4965,.F.);
#6974=ORIENTED_EDGE('',*,*,#4979,.F.);
#6975=ORIENTED_EDGE('',*,*,#4980,.T.);
#6976=ORIENTED_EDGE('',*,*,#4981,.F.);
#6977=ORIENTED_EDGE('',*,*,#4982,.F.);
#6978=ORIENTED_EDGE('',*,*,#4983,.F.);
#6979=ORIENTED_EDGE('',*,*,#4982,.T.);
#6980=ORIENTED_EDGE('',*,*,#4984,.F.);
#6981=ORIENTED_EDGE('',*,*,#4985,.F.);
#6982=ORIENTED_EDGE('',*,*,#4986,.F.);
#6983=ORIENTED_EDGE('',*,*,#4985,.T.);
#6984=ORIENTED_EDGE('',*,*,#4987,.F.);
#6985=ORIENTED_EDGE('',*,*,#4988,.F.);
#6986=ORIENTED_EDGE('',*,*,#4989,.F.);
#6987=ORIENTED_EDGE('',*,*,#4988,.T.);
#6988=ORIENTED_EDGE('',*,*,#4990,.F.);
#6989=ORIENTED_EDGE('',*,*,#4991,.F.);
#6990=ORIENTED_EDGE('',*,*,#4992,.F.);
#6991=ORIENTED_EDGE('',*,*,#4991,.T.);
#6992=ORIENTED_EDGE('',*,*,#4993,.F.);
#6993=ORIENTED_EDGE('',*,*,#4994,.F.);
#6994=ORIENTED_EDGE('',*,*,#4995,.F.);
#6995=ORIENTED_EDGE('',*,*,#4994,.T.);
#6996=ORIENTED_EDGE('',*,*,#4996,.F.);
#6997=ORIENTED_EDGE('',*,*,#4997,.F.);
#6998=ORIENTED_EDGE('',*,*,#4998,.F.);
#6999=ORIENTED_EDGE('',*,*,#4997,.T.);
#7000=ORIENTED_EDGE('',*,*,#4999,.F.);
#7001=ORIENTED_EDGE('',*,*,#5000,.F.);
#7002=ORIENTED_EDGE('',*,*,#5001,.F.);
#7003=ORIENTED_EDGE('',*,*,#5000,.T.);
#7004=ORIENTED_EDGE('',*,*,#5002,.F.);
#7005=ORIENTED_EDGE('',*,*,#5003,.F.);
#7006=ORIENTED_EDGE('',*,*,#5004,.F.);
#7007=ORIENTED_EDGE('',*,*,#5003,.T.);
#7008=ORIENTED_EDGE('',*,*,#5005,.F.);
#7009=ORIENTED_EDGE('',*,*,#5006,.F.);
#7010=ORIENTED_EDGE('',*,*,#5007,.F.);
#7011=ORIENTED_EDGE('',*,*,#5006,.T.);
#7012=ORIENTED_EDGE('',*,*,#5008,.F.);
#7013=ORIENTED_EDGE('',*,*,#5009,.F.);
#7014=ORIENTED_EDGE('',*,*,#5010,.F.);
#7015=ORIENTED_EDGE('',*,*,#5009,.T.);
#7016=ORIENTED_EDGE('',*,*,#5011,.F.);
#7017=ORIENTED_EDGE('',*,*,#5012,.F.);
#7018=ORIENTED_EDGE('',*,*,#5013,.F.);
#7019=ORIENTED_EDGE('',*,*,#5012,.T.);
#7020=ORIENTED_EDGE('',*,*,#5014,.F.);
#7021=ORIENTED_EDGE('',*,*,#5015,.F.);
#7022=ORIENTED_EDGE('',*,*,#5016,.F.);
#7023=ORIENTED_EDGE('',*,*,#5015,.T.);
#7024=ORIENTED_EDGE('',*,*,#5017,.F.);
#7025=ORIENTED_EDGE('',*,*,#5018,.F.);
#7026=ORIENTED_EDGE('',*,*,#5019,.F.);
#7027=ORIENTED_EDGE('',*,*,#5018,.T.);
#7028=ORIENTED_EDGE('',*,*,#5020,.F.);
#7029=ORIENTED_EDGE('',*,*,#5021,.F.);
#7030=ORIENTED_EDGE('',*,*,#5022,.F.);
#7031=ORIENTED_EDGE('',*,*,#5021,.T.);
#7032=ORIENTED_EDGE('',*,*,#5023,.F.);
#7033=ORIENTED_EDGE('',*,*,#5024,.F.);
#7034=ORIENTED_EDGE('',*,*,#5025,.F.);
#7035=ORIENTED_EDGE('',*,*,#5024,.T.);
#7036=ORIENTED_EDGE('',*,*,#5026,.F.);
#7037=ORIENTED_EDGE('',*,*,#5027,.F.);
#7038=ORIENTED_EDGE('',*,*,#5028,.F.);
#7039=ORIENTED_EDGE('',*,*,#5027,.T.);
#7040=ORIENTED_EDGE('',*,*,#5029,.F.);
#7041=ORIENTED_EDGE('',*,*,#4980,.F.);
#7042=ORIENTED_EDGE('',*,*,#5029,.T.);
#7043=ORIENTED_EDGE('',*,*,#5026,.T.);
#7044=ORIENTED_EDGE('',*,*,#5023,.T.);
#7045=ORIENTED_EDGE('',*,*,#5020,.T.);
#7046=ORIENTED_EDGE('',*,*,#5017,.T.);
#7047=ORIENTED_EDGE('',*,*,#5014,.T.);
#7048=ORIENTED_EDGE('',*,*,#5011,.T.);
#7049=ORIENTED_EDGE('',*,*,#5008,.T.);
#7050=ORIENTED_EDGE('',*,*,#5005,.T.);
#7051=ORIENTED_EDGE('',*,*,#5002,.T.);
#7052=ORIENTED_EDGE('',*,*,#4999,.T.);
#7053=ORIENTED_EDGE('',*,*,#4996,.T.);
#7054=ORIENTED_EDGE('',*,*,#4993,.T.);
#7055=ORIENTED_EDGE('',*,*,#4990,.T.);
#7056=ORIENTED_EDGE('',*,*,#4987,.T.);
#7057=ORIENTED_EDGE('',*,*,#4984,.T.);
#7058=ORIENTED_EDGE('',*,*,#4981,.T.);
#7059=ORIENTED_EDGE('',*,*,#4978,.T.);
#7060=ORIENTED_EDGE('',*,*,#4975,.T.);
#7061=ORIENTED_EDGE('',*,*,#4972,.T.);
#7062=ORIENTED_EDGE('',*,*,#4969,.T.);
#7063=ORIENTED_EDGE('',*,*,#4966,.T.);
#7064=ORIENTED_EDGE('',*,*,#5028,.T.);
#7065=ORIENTED_EDGE('',*,*,#4979,.T.);
#7066=ORIENTED_EDGE('',*,*,#4983,.T.);
#7067=ORIENTED_EDGE('',*,*,#4986,.T.);
#7068=ORIENTED_EDGE('',*,*,#4989,.T.);
#7069=ORIENTED_EDGE('',*,*,#4992,.T.);
#7070=ORIENTED_EDGE('',*,*,#4995,.T.);
#7071=ORIENTED_EDGE('',*,*,#4998,.T.);
#7072=ORIENTED_EDGE('',*,*,#5001,.T.);
#7073=ORIENTED_EDGE('',*,*,#5004,.T.);
#7074=ORIENTED_EDGE('',*,*,#5007,.T.);
#7075=ORIENTED_EDGE('',*,*,#5010,.T.);
#7076=ORIENTED_EDGE('',*,*,#5013,.T.);
#7077=ORIENTED_EDGE('',*,*,#5016,.T.);
#7078=ORIENTED_EDGE('',*,*,#5019,.T.);
#7079=ORIENTED_EDGE('',*,*,#5022,.T.);
#7080=ORIENTED_EDGE('',*,*,#5025,.T.);
#7081=ORIENTED_EDGE('',*,*,#4977,.T.);
#7082=ORIENTED_EDGE('',*,*,#4964,.T.);
#7083=ORIENTED_EDGE('',*,*,#4968,.T.);
#7084=ORIENTED_EDGE('',*,*,#4971,.T.);
#7085=ORIENTED_EDGE('',*,*,#4974,.T.);
#7086=ORIENTED_EDGE('',*,*,#5030,.F.);
#7087=ORIENTED_EDGE('',*,*,#5031,.T.);
#7088=ORIENTED_EDGE('',*,*,#5032,.F.);
#7089=ORIENTED_EDGE('',*,*,#5033,.F.);
#7090=ORIENTED_EDGE('',*,*,#5034,.F.);
#7091=ORIENTED_EDGE('',*,*,#5033,.T.);
#7092=ORIENTED_EDGE('',*,*,#5035,.F.);
#7093=ORIENTED_EDGE('',*,*,#5036,.F.);
#7094=ORIENTED_EDGE('',*,*,#5037,.F.);
#7095=ORIENTED_EDGE('',*,*,#5036,.T.);
#7096=ORIENTED_EDGE('',*,*,#5038,.F.);
#7097=ORIENTED_EDGE('',*,*,#5039,.F.);
#7098=ORIENTED_EDGE('',*,*,#5040,.F.);
#7099=ORIENTED_EDGE('',*,*,#5039,.T.);
#7100=ORIENTED_EDGE('',*,*,#5041,.F.);
#7101=ORIENTED_EDGE('',*,*,#5042,.F.);
#7102=ORIENTED_EDGE('',*,*,#5043,.F.);
#7103=ORIENTED_EDGE('',*,*,#5042,.T.);
#7104=ORIENTED_EDGE('',*,*,#5044,.F.);
#7105=ORIENTED_EDGE('',*,*,#5045,.F.);
#7106=ORIENTED_EDGE('',*,*,#5046,.F.);
#7107=ORIENTED_EDGE('',*,*,#5045,.T.);
#7108=ORIENTED_EDGE('',*,*,#5047,.F.);
#7109=ORIENTED_EDGE('',*,*,#5048,.F.);
#7110=ORIENTED_EDGE('',*,*,#5049,.F.);
#7111=ORIENTED_EDGE('',*,*,#5048,.T.);
#7112=ORIENTED_EDGE('',*,*,#5050,.F.);
#7113=ORIENTED_EDGE('',*,*,#5051,.F.);
#7114=ORIENTED_EDGE('',*,*,#5052,.F.);
#7115=ORIENTED_EDGE('',*,*,#5051,.T.);
#7116=ORIENTED_EDGE('',*,*,#5053,.F.);
#7117=ORIENTED_EDGE('',*,*,#5054,.F.);
#7118=ORIENTED_EDGE('',*,*,#5055,.F.);
#7119=ORIENTED_EDGE('',*,*,#5054,.T.);
#7120=ORIENTED_EDGE('',*,*,#5056,.F.);
#7121=ORIENTED_EDGE('',*,*,#5057,.F.);
#7122=ORIENTED_EDGE('',*,*,#5058,.F.);
#7123=ORIENTED_EDGE('',*,*,#5057,.T.);
#7124=ORIENTED_EDGE('',*,*,#5059,.F.);
#7125=ORIENTED_EDGE('',*,*,#5060,.F.);
#7126=ORIENTED_EDGE('',*,*,#5061,.F.);
#7127=ORIENTED_EDGE('',*,*,#5060,.T.);
#7128=ORIENTED_EDGE('',*,*,#5062,.F.);
#7129=ORIENTED_EDGE('',*,*,#5063,.F.);
#7130=ORIENTED_EDGE('',*,*,#5064,.F.);
#7131=ORIENTED_EDGE('',*,*,#5063,.T.);
#7132=ORIENTED_EDGE('',*,*,#5065,.F.);
#7133=ORIENTED_EDGE('',*,*,#5066,.F.);
#7134=ORIENTED_EDGE('',*,*,#5067,.F.);
#7135=ORIENTED_EDGE('',*,*,#5066,.T.);
#7136=ORIENTED_EDGE('',*,*,#5068,.F.);
#7137=ORIENTED_EDGE('',*,*,#5069,.F.);
#7138=ORIENTED_EDGE('',*,*,#5070,.F.);
#7139=ORIENTED_EDGE('',*,*,#5069,.T.);
#7140=ORIENTED_EDGE('',*,*,#5071,.F.);
#7141=ORIENTED_EDGE('',*,*,#5072,.F.);
#7142=ORIENTED_EDGE('',*,*,#5073,.F.);
#7143=ORIENTED_EDGE('',*,*,#5072,.T.);
#7144=ORIENTED_EDGE('',*,*,#5074,.F.);
#7145=ORIENTED_EDGE('',*,*,#5075,.F.);
#7146=ORIENTED_EDGE('',*,*,#5076,.F.);
#7147=ORIENTED_EDGE('',*,*,#5075,.T.);
#7148=ORIENTED_EDGE('',*,*,#5077,.F.);
#7149=ORIENTED_EDGE('',*,*,#5031,.F.);
#7150=ORIENTED_EDGE('',*,*,#5077,.T.);
#7151=ORIENTED_EDGE('',*,*,#5074,.T.);
#7152=ORIENTED_EDGE('',*,*,#5071,.T.);
#7153=ORIENTED_EDGE('',*,*,#5068,.T.);
#7154=ORIENTED_EDGE('',*,*,#5065,.T.);
#7155=ORIENTED_EDGE('',*,*,#5062,.T.);
#7156=ORIENTED_EDGE('',*,*,#5059,.T.);
#7157=ORIENTED_EDGE('',*,*,#5056,.T.);
#7158=ORIENTED_EDGE('',*,*,#5053,.T.);
#7159=ORIENTED_EDGE('',*,*,#5050,.T.);
#7160=ORIENTED_EDGE('',*,*,#5047,.T.);
#7161=ORIENTED_EDGE('',*,*,#5044,.T.);
#7162=ORIENTED_EDGE('',*,*,#5041,.T.);
#7163=ORIENTED_EDGE('',*,*,#5038,.T.);
#7164=ORIENTED_EDGE('',*,*,#5035,.T.);
#7165=ORIENTED_EDGE('',*,*,#5032,.T.);
#7166=ORIENTED_EDGE('',*,*,#5076,.T.);
#7167=ORIENTED_EDGE('',*,*,#5030,.T.);
#7168=ORIENTED_EDGE('',*,*,#5034,.T.);
#7169=ORIENTED_EDGE('',*,*,#5037,.T.);
#7170=ORIENTED_EDGE('',*,*,#5040,.T.);
#7171=ORIENTED_EDGE('',*,*,#5043,.T.);
#7172=ORIENTED_EDGE('',*,*,#5046,.T.);
#7173=ORIENTED_EDGE('',*,*,#5049,.T.);
#7174=ORIENTED_EDGE('',*,*,#5052,.T.);
#7175=ORIENTED_EDGE('',*,*,#5055,.T.);
#7176=ORIENTED_EDGE('',*,*,#5058,.T.);
#7177=ORIENTED_EDGE('',*,*,#5061,.T.);
#7178=ORIENTED_EDGE('',*,*,#5064,.T.);
#7179=ORIENTED_EDGE('',*,*,#5067,.T.);
#7180=ORIENTED_EDGE('',*,*,#5070,.T.);
#7181=ORIENTED_EDGE('',*,*,#5073,.T.);
#7182=ORIENTED_EDGE('',*,*,#5078,.F.);
#7183=ORIENTED_EDGE('',*,*,#5079,.T.);
#7184=ORIENTED_EDGE('',*,*,#5080,.F.);
#7185=ORIENTED_EDGE('',*,*,#5081,.F.);
#7186=ORIENTED_EDGE('',*,*,#5082,.F.);
#7187=ORIENTED_EDGE('',*,*,#5081,.T.);
#7188=ORIENTED_EDGE('',*,*,#5083,.F.);
#7189=ORIENTED_EDGE('',*,*,#5084,.F.);
#7190=ORIENTED_EDGE('',*,*,#5085,.F.);
#7191=ORIENTED_EDGE('',*,*,#5084,.T.);
#7192=ORIENTED_EDGE('',*,*,#5086,.F.);
#7193=ORIENTED_EDGE('',*,*,#5087,.F.);
#7194=ORIENTED_EDGE('',*,*,#5088,.F.);
#7195=ORIENTED_EDGE('',*,*,#5087,.T.);
#7196=ORIENTED_EDGE('',*,*,#5089,.F.);
#7197=ORIENTED_EDGE('',*,*,#5090,.F.);
#7198=ORIENTED_EDGE('',*,*,#5091,.F.);
#7199=ORIENTED_EDGE('',*,*,#5090,.T.);
#7200=ORIENTED_EDGE('',*,*,#5092,.F.);
#7201=ORIENTED_EDGE('',*,*,#5093,.F.);
#7202=ORIENTED_EDGE('',*,*,#5094,.F.);
#7203=ORIENTED_EDGE('',*,*,#5093,.T.);
#7204=ORIENTED_EDGE('',*,*,#5095,.F.);
#7205=ORIENTED_EDGE('',*,*,#5096,.F.);
#7206=ORIENTED_EDGE('',*,*,#5097,.F.);
#7207=ORIENTED_EDGE('',*,*,#5096,.T.);
#7208=ORIENTED_EDGE('',*,*,#5098,.F.);
#7209=ORIENTED_EDGE('',*,*,#5099,.F.);
#7210=ORIENTED_EDGE('',*,*,#5100,.F.);
#7211=ORIENTED_EDGE('',*,*,#5099,.T.);
#7212=ORIENTED_EDGE('',*,*,#5101,.F.);
#7213=ORIENTED_EDGE('',*,*,#5102,.F.);
#7214=ORIENTED_EDGE('',*,*,#5103,.F.);
#7215=ORIENTED_EDGE('',*,*,#5102,.T.);
#7216=ORIENTED_EDGE('',*,*,#5104,.F.);
#7217=ORIENTED_EDGE('',*,*,#5105,.F.);
#7218=ORIENTED_EDGE('',*,*,#5106,.F.);
#7219=ORIENTED_EDGE('',*,*,#5105,.T.);
#7220=ORIENTED_EDGE('',*,*,#5107,.F.);
#7221=ORIENTED_EDGE('',*,*,#5108,.F.);
#7222=ORIENTED_EDGE('',*,*,#5109,.F.);
#7223=ORIENTED_EDGE('',*,*,#5108,.T.);
#7224=ORIENTED_EDGE('',*,*,#5110,.F.);
#7225=ORIENTED_EDGE('',*,*,#5111,.F.);
#7226=ORIENTED_EDGE('',*,*,#5112,.F.);
#7227=ORIENTED_EDGE('',*,*,#5111,.T.);
#7228=ORIENTED_EDGE('',*,*,#5113,.F.);
#7229=ORIENTED_EDGE('',*,*,#5114,.F.);
#7230=ORIENTED_EDGE('',*,*,#5115,.F.);
#7231=ORIENTED_EDGE('',*,*,#5114,.T.);
#7232=ORIENTED_EDGE('',*,*,#5116,.F.);
#7233=ORIENTED_EDGE('',*,*,#5079,.F.);
#7234=ORIENTED_EDGE('',*,*,#5116,.T.);
#7235=ORIENTED_EDGE('',*,*,#5113,.T.);
#7236=ORIENTED_EDGE('',*,*,#5110,.T.);
#7237=ORIENTED_EDGE('',*,*,#5107,.T.);
#7238=ORIENTED_EDGE('',*,*,#5104,.T.);
#7239=ORIENTED_EDGE('',*,*,#5101,.T.);
#7240=ORIENTED_EDGE('',*,*,#5098,.T.);
#7241=ORIENTED_EDGE('',*,*,#5095,.T.);
#7242=ORIENTED_EDGE('',*,*,#5092,.T.);
#7243=ORIENTED_EDGE('',*,*,#5089,.T.);
#7244=ORIENTED_EDGE('',*,*,#5086,.T.);
#7245=ORIENTED_EDGE('',*,*,#5083,.T.);
#7246=ORIENTED_EDGE('',*,*,#5080,.T.);
#7247=ORIENTED_EDGE('',*,*,#5115,.T.);
#7248=ORIENTED_EDGE('',*,*,#5078,.T.);
#7249=ORIENTED_EDGE('',*,*,#5082,.T.);
#7250=ORIENTED_EDGE('',*,*,#5085,.T.);
#7251=ORIENTED_EDGE('',*,*,#5088,.T.);
#7252=ORIENTED_EDGE('',*,*,#5091,.T.);
#7253=ORIENTED_EDGE('',*,*,#5094,.T.);
#7254=ORIENTED_EDGE('',*,*,#5097,.T.);
#7255=ORIENTED_EDGE('',*,*,#5100,.T.);
#7256=ORIENTED_EDGE('',*,*,#5103,.T.);
#7257=ORIENTED_EDGE('',*,*,#5106,.T.);
#7258=ORIENTED_EDGE('',*,*,#5109,.T.);
#7259=ORIENTED_EDGE('',*,*,#5112,.T.);
#7260=ORIENTED_EDGE('',*,*,#5117,.F.);
#7261=ORIENTED_EDGE('',*,*,#5118,.T.);
#7262=ORIENTED_EDGE('',*,*,#5119,.F.);
#7263=ORIENTED_EDGE('',*,*,#5120,.F.);
#7264=ORIENTED_EDGE('',*,*,#5121,.F.);
#7265=ORIENTED_EDGE('',*,*,#5120,.T.);
#7266=ORIENTED_EDGE('',*,*,#5122,.F.);
#7267=ORIENTED_EDGE('',*,*,#5123,.F.);
#7268=ORIENTED_EDGE('',*,*,#5124,.F.);
#7269=ORIENTED_EDGE('',*,*,#5123,.T.);
#7270=ORIENTED_EDGE('',*,*,#5125,.F.);
#7271=ORIENTED_EDGE('',*,*,#5126,.F.);
#7272=ORIENTED_EDGE('',*,*,#5127,.F.);
#7273=ORIENTED_EDGE('',*,*,#5126,.T.);
#7274=ORIENTED_EDGE('',*,*,#5128,.F.);
#7275=ORIENTED_EDGE('',*,*,#5118,.F.);
#7276=ORIENTED_EDGE('',*,*,#5128,.T.);
#7277=ORIENTED_EDGE('',*,*,#5125,.T.);
#7278=ORIENTED_EDGE('',*,*,#5122,.T.);
#7279=ORIENTED_EDGE('',*,*,#5119,.T.);
#7280=ORIENTED_EDGE('',*,*,#5127,.T.);
#7281=ORIENTED_EDGE('',*,*,#5117,.T.);
#7282=ORIENTED_EDGE('',*,*,#5121,.T.);
#7283=ORIENTED_EDGE('',*,*,#5124,.T.);
#7284=ORIENTED_EDGE('',*,*,#5129,.F.);
#7285=ORIENTED_EDGE('',*,*,#5130,.T.);
#7286=ORIENTED_EDGE('',*,*,#5131,.F.);
#7287=ORIENTED_EDGE('',*,*,#5132,.F.);
#7288=ORIENTED_EDGE('',*,*,#5133,.F.);
#7289=ORIENTED_EDGE('',*,*,#5132,.T.);
#7290=ORIENTED_EDGE('',*,*,#5134,.F.);
#7291=ORIENTED_EDGE('',*,*,#5135,.F.);
#7292=ORIENTED_EDGE('',*,*,#5136,.F.);
#7293=ORIENTED_EDGE('',*,*,#5135,.T.);
#7294=ORIENTED_EDGE('',*,*,#5137,.F.);
#7295=ORIENTED_EDGE('',*,*,#5138,.F.);
#7296=ORIENTED_EDGE('',*,*,#5139,.F.);
#7297=ORIENTED_EDGE('',*,*,#5138,.T.);
#7298=ORIENTED_EDGE('',*,*,#5140,.F.);
#7299=ORIENTED_EDGE('',*,*,#5141,.F.);
#7300=ORIENTED_EDGE('',*,*,#5142,.F.);
#7301=ORIENTED_EDGE('',*,*,#5141,.T.);
#7302=ORIENTED_EDGE('',*,*,#5143,.F.);
#7303=ORIENTED_EDGE('',*,*,#5144,.F.);
#7304=ORIENTED_EDGE('',*,*,#5145,.F.);
#7305=ORIENTED_EDGE('',*,*,#5144,.T.);
#7306=ORIENTED_EDGE('',*,*,#5146,.F.);
#7307=ORIENTED_EDGE('',*,*,#5147,.F.);
#7308=ORIENTED_EDGE('',*,*,#5148,.F.);
#7309=ORIENTED_EDGE('',*,*,#5147,.T.);
#7310=ORIENTED_EDGE('',*,*,#5149,.F.);
#7311=ORIENTED_EDGE('',*,*,#5150,.F.);
#7312=ORIENTED_EDGE('',*,*,#5151,.F.);
#7313=ORIENTED_EDGE('',*,*,#5150,.T.);
#7314=ORIENTED_EDGE('',*,*,#5152,.F.);
#7315=ORIENTED_EDGE('',*,*,#5130,.F.);
#7316=ORIENTED_EDGE('',*,*,#5153,.F.);
#7317=ORIENTED_EDGE('',*,*,#5154,.T.);
#7318=ORIENTED_EDGE('',*,*,#5155,.F.);
#7319=ORIENTED_EDGE('',*,*,#5156,.F.);
#7320=ORIENTED_EDGE('',*,*,#5157,.F.);
#7321=ORIENTED_EDGE('',*,*,#5156,.T.);
#7322=ORIENTED_EDGE('',*,*,#5158,.F.);
#7323=ORIENTED_EDGE('',*,*,#5159,.F.);
#7324=ORIENTED_EDGE('',*,*,#5160,.F.);
#7325=ORIENTED_EDGE('',*,*,#5159,.T.);
#7326=ORIENTED_EDGE('',*,*,#5161,.F.);
#7327=ORIENTED_EDGE('',*,*,#5162,.F.);
#7328=ORIENTED_EDGE('',*,*,#5163,.F.);
#7329=ORIENTED_EDGE('',*,*,#5162,.T.);
#7330=ORIENTED_EDGE('',*,*,#5164,.F.);
#7331=ORIENTED_EDGE('',*,*,#5165,.F.);
#7332=ORIENTED_EDGE('',*,*,#5166,.F.);
#7333=ORIENTED_EDGE('',*,*,#5165,.T.);
#7334=ORIENTED_EDGE('',*,*,#5167,.F.);
#7335=ORIENTED_EDGE('',*,*,#5168,.F.);
#7336=ORIENTED_EDGE('',*,*,#5169,.F.);
#7337=ORIENTED_EDGE('',*,*,#5168,.T.);
#7338=ORIENTED_EDGE('',*,*,#5170,.F.);
#7339=ORIENTED_EDGE('',*,*,#5171,.F.);
#7340=ORIENTED_EDGE('',*,*,#5172,.F.);
#7341=ORIENTED_EDGE('',*,*,#5171,.T.);
#7342=ORIENTED_EDGE('',*,*,#5173,.F.);
#7343=ORIENTED_EDGE('',*,*,#5174,.F.);
#7344=ORIENTED_EDGE('',*,*,#5175,.F.);
#7345=ORIENTED_EDGE('',*,*,#5174,.T.);
#7346=ORIENTED_EDGE('',*,*,#5176,.F.);
#7347=ORIENTED_EDGE('',*,*,#5177,.F.);
#7348=ORIENTED_EDGE('',*,*,#5178,.F.);
#7349=ORIENTED_EDGE('',*,*,#5177,.T.);
#7350=ORIENTED_EDGE('',*,*,#5179,.F.);
#7351=ORIENTED_EDGE('',*,*,#5180,.F.);
#7352=ORIENTED_EDGE('',*,*,#5181,.F.);
#7353=ORIENTED_EDGE('',*,*,#5180,.T.);
#7354=ORIENTED_EDGE('',*,*,#5182,.F.);
#7355=ORIENTED_EDGE('',*,*,#5183,.F.);
#7356=ORIENTED_EDGE('',*,*,#5184,.F.);
#7357=ORIENTED_EDGE('',*,*,#5183,.T.);
#7358=ORIENTED_EDGE('',*,*,#5185,.F.);
#7359=ORIENTED_EDGE('',*,*,#5186,.F.);
#7360=ORIENTED_EDGE('',*,*,#5187,.F.);
#7361=ORIENTED_EDGE('',*,*,#5186,.T.);
#7362=ORIENTED_EDGE('',*,*,#5188,.F.);
#7363=ORIENTED_EDGE('',*,*,#5189,.F.);
#7364=ORIENTED_EDGE('',*,*,#5190,.F.);
#7365=ORIENTED_EDGE('',*,*,#5189,.T.);
#7366=ORIENTED_EDGE('',*,*,#5191,.F.);
#7367=ORIENTED_EDGE('',*,*,#5154,.F.);
#7368=ORIENTED_EDGE('',*,*,#5191,.T.);
#7369=ORIENTED_EDGE('',*,*,#5188,.T.);
#7370=ORIENTED_EDGE('',*,*,#5185,.T.);
#7371=ORIENTED_EDGE('',*,*,#5182,.T.);
#7372=ORIENTED_EDGE('',*,*,#5179,.T.);
#7373=ORIENTED_EDGE('',*,*,#5176,.T.);
#7374=ORIENTED_EDGE('',*,*,#5173,.T.);
#7375=ORIENTED_EDGE('',*,*,#5170,.T.);
#7376=ORIENTED_EDGE('',*,*,#5167,.T.);
#7377=ORIENTED_EDGE('',*,*,#5164,.T.);
#7378=ORIENTED_EDGE('',*,*,#5161,.T.);
#7379=ORIENTED_EDGE('',*,*,#5158,.T.);
#7380=ORIENTED_EDGE('',*,*,#5155,.T.);
#7381=ORIENTED_EDGE('',*,*,#5152,.T.);
#7382=ORIENTED_EDGE('',*,*,#5149,.T.);
#7383=ORIENTED_EDGE('',*,*,#5146,.T.);
#7384=ORIENTED_EDGE('',*,*,#5143,.T.);
#7385=ORIENTED_EDGE('',*,*,#5140,.T.);
#7386=ORIENTED_EDGE('',*,*,#5137,.T.);
#7387=ORIENTED_EDGE('',*,*,#5134,.T.);
#7388=ORIENTED_EDGE('',*,*,#5131,.T.);
#7389=ORIENTED_EDGE('',*,*,#5190,.T.);
#7390=ORIENTED_EDGE('',*,*,#5153,.T.);
#7391=ORIENTED_EDGE('',*,*,#5157,.T.);
#7392=ORIENTED_EDGE('',*,*,#5160,.T.);
#7393=ORIENTED_EDGE('',*,*,#5163,.T.);
#7394=ORIENTED_EDGE('',*,*,#5166,.T.);
#7395=ORIENTED_EDGE('',*,*,#5169,.T.);
#7396=ORIENTED_EDGE('',*,*,#5172,.T.);
#7397=ORIENTED_EDGE('',*,*,#5175,.T.);
#7398=ORIENTED_EDGE('',*,*,#5178,.T.);
#7399=ORIENTED_EDGE('',*,*,#5181,.T.);
#7400=ORIENTED_EDGE('',*,*,#5184,.T.);
#7401=ORIENTED_EDGE('',*,*,#5187,.T.);
#7402=ORIENTED_EDGE('',*,*,#5151,.T.);
#7403=ORIENTED_EDGE('',*,*,#5129,.T.);
#7404=ORIENTED_EDGE('',*,*,#5133,.T.);
#7405=ORIENTED_EDGE('',*,*,#5136,.T.);
#7406=ORIENTED_EDGE('',*,*,#5139,.T.);
#7407=ORIENTED_EDGE('',*,*,#5142,.T.);
#7408=ORIENTED_EDGE('',*,*,#5145,.T.);
#7409=ORIENTED_EDGE('',*,*,#5148,.T.);
#7410=ORIENTED_EDGE('',*,*,#5192,.F.);
#7411=ORIENTED_EDGE('',*,*,#5193,.T.);
#7412=ORIENTED_EDGE('',*,*,#5194,.F.);
#7413=ORIENTED_EDGE('',*,*,#5195,.F.);
#7414=ORIENTED_EDGE('',*,*,#5196,.F.);
#7415=ORIENTED_EDGE('',*,*,#5195,.T.);
#7416=ORIENTED_EDGE('',*,*,#5197,.F.);
#7417=ORIENTED_EDGE('',*,*,#5198,.F.);
#7418=ORIENTED_EDGE('',*,*,#5199,.F.);
#7419=ORIENTED_EDGE('',*,*,#5198,.T.);
#7420=ORIENTED_EDGE('',*,*,#5200,.F.);
#7421=ORIENTED_EDGE('',*,*,#5201,.F.);
#7422=ORIENTED_EDGE('',*,*,#5202,.F.);
#7423=ORIENTED_EDGE('',*,*,#5201,.T.);
#7424=ORIENTED_EDGE('',*,*,#5203,.F.);
#7425=ORIENTED_EDGE('',*,*,#5204,.F.);
#7426=ORIENTED_EDGE('',*,*,#5205,.F.);
#7427=ORIENTED_EDGE('',*,*,#5204,.T.);
#7428=ORIENTED_EDGE('',*,*,#5206,.F.);
#7429=ORIENTED_EDGE('',*,*,#5207,.F.);
#7430=ORIENTED_EDGE('',*,*,#5208,.F.);
#7431=ORIENTED_EDGE('',*,*,#5207,.T.);
#7432=ORIENTED_EDGE('',*,*,#5209,.F.);
#7433=ORIENTED_EDGE('',*,*,#5210,.F.);
#7434=ORIENTED_EDGE('',*,*,#5211,.F.);
#7435=ORIENTED_EDGE('',*,*,#5210,.T.);
#7436=ORIENTED_EDGE('',*,*,#5212,.F.);
#7437=ORIENTED_EDGE('',*,*,#5193,.F.);
#7438=ORIENTED_EDGE('',*,*,#5213,.F.);
#7439=ORIENTED_EDGE('',*,*,#5214,.T.);
#7440=ORIENTED_EDGE('',*,*,#5215,.F.);
#7441=ORIENTED_EDGE('',*,*,#5216,.F.);
#7442=ORIENTED_EDGE('',*,*,#5217,.F.);
#7443=ORIENTED_EDGE('',*,*,#5216,.T.);
#7444=ORIENTED_EDGE('',*,*,#5218,.F.);
#7445=ORIENTED_EDGE('',*,*,#5219,.F.);
#7446=ORIENTED_EDGE('',*,*,#5220,.F.);
#7447=ORIENTED_EDGE('',*,*,#5219,.T.);
#7448=ORIENTED_EDGE('',*,*,#5221,.F.);
#7449=ORIENTED_EDGE('',*,*,#5222,.F.);
#7450=ORIENTED_EDGE('',*,*,#5223,.F.);
#7451=ORIENTED_EDGE('',*,*,#5222,.T.);
#7452=ORIENTED_EDGE('',*,*,#5224,.F.);
#7453=ORIENTED_EDGE('',*,*,#5225,.F.);
#7454=ORIENTED_EDGE('',*,*,#5226,.F.);
#7455=ORIENTED_EDGE('',*,*,#5225,.T.);
#7456=ORIENTED_EDGE('',*,*,#5227,.F.);
#7457=ORIENTED_EDGE('',*,*,#5228,.F.);
#7458=ORIENTED_EDGE('',*,*,#5229,.F.);
#7459=ORIENTED_EDGE('',*,*,#5228,.T.);
#7460=ORIENTED_EDGE('',*,*,#5230,.F.);
#7461=ORIENTED_EDGE('',*,*,#5231,.F.);
#7462=ORIENTED_EDGE('',*,*,#5232,.F.);
#7463=ORIENTED_EDGE('',*,*,#5231,.T.);
#7464=ORIENTED_EDGE('',*,*,#5233,.F.);
#7465=ORIENTED_EDGE('',*,*,#5234,.F.);
#7466=ORIENTED_EDGE('',*,*,#5235,.F.);
#7467=ORIENTED_EDGE('',*,*,#5234,.T.);
#7468=ORIENTED_EDGE('',*,*,#5236,.F.);
#7469=ORIENTED_EDGE('',*,*,#5237,.F.);
#7470=ORIENTED_EDGE('',*,*,#5238,.F.);
#7471=ORIENTED_EDGE('',*,*,#5237,.T.);
#7472=ORIENTED_EDGE('',*,*,#5239,.F.);
#7473=ORIENTED_EDGE('',*,*,#5214,.F.);
#7474=ORIENTED_EDGE('',*,*,#5239,.T.);
#7475=ORIENTED_EDGE('',*,*,#5236,.T.);
#7476=ORIENTED_EDGE('',*,*,#5233,.T.);
#7477=ORIENTED_EDGE('',*,*,#5230,.T.);
#7478=ORIENTED_EDGE('',*,*,#5227,.T.);
#7479=ORIENTED_EDGE('',*,*,#5224,.T.);
#7480=ORIENTED_EDGE('',*,*,#5221,.T.);
#7481=ORIENTED_EDGE('',*,*,#5218,.T.);
#7482=ORIENTED_EDGE('',*,*,#5215,.T.);
#7483=ORIENTED_EDGE('',*,*,#5212,.T.);
#7484=ORIENTED_EDGE('',*,*,#5209,.T.);
#7485=ORIENTED_EDGE('',*,*,#5206,.T.);
#7486=ORIENTED_EDGE('',*,*,#5203,.T.);
#7487=ORIENTED_EDGE('',*,*,#5200,.T.);
#7488=ORIENTED_EDGE('',*,*,#5197,.T.);
#7489=ORIENTED_EDGE('',*,*,#5194,.T.);
#7490=ORIENTED_EDGE('',*,*,#5238,.T.);
#7491=ORIENTED_EDGE('',*,*,#5213,.T.);
#7492=ORIENTED_EDGE('',*,*,#5217,.T.);
#7493=ORIENTED_EDGE('',*,*,#5220,.T.);
#7494=ORIENTED_EDGE('',*,*,#5223,.T.);
#7495=ORIENTED_EDGE('',*,*,#5226,.T.);
#7496=ORIENTED_EDGE('',*,*,#5229,.T.);
#7497=ORIENTED_EDGE('',*,*,#5232,.T.);
#7498=ORIENTED_EDGE('',*,*,#5235,.T.);
#7499=ORIENTED_EDGE('',*,*,#5211,.T.);
#7500=ORIENTED_EDGE('',*,*,#5192,.T.);
#7501=ORIENTED_EDGE('',*,*,#5196,.T.);
#7502=ORIENTED_EDGE('',*,*,#5199,.T.);
#7503=ORIENTED_EDGE('',*,*,#5202,.T.);
#7504=ORIENTED_EDGE('',*,*,#5205,.T.);
#7505=ORIENTED_EDGE('',*,*,#5208,.T.);
#7506=ORIENTED_EDGE('',*,*,#5240,.F.);
#7507=ORIENTED_EDGE('',*,*,#5241,.T.);
#7508=ORIENTED_EDGE('',*,*,#5242,.F.);
#7509=ORIENTED_EDGE('',*,*,#5243,.F.);
#7510=ORIENTED_EDGE('',*,*,#5244,.F.);
#7511=ORIENTED_EDGE('',*,*,#5243,.T.);
#7512=ORIENTED_EDGE('',*,*,#5245,.F.);
#7513=ORIENTED_EDGE('',*,*,#5246,.F.);
#7514=ORIENTED_EDGE('',*,*,#5247,.F.);
#7515=ORIENTED_EDGE('',*,*,#5246,.T.);
#7516=ORIENTED_EDGE('',*,*,#5248,.F.);
#7517=ORIENTED_EDGE('',*,*,#5249,.F.);
#7518=ORIENTED_EDGE('',*,*,#5250,.F.);
#7519=ORIENTED_EDGE('',*,*,#5249,.T.);
#7520=ORIENTED_EDGE('',*,*,#5251,.F.);
#7521=ORIENTED_EDGE('',*,*,#5252,.F.);
#7522=ORIENTED_EDGE('',*,*,#5253,.F.);
#7523=ORIENTED_EDGE('',*,*,#5252,.T.);
#7524=ORIENTED_EDGE('',*,*,#5254,.F.);
#7525=ORIENTED_EDGE('',*,*,#5255,.F.);
#7526=ORIENTED_EDGE('',*,*,#5256,.F.);
#7527=ORIENTED_EDGE('',*,*,#5255,.T.);
#7528=ORIENTED_EDGE('',*,*,#5257,.F.);
#7529=ORIENTED_EDGE('',*,*,#5258,.F.);
#7530=ORIENTED_EDGE('',*,*,#5259,.F.);
#7531=ORIENTED_EDGE('',*,*,#5258,.T.);
#7532=ORIENTED_EDGE('',*,*,#5260,.F.);
#7533=ORIENTED_EDGE('',*,*,#5261,.F.);
#7534=ORIENTED_EDGE('',*,*,#5262,.F.);
#7535=ORIENTED_EDGE('',*,*,#5261,.T.);
#7536=ORIENTED_EDGE('',*,*,#5263,.F.);
#7537=ORIENTED_EDGE('',*,*,#5264,.F.);
#7538=ORIENTED_EDGE('',*,*,#5265,.F.);
#7539=ORIENTED_EDGE('',*,*,#5264,.T.);
#7540=ORIENTED_EDGE('',*,*,#5266,.F.);
#7541=ORIENTED_EDGE('',*,*,#5267,.F.);
#7542=ORIENTED_EDGE('',*,*,#5268,.F.);
#7543=ORIENTED_EDGE('',*,*,#5267,.T.);
#7544=ORIENTED_EDGE('',*,*,#5269,.F.);
#7545=ORIENTED_EDGE('',*,*,#5270,.F.);
#7546=ORIENTED_EDGE('',*,*,#5271,.F.);
#7547=ORIENTED_EDGE('',*,*,#5270,.T.);
#7548=ORIENTED_EDGE('',*,*,#5272,.F.);
#7549=ORIENTED_EDGE('',*,*,#5273,.F.);
#7550=ORIENTED_EDGE('',*,*,#5274,.F.);
#7551=ORIENTED_EDGE('',*,*,#5273,.T.);
#7552=ORIENTED_EDGE('',*,*,#5275,.F.);
#7553=ORIENTED_EDGE('',*,*,#5276,.F.);
#7554=ORIENTED_EDGE('',*,*,#5277,.F.);
#7555=ORIENTED_EDGE('',*,*,#5276,.T.);
#7556=ORIENTED_EDGE('',*,*,#5278,.F.);
#7557=ORIENTED_EDGE('',*,*,#5279,.F.);
#7558=ORIENTED_EDGE('',*,*,#5280,.F.);
#7559=ORIENTED_EDGE('',*,*,#5279,.T.);
#7560=ORIENTED_EDGE('',*,*,#5281,.F.);
#7561=ORIENTED_EDGE('',*,*,#5282,.F.);
#7562=ORIENTED_EDGE('',*,*,#5283,.F.);
#7563=ORIENTED_EDGE('',*,*,#5282,.T.);
#7564=ORIENTED_EDGE('',*,*,#5284,.F.);
#7565=ORIENTED_EDGE('',*,*,#5285,.F.);
#7566=ORIENTED_EDGE('',*,*,#5286,.F.);
#7567=ORIENTED_EDGE('',*,*,#5285,.T.);
#7568=ORIENTED_EDGE('',*,*,#5287,.F.);
#7569=ORIENTED_EDGE('',*,*,#5241,.F.);
#7570=ORIENTED_EDGE('',*,*,#5287,.T.);
#7571=ORIENTED_EDGE('',*,*,#5284,.T.);
#7572=ORIENTED_EDGE('',*,*,#5281,.T.);
#7573=ORIENTED_EDGE('',*,*,#5278,.T.);
#7574=ORIENTED_EDGE('',*,*,#5275,.T.);
#7575=ORIENTED_EDGE('',*,*,#5272,.T.);
#7576=ORIENTED_EDGE('',*,*,#5269,.T.);
#7577=ORIENTED_EDGE('',*,*,#5266,.T.);
#7578=ORIENTED_EDGE('',*,*,#5263,.T.);
#7579=ORIENTED_EDGE('',*,*,#5260,.T.);
#7580=ORIENTED_EDGE('',*,*,#5257,.T.);
#7581=ORIENTED_EDGE('',*,*,#5254,.T.);
#7582=ORIENTED_EDGE('',*,*,#5251,.T.);
#7583=ORIENTED_EDGE('',*,*,#5248,.T.);
#7584=ORIENTED_EDGE('',*,*,#5245,.T.);
#7585=ORIENTED_EDGE('',*,*,#5242,.T.);
#7586=ORIENTED_EDGE('',*,*,#5286,.T.);
#7587=ORIENTED_EDGE('',*,*,#5240,.T.);
#7588=ORIENTED_EDGE('',*,*,#5244,.T.);
#7589=ORIENTED_EDGE('',*,*,#5247,.T.);
#7590=ORIENTED_EDGE('',*,*,#5250,.T.);
#7591=ORIENTED_EDGE('',*,*,#5253,.T.);
#7592=ORIENTED_EDGE('',*,*,#5256,.T.);
#7593=ORIENTED_EDGE('',*,*,#5259,.T.);
#7594=ORIENTED_EDGE('',*,*,#5262,.T.);
#7595=ORIENTED_EDGE('',*,*,#5265,.T.);
#7596=ORIENTED_EDGE('',*,*,#5268,.T.);
#7597=ORIENTED_EDGE('',*,*,#5271,.T.);
#7598=ORIENTED_EDGE('',*,*,#5274,.T.);
#7599=ORIENTED_EDGE('',*,*,#5277,.T.);
#7600=ORIENTED_EDGE('',*,*,#5280,.T.);
#7601=ORIENTED_EDGE('',*,*,#5283,.T.);
#7602=ORIENTED_EDGE('',*,*,#5288,.F.);
#7603=ORIENTED_EDGE('',*,*,#5289,.T.);
#7604=ORIENTED_EDGE('',*,*,#5290,.F.);
#7605=ORIENTED_EDGE('',*,*,#5291,.F.);
#7606=ORIENTED_EDGE('',*,*,#5292,.F.);
#7607=ORIENTED_EDGE('',*,*,#5291,.T.);
#7608=ORIENTED_EDGE('',*,*,#5293,.F.);
#7609=ORIENTED_EDGE('',*,*,#5294,.F.);
#7610=ORIENTED_EDGE('',*,*,#5295,.F.);
#7611=ORIENTED_EDGE('',*,*,#5294,.T.);
#7612=ORIENTED_EDGE('',*,*,#5296,.F.);
#7613=ORIENTED_EDGE('',*,*,#5297,.F.);
#7614=ORIENTED_EDGE('',*,*,#5298,.F.);
#7615=ORIENTED_EDGE('',*,*,#5297,.T.);
#7616=ORIENTED_EDGE('',*,*,#5299,.F.);
#7617=ORIENTED_EDGE('',*,*,#5300,.F.);
#7618=ORIENTED_EDGE('',*,*,#5301,.F.);
#7619=ORIENTED_EDGE('',*,*,#5300,.T.);
#7620=ORIENTED_EDGE('',*,*,#5302,.F.);
#7621=ORIENTED_EDGE('',*,*,#5303,.F.);
#7622=ORIENTED_EDGE('',*,*,#5304,.F.);
#7623=ORIENTED_EDGE('',*,*,#5303,.T.);
#7624=ORIENTED_EDGE('',*,*,#5305,.F.);
#7625=ORIENTED_EDGE('',*,*,#5306,.F.);
#7626=ORIENTED_EDGE('',*,*,#5307,.F.);
#7627=ORIENTED_EDGE('',*,*,#5306,.T.);
#7628=ORIENTED_EDGE('',*,*,#5308,.F.);
#7629=ORIENTED_EDGE('',*,*,#5309,.F.);
#7630=ORIENTED_EDGE('',*,*,#5310,.F.);
#7631=ORIENTED_EDGE('',*,*,#5309,.T.);
#7632=ORIENTED_EDGE('',*,*,#5311,.F.);
#7633=ORIENTED_EDGE('',*,*,#5312,.F.);
#7634=ORIENTED_EDGE('',*,*,#5313,.F.);
#7635=ORIENTED_EDGE('',*,*,#5312,.T.);
#7636=ORIENTED_EDGE('',*,*,#5314,.F.);
#7637=ORIENTED_EDGE('',*,*,#5315,.F.);
#7638=ORIENTED_EDGE('',*,*,#5316,.F.);
#7639=ORIENTED_EDGE('',*,*,#5315,.T.);
#7640=ORIENTED_EDGE('',*,*,#5317,.F.);
#7641=ORIENTED_EDGE('',*,*,#5289,.F.);
#7642=ORIENTED_EDGE('',*,*,#5317,.T.);
#7643=ORIENTED_EDGE('',*,*,#5314,.T.);
#7644=ORIENTED_EDGE('',*,*,#5311,.T.);
#7645=ORIENTED_EDGE('',*,*,#5308,.T.);
#7646=ORIENTED_EDGE('',*,*,#5305,.T.);
#7647=ORIENTED_EDGE('',*,*,#5302,.T.);
#7648=ORIENTED_EDGE('',*,*,#5299,.T.);
#7649=ORIENTED_EDGE('',*,*,#5296,.T.);
#7650=ORIENTED_EDGE('',*,*,#5293,.T.);
#7651=ORIENTED_EDGE('',*,*,#5290,.T.);
#7652=ORIENTED_EDGE('',*,*,#5316,.T.);
#7653=ORIENTED_EDGE('',*,*,#5288,.T.);
#7654=ORIENTED_EDGE('',*,*,#5292,.T.);
#7655=ORIENTED_EDGE('',*,*,#5295,.T.);
#7656=ORIENTED_EDGE('',*,*,#5298,.T.);
#7657=ORIENTED_EDGE('',*,*,#5301,.T.);
#7658=ORIENTED_EDGE('',*,*,#5304,.T.);
#7659=ORIENTED_EDGE('',*,*,#5307,.T.);
#7660=ORIENTED_EDGE('',*,*,#5310,.T.);
#7661=ORIENTED_EDGE('',*,*,#5313,.T.);
#7662=CYLINDRICAL_SURFACE('',#8212,1.25);
#7663=CYLINDRICAL_SURFACE('',#8216,1.25);
#7664=CYLINDRICAL_SURFACE('',#8220,1.25);
#7665=CYLINDRICAL_SURFACE('',#8224,1.25);
#7666=CYLINDRICAL_SURFACE('',#8236,2.99999999999999);
#7667=CYLINDRICAL_SURFACE('',#8239,2.99999999999999);
#7668=CYLINDRICAL_SURFACE('',#8245,2.99999999999999);
#7669=CYLINDRICAL_SURFACE('',#8249,2.99999999999999);
#7670=CYLINDRICAL_SURFACE('',#8254,4.99999999999999);
#7671=CYLINDRICAL_SURFACE('',#8258,4.99999999999999);
#7672=CYLINDRICAL_SURFACE('',#8262,4.99999999999999);
#7673=CYLINDRICAL_SURFACE('',#8266,5.);
#7674=CYLINDRICAL_SURFACE('',#8270,1.);
#7675=CYLINDRICAL_SURFACE('',#8273,1.);
#7676=CYLINDRICAL_SURFACE('',#8275,1.);
#7677=CYLINDRICAL_SURFACE('',#8277,1.);
#7678=CYLINDRICAL_SURFACE('',#8282,1.);
#7679=CYLINDRICAL_SURFACE('',#8285,1.);
#7680=CYLINDRICAL_SURFACE('',#8288,1.);
#7681=CYLINDRICAL_SURFACE('',#8289,1.);
#7682=CYLINDRICAL_SURFACE('',#8294,3.5);
#7683=CYLINDRICAL_SURFACE('',#8313,3.);
#7684=CYLINDRICAL_SURFACE('',#8316,3.);
#7685=CYLINDRICAL_SURFACE('',#8319,1.);
#7686=CYLINDRICAL_SURFACE('',#8323,1.);
#7687=CYLINDRICAL_SURFACE('',#8327,0.999999999999996);
#7688=CYLINDRICAL_SURFACE('',#8331,0.999999999999996);
#7689=CYLINDRICAL_SURFACE('',#8335,3.);
#7690=CYLINDRICAL_SURFACE('',#8339,3.);
#7691=CYLINDRICAL_SURFACE('',#8343,3.);
#7692=CYLINDRICAL_SURFACE('',#8347,3.);
#7693=CYLINDRICAL_SURFACE('',#8351,3.);
#7694=CYLINDRICAL_SURFACE('',#8354,3.);
#7695=CYLINDRICAL_SURFACE('',#8359,0.949999999999998);
#7696=CYLINDRICAL_SURFACE('',#8364,0.950000000000002);
#7697=CYLINDRICAL_SURFACE('',#8369,0.949999999999998);
#7698=CYLINDRICAL_SURFACE('',#8374,0.950000000000002);
#7699=CYLINDRICAL_SURFACE('',#8379,2.99999999999999);
#7700=CYLINDRICAL_SURFACE('',#8382,2.99999999999999);
#7701=CYLINDRICAL_SURFACE('',#8385,3.);
#7702=CYLINDRICAL_SURFACE('',#8388,3.);
#7703=CYLINDRICAL_SURFACE('',#8391,2.99999999999999);
#7704=CYLINDRICAL_SURFACE('',#8394,2.99999999999999);
#7705=CYLINDRICAL_SURFACE('',#8405,2.99999999999999);
#7706=CYLINDRICAL_SURFACE('',#8407,2.99999999999999);
#7707=CYLINDRICAL_SURFACE('',#8414,4.99999999999999);
#7708=CYLINDRICAL_SURFACE('',#8418,5.);
#7709=CYLINDRICAL_SURFACE('',#8422,5.);
#7710=CYLINDRICAL_SURFACE('',#8426,4.99999999999999);
#7711=CYLINDRICAL_SURFACE('',#8430,3.6);
#7712=CYLINDRICAL_SURFACE('',#8432,3.6);
#7713=CYLINDRICAL_SURFACE('',#8434,3.6);
#7714=CYLINDRICAL_SURFACE('',#8436,3.6);
#7715=CYLINDRICAL_SURFACE('',#8438,3.6);
#7716=CYLINDRICAL_SURFACE('',#8445,4.5);
#7717=CYLINDRICAL_SURFACE('',#8451,1.65);
#7718=CYLINDRICAL_SURFACE('',#8457,4.5);
#7719=CYLINDRICAL_SURFACE('',#8460,1.65);
#7720=CYLINDRICAL_SURFACE('',#8466,4.5);
#7721=CYLINDRICAL_SURFACE('',#8469,1.65);
#7722=CYLINDRICAL_SURFACE('',#8475,4.5);
#7723=CYLINDRICAL_SURFACE('',#8478,1.65);
#7724=CYLINDRICAL_SURFACE('',#8484,4.5);
#7725=CYLINDRICAL_SURFACE('',#8487,1.65);
#7726=ADVANCED_FACE('',(#887),#7662,.F.);
#7727=ADVANCED_FACE('',(#888),#668,.T.);
#7728=ADVANCED_FACE('',(#889),#7663,.F.);
#7729=ADVANCED_FACE('',(#890),#669,.T.);
#7730=ADVANCED_FACE('',(#891),#7664,.F.);
#7731=ADVANCED_FACE('',(#892),#670,.T.);
#7732=ADVANCED_FACE('',(#893),#7665,.F.);
#7733=ADVANCED_FACE('',(#894),#671,.T.);
#7734=ADVANCED_FACE('',(#895),#672,.F.);
#7735=ADVANCED_FACE('',(#896),#673,.F.);
#7736=ADVANCED_FACE('',(#897),#674,.F.);
#7737=ADVANCED_FACE('',(#898),#675,.F.);
#7738=ADVANCED_FACE('',(#899),#676,.F.);
#7739=ADVANCED_FACE('',(#900),#677,.F.);
#7740=ADVANCED_FACE('',(#901),#678,.F.);
#7741=ADVANCED_FACE('',(#902),#679,.F.);
#7742=ADVANCED_FACE('',(#903),#7666,.F.);
#7743=ADVANCED_FACE('',(#904),#7667,.F.);
#7744=ADVANCED_FACE('',(#905),#680,.T.);
#7745=ADVANCED_FACE('',(#906),#681,.T.);
#7746=ADVANCED_FACE('',(#907),#682,.T.);
#7747=ADVANCED_FACE('',(#908),#7668,.F.);
#7748=ADVANCED_FACE('',(#909),#683,.T.);
#7749=ADVANCED_FACE('',(#910),#7669,.F.);
#7750=ADVANCED_FACE('',(#911,#603),#684,.T.);
#7751=ADVANCED_FACE('',(#912),#7670,.T.);
#7752=ADVANCED_FACE('',(#913,#604,#605),#685,.T.);
#7753=ADVANCED_FACE('',(#914),#7671,.T.);
#7754=ADVANCED_FACE('',(#915),#686,.T.);
#7755=ADVANCED_FACE('',(#916),#7672,.T.);
#7756=ADVANCED_FACE('',(#917,#606),#687,.T.);
#7757=ADVANCED_FACE('',(#918),#7673,.T.);
#7758=ADVANCED_FACE('',(#919,#607),#688,.F.);
#7759=ADVANCED_FACE('',(#920),#7674,.T.);
#7760=ADVANCED_FACE('',(#921),#7675,.T.);
#7761=ADVANCED_FACE('',(#922),#7676,.T.);
#7762=ADVANCED_FACE('',(#923),#7677,.T.);
#7763=ADVANCED_FACE('',(#924),#689,.F.);
#7764=ADVANCED_FACE('',(#925),#690,.F.);
#7765=ADVANCED_FACE('',(#926),#691,.F.);
#7766=ADVANCED_FACE('',(#927),#692,.F.);
#7767=ADVANCED_FACE('',(#928),#7678,.T.);
#7768=ADVANCED_FACE('',(#929),#7679,.T.);
#7769=ADVANCED_FACE('',(#930),#7680,.T.);
#7770=ADVANCED_FACE('',(#931),#7681,.T.);
#7771=ADVANCED_FACE('',(#932),#693,.F.);
#7772=ADVANCED_FACE('',(#933),#694,.F.);
#7773=ADVANCED_FACE('',(#934),#695,.F.);
#7774=ADVANCED_FACE('',(#935),#696,.F.);
#7775=ADVANCED_FACE('',(#936),#7682,.F.);
#7776=ADVANCED_FACE('',(#937),#697,.F.);
#7777=ADVANCED_FACE('',(#938),#698,.F.);
#7778=ADVANCED_FACE('',(#939),#699,.F.);
#7779=ADVANCED_FACE('',(#940),#700,.F.);
#7780=ADVANCED_FACE('',(#941),#701,.F.);
#7781=ADVANCED_FACE('',(#942),#702,.F.);
#7782=ADVANCED_FACE('',(#943),#703,.F.);
#7783=ADVANCED_FACE('',(#944),#704,.F.);
#7784=ADVANCED_FACE('',(#945),#705,.F.);
#7785=ADVANCED_FACE('',(#946),#706,.F.);
#7786=ADVANCED_FACE('',(#947),#707,.F.);
#7787=ADVANCED_FACE('',(#948),#708,.F.);
#7788=ADVANCED_FACE('',(#949,#608,#609,#610,#611,#612),#709,.T.);
#7789=ADVANCED_FACE('',(#950),#7683,.F.);
#7790=ADVANCED_FACE('',(#951),#710,.F.);
#7791=ADVANCED_FACE('',(#952),#7684,.F.);
#7792=ADVANCED_FACE('',(#953,#613),#711,.F.);
#7793=ADVANCED_FACE('',(#954),#7685,.F.);
#7794=ADVANCED_FACE('',(#955),#712,.T.);
#7795=ADVANCED_FACE('',(#956),#7686,.F.);
#7796=ADVANCED_FACE('',(#957),#713,.T.);
#7797=ADVANCED_FACE('',(#958),#7687,.F.);
#7798=ADVANCED_FACE('',(#959),#714,.T.);
#7799=ADVANCED_FACE('',(#960),#7688,.F.);
#7800=ADVANCED_FACE('',(#961),#715,.T.);
#7801=ADVANCED_FACE('',(#962),#7689,.T.);
#7802=ADVANCED_FACE('',(#963,#614),#716,.T.);
#7803=ADVANCED_FACE('',(#964),#7690,.T.);
#7804=ADVANCED_FACE('',(#965,#615),#717,.T.);
#7805=ADVANCED_FACE('',(#966),#7691,.T.);
#7806=ADVANCED_FACE('',(#967,#616),#718,.T.);
#7807=ADVANCED_FACE('',(#968),#7692,.T.);
#7808=ADVANCED_FACE('',(#969,#617),#719,.T.);
#7809=ADVANCED_FACE('',(#970),#7693,.F.);
#7810=ADVANCED_FACE('',(#971,#618),#720,.F.);
#7811=ADVANCED_FACE('',(#972),#7694,.F.);
#7812=ADVANCED_FACE('',(#973,#619,#620),#721,.F.);
#7813=ADVANCED_FACE('',(#974),#722,.F.);
#7814=ADVANCED_FACE('',(#975,#621,#622,#623,#624),#723,.F.);
#7815=ADVANCED_FACE('',(#976),#7695,.F.);
#7816=ADVANCED_FACE('',(#977),#7696,.F.);
#7817=ADVANCED_FACE('',(#978),#7697,.F.);
#7818=ADVANCED_FACE('',(#979),#7698,.F.);
#7819=ADVANCED_FACE('',(#980),#7699,.F.);
#7820=ADVANCED_FACE('',(#981),#7700,.F.);
#7821=ADVANCED_FACE('',(#982),#7701,.F.);
#7822=ADVANCED_FACE('',(#983),#7702,.F.);
#7823=ADVANCED_FACE('',(#984),#7703,.F.);
#7824=ADVANCED_FACE('',(#985),#7704,.F.);
#7825=ADVANCED_FACE('',(#986,#625,#626,#627,#628,#629,#630),#724,.F.);
#7826=ADVANCED_FACE('',(#987),#7705,.F.);
#7827=ADVANCED_FACE('',(#988),#7706,.F.);
#7828=ADVANCED_FACE('',(#989),#725,.T.);
#7829=ADVANCED_FACE('',(#990),#726,.T.);
#7830=ADVANCED_FACE('',(#991),#727,.T.);
#7831=ADVANCED_FACE('',(#992),#728,.T.);
#7832=ADVANCED_FACE('',(#993),#729,.T.);
#7833=ADVANCED_FACE('',(#994),#7707,.T.);
#7834=ADVANCED_FACE('',(#995),#730,.T.);
#7835=ADVANCED_FACE('',(#996),#7708,.T.);
#7836=ADVANCED_FACE('',(#997),#731,.T.);
#7837=ADVANCED_FACE('',(#998),#7709,.T.);
#7838=ADVANCED_FACE('',(#999),#732,.T.);
#7839=ADVANCED_FACE('',(#1000),#7710,.T.);
#7840=ADVANCED_FACE('',(#1001,#631),#733,.F.);
#7841=ADVANCED_FACE('',(#1002),#7711,.F.);
#7842=ADVANCED_FACE('',(#1003),#7712,.F.);
#7843=ADVANCED_FACE('',(#1004),#7713,.F.);
#7844=ADVANCED_FACE('',(#1005),#7714,.F.);
#7845=ADVANCED_FACE('',(#1006),#7715,.F.);
#7846=ADVANCED_FACE('',(#1007),#734,.F.);
#7847=ADVANCED_FACE('',(#1008),#735,.F.);
#7848=ADVANCED_FACE('',(#1009),#736,.F.);
#7849=ADVANCED_FACE('',(#1010),#737,.F.);
#7850=ADVANCED_FACE('',(#1011,#632,#633,#634,#635,#636,#637,#638,#639,#640,
#641),#738,.T.);
#7851=ADVANCED_FACE('',(#1012),#7716,.T.);
#7852=ADVANCED_FACE('',(#1013),#739,.T.);
#7853=ADVANCED_FACE('',(#1014,#642),#740,.F.);
#7854=ADVANCED_FACE('',(#1015),#7717,.T.);
#7855=ADVANCED_FACE('',(#1016),#741,.F.);
#7856=ADVANCED_FACE('',(#1017,#643),#742,.F.);
#7857=ADVANCED_FACE('',(#1018),#7718,.T.);
#7858=ADVANCED_FACE('',(#1019),#743,.T.);
#7859=ADVANCED_FACE('',(#1020),#7719,.T.);
#7860=ADVANCED_FACE('',(#1021),#744,.F.);
#7861=ADVANCED_FACE('',(#1022,#644),#745,.F.);
#7862=ADVANCED_FACE('',(#1023),#7720,.T.);
#7863=ADVANCED_FACE('',(#1024),#746,.T.);
#7864=ADVANCED_FACE('',(#1025),#7721,.T.);
#7865=ADVANCED_FACE('',(#1026),#747,.F.);
#7866=ADVANCED_FACE('',(#1027,#645),#748,.F.);
#7867=ADVANCED_FACE('',(#1028),#7722,.T.);
#7868=ADVANCED_FACE('',(#1029),#749,.T.);
#7869=ADVANCED_FACE('',(#1030),#7723,.T.);
#7870=ADVANCED_FACE('',(#1031),#750,.F.);
#7871=ADVANCED_FACE('',(#1032,#646),#751,.F.);
#7872=ADVANCED_FACE('',(#1033),#7724,.T.);
#7873=ADVANCED_FACE('',(#1034),#752,.T.);
#7874=ADVANCED_FACE('',(#1035),#7725,.T.);
#7875=ADVANCED_FACE('',(#1036),#753,.F.);
#7876=ADVANCED_FACE('',(#1037),#754,.F.);
#7877=ADVANCED_FACE('',(#1038),#755,.F.);
#7878=ADVANCED_FACE('',(#1039),#756,.F.);
#7879=ADVANCED_FACE('',(#1040),#757,.F.);
#7880=ADVANCED_FACE('',(#1041),#758,.F.);
#7881=ADVANCED_FACE('',(#1042),#759,.T.);
#7882=ADVANCED_FACE('',(#1043,#647),#760,.T.);
#7883=ADVANCED_FACE('',(#1044),#761,.T.);
#7884=ADVANCED_FACE('',(#1045),#762,.T.);
#7885=ADVANCED_FACE('',(#1046),#763,.T.);
#7886=ADVANCED_FACE('',(#1047),#764,.F.);
#7887=ADVANCED_FACE('',(#1048),#369,.T.);
#7888=ADVANCED_FACE('',(#1049),#370,.T.);
#7889=ADVANCED_FACE('',(#1050),#371,.T.);
#7890=ADVANCED_FACE('',(#1051),#372,.T.);
#7891=ADVANCED_FACE('',(#1052),#373,.T.);
#7892=ADVANCED_FACE('',(#1053),#374,.T.);
#7893=ADVANCED_FACE('',(#1054),#375,.T.);
#7894=ADVANCED_FACE('',(#1055),#376,.T.);
#7895=ADVANCED_FACE('',(#1056),#765,.T.);
#7896=ADVANCED_FACE('',(#1057),#766,.T.);
#7897=ADVANCED_FACE('',(#1058),#377,.T.);
#7898=ADVANCED_FACE('',(#1059),#378,.T.);
#7899=ADVANCED_FACE('',(#1060),#379,.T.);
#7900=ADVANCED_FACE('',(#1061),#380,.T.);
#7901=ADVANCED_FACE('',(#1062),#381,.T.);
#7902=ADVANCED_FACE('',(#1063),#382,.T.);
#7903=ADVANCED_FACE('',(#1064),#383,.T.);
#7904=ADVANCED_FACE('',(#1065),#384,.T.);
#7905=ADVANCED_FACE('',(#1066),#767,.T.);
#7906=ADVANCED_FACE('',(#1067),#385,.T.);
#7907=ADVANCED_FACE('',(#1068),#386,.T.);
#7908=ADVANCED_FACE('',(#1069),#768,.T.);
#7909=ADVANCED_FACE('',(#1070),#387,.T.);
#7910=ADVANCED_FACE('',(#1071),#388,.T.);
#7911=ADVANCED_FACE('',(#1072),#389,.T.);
#7912=ADVANCED_FACE('',(#1073),#390,.T.);
#7913=ADVANCED_FACE('',(#1074),#391,.T.);
#7914=ADVANCED_FACE('',(#1075),#392,.T.);
#7915=ADVANCED_FACE('',(#1076),#393,.T.);
#7916=ADVANCED_FACE('',(#1077),#394,.T.);
#7917=ADVANCED_FACE('',(#1078),#395,.T.);
#7918=ADVANCED_FACE('',(#1079),#396,.T.);
#7919=ADVANCED_FACE('',(#1080),#397,.T.);
#7920=ADVANCED_FACE('',(#1081),#398,.T.);
#7921=ADVANCED_FACE('',(#1082),#399,.T.);
#7922=ADVANCED_FACE('',(#1083),#400,.T.);
#7923=ADVANCED_FACE('',(#1084,#648),#769,.T.);
#7924=ADVANCED_FACE('',(#1085,#649),#770,.F.);
#7925=ADVANCED_FACE('',(#1086),#401,.T.);
#7926=ADVANCED_FACE('',(#1087),#402,.T.);
#7927=ADVANCED_FACE('',(#1088),#403,.T.);
#7928=ADVANCED_FACE('',(#1089),#404,.T.);
#7929=ADVANCED_FACE('',(#1090),#405,.T.);
#7930=ADVANCED_FACE('',(#1091),#406,.T.);
#7931=ADVANCED_FACE('',(#1092),#407,.T.);
#7932=ADVANCED_FACE('',(#1093),#408,.T.);
#7933=ADVANCED_FACE('',(#1094),#409,.T.);
#7934=ADVANCED_FACE('',(#1095),#410,.T.);
#7935=ADVANCED_FACE('',(#1096),#411,.T.);
#7936=ADVANCED_FACE('',(#1097),#412,.T.);
#7937=ADVANCED_FACE('',(#1098),#413,.T.);
#7938=ADVANCED_FACE('',(#1099),#414,.T.);
#7939=ADVANCED_FACE('',(#1100),#415,.T.);
#7940=ADVANCED_FACE('',(#1101),#416,.T.);
#7941=ADVANCED_FACE('',(#1102,#650),#771,.T.);
#7942=ADVANCED_FACE('',(#1103,#651),#772,.F.);
#7943=ADVANCED_FACE('',(#1104),#417,.T.);
#7944=ADVANCED_FACE('',(#1105),#418,.T.);
#7945=ADVANCED_FACE('',(#1106),#419,.T.);
#7946=ADVANCED_FACE('',(#1107),#420,.T.);
#7947=ADVANCED_FACE('',(#1108),#421,.T.);
#7948=ADVANCED_FACE('',(#1109),#422,.T.);
#7949=ADVANCED_FACE('',(#1110),#423,.T.);
#7950=ADVANCED_FACE('',(#1111),#424,.T.);
#7951=ADVANCED_FACE('',(#1112),#425,.T.);
#7952=ADVANCED_FACE('',(#1113),#426,.T.);
#7953=ADVANCED_FACE('',(#1114),#427,.T.);
#7954=ADVANCED_FACE('',(#1115),#428,.T.);
#7955=ADVANCED_FACE('',(#1116),#429,.T.);
#7956=ADVANCED_FACE('',(#1117),#430,.T.);
#7957=ADVANCED_FACE('',(#1118),#431,.T.);
#7958=ADVANCED_FACE('',(#1119),#432,.T.);
#7959=ADVANCED_FACE('',(#1120,#652),#773,.T.);
#7960=ADVANCED_FACE('',(#1121,#653),#774,.F.);
#7961=ADVANCED_FACE('',(#1122),#775,.T.);
#7962=ADVANCED_FACE('',(#1123),#776,.T.);
#7963=ADVANCED_FACE('',(#1124),#777,.T.);
#7964=ADVANCED_FACE('',(#1125),#778,.T.);
#7965=ADVANCED_FACE('',(#1126),#779,.T.);
#7966=ADVANCED_FACE('',(#1127),#780,.F.);
#7967=ADVANCED_FACE('',(#1128),#781,.T.);
#7968=ADVANCED_FACE('',(#1129),#433,.T.);
#7969=ADVANCED_FACE('',(#1130),#434,.T.);
#7970=ADVANCED_FACE('',(#1131),#435,.T.);
#7971=ADVANCED_FACE('',(#1132),#436,.T.);
#7972=ADVANCED_FACE('',(#1133),#782,.T.);
#7973=ADVANCED_FACE('',(#1134),#783,.T.);
#7974=ADVANCED_FACE('',(#1135),#784,.T.);
#7975=ADVANCED_FACE('',(#1136),#437,.T.);
#7976=ADVANCED_FACE('',(#1137),#438,.T.);
#7977=ADVANCED_FACE('',(#1138),#439,.T.);
#7978=ADVANCED_FACE('',(#1139),#440,.T.);
#7979=ADVANCED_FACE('',(#1140),#785,.T.);
#7980=ADVANCED_FACE('',(#1141),#786,.T.);
#7981=ADVANCED_FACE('',(#1142),#787,.T.);
#7982=ADVANCED_FACE('',(#1143),#441,.T.);
#7983=ADVANCED_FACE('',(#1144),#442,.T.);
#7984=ADVANCED_FACE('',(#1145),#443,.T.);
#7985=ADVANCED_FACE('',(#1146),#444,.T.);
#7986=ADVANCED_FACE('',(#1147),#445,.T.);
#7987=ADVANCED_FACE('',(#1148),#446,.T.);
#7988=ADVANCED_FACE('',(#1149),#447,.T.);
#7989=ADVANCED_FACE('',(#1150),#448,.T.);
#7990=ADVANCED_FACE('',(#1151),#449,.T.);
#7991=ADVANCED_FACE('',(#1152),#450,.T.);
#7992=ADVANCED_FACE('',(#1153),#788,.T.);
#7993=ADVANCED_FACE('',(#1154),#789,.T.);
#7994=ADVANCED_FACE('',(#1155,#654,#655),#790,.T.);
#7995=ADVANCED_FACE('',(#1156,#656,#657),#791,.F.);
#7996=ADVANCED_FACE('',(#1157),#792,.T.);
#7997=ADVANCED_FACE('',(#1158),#793,.T.);
#7998=ADVANCED_FACE('',(#1159),#794,.T.);
#7999=ADVANCED_FACE('',(#1160),#795,.T.);
#8000=ADVANCED_FACE('',(#1161),#796,.T.);
#8001=ADVANCED_FACE('',(#1162),#797,.T.);
#8002=ADVANCED_FACE('',(#1163),#798,.T.);
#8003=ADVANCED_FACE('',(#1164),#799,.T.);
#8004=ADVANCED_FACE('',(#1165),#800,.T.);
#8005=ADVANCED_FACE('',(#1166),#801,.T.);
#8006=ADVANCED_FACE('',(#1167),#802,.T.);
#8007=ADVANCED_FACE('',(#1168,#658),#803,.T.);
#8008=ADVANCED_FACE('',(#1169,#659),#804,.F.);
#8009=ADVANCED_FACE('',(#1170),#451,.T.);
#8010=ADVANCED_FACE('',(#1171),#452,.T.);
#8011=ADVANCED_FACE('',(#1172),#453,.T.);
#8012=ADVANCED_FACE('',(#1173),#454,.T.);
#8013=ADVANCED_FACE('',(#1174),#455,.T.);
#8014=ADVANCED_FACE('',(#1175),#456,.T.);
#8015=ADVANCED_FACE('',(#1176),#457,.T.);
#8016=ADVANCED_FACE('',(#1177),#458,.T.);
#8017=ADVANCED_FACE('',(#1178),#805,.T.);
#8018=ADVANCED_FACE('',(#1179),#806,.T.);
#8019=ADVANCED_FACE('',(#1180),#459,.T.);
#8020=ADVANCED_FACE('',(#1181),#460,.T.);
#8021=ADVANCED_FACE('',(#1182),#461,.T.);
#8022=ADVANCED_FACE('',(#1183),#462,.T.);
#8023=ADVANCED_FACE('',(#1184),#463,.T.);
#8024=ADVANCED_FACE('',(#1185),#464,.T.);
#8025=ADVANCED_FACE('',(#1186),#465,.T.);
#8026=ADVANCED_FACE('',(#1187),#466,.T.);
#8027=ADVANCED_FACE('',(#1188),#807,.T.);
#8028=ADVANCED_FACE('',(#1189),#467,.T.);
#8029=ADVANCED_FACE('',(#1190),#468,.T.);
#8030=ADVANCED_FACE('',(#1191),#808,.T.);
#8031=ADVANCED_FACE('',(#1192),#469,.T.);
#8032=ADVANCED_FACE('',(#1193),#470,.T.);
#8033=ADVANCED_FACE('',(#1194),#471,.T.);
#8034=ADVANCED_FACE('',(#1195),#472,.T.);
#8035=ADVANCED_FACE('',(#1196),#473,.T.);
#8036=ADVANCED_FACE('',(#1197),#474,.T.);
#8037=ADVANCED_FACE('',(#1198),#475,.T.);
#8038=ADVANCED_FACE('',(#1199),#476,.T.);
#8039=ADVANCED_FACE('',(#1200),#477,.T.);
#8040=ADVANCED_FACE('',(#1201),#478,.T.);
#8041=ADVANCED_FACE('',(#1202),#479,.T.);
#8042=ADVANCED_FACE('',(#1203),#480,.T.);
#8043=ADVANCED_FACE('',(#1204),#481,.T.);
#8044=ADVANCED_FACE('',(#1205),#482,.T.);
#8045=ADVANCED_FACE('',(#1206,#660),#809,.T.);
#8046=ADVANCED_FACE('',(#1207,#661),#810,.F.);
#8047=ADVANCED_FACE('',(#1208),#811,.T.);
#8048=ADVANCED_FACE('',(#1209),#812,.T.);
#8049=ADVANCED_FACE('',(#1210),#813,.T.);
#8050=ADVANCED_FACE('',(#1211),#814,.T.);
#8051=ADVANCED_FACE('',(#1212),#815,.T.);
#8052=ADVANCED_FACE('',(#1213),#816,.F.);
#8053=ADVANCED_FACE('',(#1214),#483,.T.);
#8054=ADVANCED_FACE('',(#1215),#484,.T.);
#8055=ADVANCED_FACE('',(#1216),#485,.T.);
#8056=ADVANCED_FACE('',(#1217),#486,.T.);
#8057=ADVANCED_FACE('',(#1218),#817,.T.);
#8058=ADVANCED_FACE('',(#1219),#818,.T.);
#8059=ADVANCED_FACE('',(#1220),#487,.T.);
#8060=ADVANCED_FACE('',(#1221),#488,.T.);
#8061=ADVANCED_FACE('',(#1222),#489,.T.);
#8062=ADVANCED_FACE('',(#1223),#490,.T.);
#8063=ADVANCED_FACE('',(#1224),#819,.T.);
#8064=ADVANCED_FACE('',(#1225),#491,.T.);
#8065=ADVANCED_FACE('',(#1226),#492,.T.);
#8066=ADVANCED_FACE('',(#1227),#493,.T.);
#8067=ADVANCED_FACE('',(#1228),#494,.T.);
#8068=ADVANCED_FACE('',(#1229),#495,.T.);
#8069=ADVANCED_FACE('',(#1230),#496,.T.);
#8070=ADVANCED_FACE('',(#1231),#497,.T.);
#8071=ADVANCED_FACE('',(#1232),#498,.T.);
#8072=ADVANCED_FACE('',(#1233),#499,.T.);
#8073=ADVANCED_FACE('',(#1234),#500,.T.);
#8074=ADVANCED_FACE('',(#1235),#820,.T.);
#8075=ADVANCED_FACE('',(#1236,#662),#821,.T.);
#8076=ADVANCED_FACE('',(#1237,#663),#822,.F.);
#8077=ADVANCED_FACE('',(#1238),#823,.T.);
#8078=ADVANCED_FACE('',(#1239),#824,.T.);
#8079=ADVANCED_FACE('',(#1240),#501,.T.);
#8080=ADVANCED_FACE('',(#1241),#502,.T.);
#8081=ADVANCED_FACE('',(#1242),#503,.T.);
#8082=ADVANCED_FACE('',(#1243),#504,.T.);
#8083=ADVANCED_FACE('',(#1244),#825,.T.);
#8084=ADVANCED_FACE('',(#1245),#826,.T.);
#8085=ADVANCED_FACE('',(#1246),#827,.T.);
#8086=ADVANCED_FACE('',(#1247),#505,.T.);
#8087=ADVANCED_FACE('',(#1248),#506,.T.);
#8088=ADVANCED_FACE('',(#1249),#507,.T.);
#8089=ADVANCED_FACE('',(#1250),#508,.T.);
#8090=ADVANCED_FACE('',(#1251),#828,.T.);
#8091=ADVANCED_FACE('',(#1252),#829,.T.);
#8092=ADVANCED_FACE('',(#1253),#830,.T.);
#8093=ADVANCED_FACE('',(#1254),#831,.T.);
#8094=ADVANCED_FACE('',(#1255),#832,.F.);
#8095=ADVANCED_FACE('',(#1256),#833,.T.);
#8096=ADVANCED_FACE('',(#1257),#834,.T.);
#8097=ADVANCED_FACE('',(#1258),#835,.T.);
#8098=ADVANCED_FACE('',(#1259),#836,.T.);
#8099=ADVANCED_FACE('',(#1260),#837,.T.);
#8100=ADVANCED_FACE('',(#1261),#509,.T.);
#8101=ADVANCED_FACE('',(#1262),#510,.T.);
#8102=ADVANCED_FACE('',(#1263),#511,.T.);
#8103=ADVANCED_FACE('',(#1264),#838,.T.);
#8104=ADVANCED_FACE('',(#1265),#512,.T.);
#8105=ADVANCED_FACE('',(#1266),#513,.T.);
#8106=ADVANCED_FACE('',(#1267),#514,.T.);
#8107=ADVANCED_FACE('',(#1268),#839,.T.);
#8108=ADVANCED_FACE('',(#1269),#840,.T.);
#8109=ADVANCED_FACE('',(#1270),#841,.F.);
#8110=ADVANCED_FACE('',(#1271),#842,.T.);
#8111=ADVANCED_FACE('',(#1272),#843,.T.);
#8112=ADVANCED_FACE('',(#1273),#844,.T.);
#8113=ADVANCED_FACE('',(#1274),#845,.T.);
#8114=ADVANCED_FACE('',(#1275),#846,.T.);
#8115=ADVANCED_FACE('',(#1276),#847,.F.);
#8116=ADVANCED_FACE('',(#1277),#515,.T.);
#8117=ADVANCED_FACE('',(#1278),#516,.T.);
#8118=ADVANCED_FACE('',(#1279),#517,.T.);
#8119=ADVANCED_FACE('',(#1280),#518,.T.);
#8120=ADVANCED_FACE('',(#1281),#519,.T.);
#8121=ADVANCED_FACE('',(#1282),#520,.T.);
#8122=ADVANCED_FACE('',(#1283),#521,.T.);
#8123=ADVANCED_FACE('',(#1284),#522,.T.);
#8124=ADVANCED_FACE('',(#1285),#848,.T.);
#8125=ADVANCED_FACE('',(#1286),#849,.T.);
#8126=ADVANCED_FACE('',(#1287),#850,.T.);
#8127=ADVANCED_FACE('',(#1288),#523,.T.);
#8128=ADVANCED_FACE('',(#1289),#524,.T.);
#8129=ADVANCED_FACE('',(#1290),#525,.T.);
#8130=ADVANCED_FACE('',(#1291),#526,.T.);
#8131=ADVANCED_FACE('',(#1292),#527,.T.);
#8132=ADVANCED_FACE('',(#1293),#528,.T.);
#8133=ADVANCED_FACE('',(#1294),#529,.T.);
#8134=ADVANCED_FACE('',(#1295),#530,.T.);
#8135=ADVANCED_FACE('',(#1296),#851,.T.);
#8136=ADVANCED_FACE('',(#1297),#852,.T.);
#8137=ADVANCED_FACE('',(#1298,#664),#853,.T.);
#8138=ADVANCED_FACE('',(#1299,#665),#854,.F.);
#8139=ADVANCED_FACE('',(#1300),#855,.T.);
#8140=ADVANCED_FACE('',(#1301),#531,.T.);
#8141=ADVANCED_FACE('',(#1302),#532,.T.);
#8142=ADVANCED_FACE('',(#1303),#533,.T.);
#8143=ADVANCED_FACE('',(#1304),#534,.T.);
#8144=ADVANCED_FACE('',(#1305),#856,.T.);
#8145=ADVANCED_FACE('',(#1306),#857,.T.);
#8146=ADVANCED_FACE('',(#1307),#858,.T.);
#8147=ADVANCED_FACE('',(#1308),#535,.T.);
#8148=ADVANCED_FACE('',(#1309),#536,.T.);
#8149=ADVANCED_FACE('',(#1310),#537,.T.);
#8150=ADVANCED_FACE('',(#1311),#538,.T.);
#8151=ADVANCED_FACE('',(#1312),#859,.T.);
#8152=ADVANCED_FACE('',(#1313),#860,.T.);
#8153=ADVANCED_FACE('',(#1314),#861,.T.);
#8154=ADVANCED_FACE('',(#1315),#862,.T.);
#8155=ADVANCED_FACE('',(#1316,#666),#863,.T.);
#8156=ADVANCED_FACE('',(#1317,#667),#864,.F.);
#8157=ADVANCED_FACE('',(#1318),#865,.T.);
#8158=ADVANCED_FACE('',(#1319),#866,.T.);
#8159=ADVANCED_FACE('',(#1320),#539,.T.);
#8160=ADVANCED_FACE('',(#1321),#540,.T.);
#8161=ADVANCED_FACE('',(#1322),#541,.T.);
#8162=ADVANCED_FACE('',(#1323),#542,.T.);
#8163=ADVANCED_FACE('',(#1324),#867,.T.);
#8164=ADVANCED_FACE('',(#1325),#868,.T.);
#8165=ADVANCED_FACE('',(#1326),#869,.T.);
#8166=ADVANCED_FACE('',(#1327),#543,.T.);
#8167=ADVANCED_FACE('',(#1328),#544,.T.);
#8168=ADVANCED_FACE('',(#1329),#545,.T.);
#8169=ADVANCED_FACE('',(#1330),#546,.T.);
#8170=ADVANCED_FACE('',(#1331),#870,.T.);
#8171=ADVANCED_FACE('',(#1332),#871,.T.);
#8172=ADVANCED_FACE('',(#1333),#872,.T.);
#8173=ADVANCED_FACE('',(#1334),#873,.T.);
#8174=ADVANCED_FACE('',(#1335),#874,.F.);
#8175=ADVANCED_FACE('',(#1336),#875,.T.);
#8176=ADVANCED_FACE('',(#1337),#876,.T.);
#8177=ADVANCED_FACE('',(#1338),#877,.T.);
#8178=ADVANCED_FACE('',(#1339),#878,.T.);
#8179=ADVANCED_FACE('',(#1340),#879,.T.);
#8180=ADVANCED_FACE('',(#1341),#880,.T.);
#8181=ADVANCED_FACE('',(#1342),#881,.T.);
#8182=ADVANCED_FACE('',(#1343),#882,.T.);
#8183=ADVANCED_FACE('',(#1344),#883,.T.);
#8184=ADVANCED_FACE('',(#1345),#884,.T.);
#8185=ADVANCED_FACE('',(#1346),#885,.T.);
#8186=ADVANCED_FACE('',(#1347),#886,.F.);
#8187=CLOSED_SHELL('',(#7726,#7727,#7728,#7729,#7730,#7731,#7732,#7733,
#7734,#7735,#7736,#7737,#7738,#7739,#7740,#7741,#7742,#7743,#7744,#7745,
#7746,#7747,#7748,#7749,#7750,#7751,#7752,#7753,#7754,#7755,#7756,#7757,
#7758,#7759,#7760,#7761,#7762,#7763,#7764,#7765,#7766,#7767,#7768,#7769,
#7770,#7771,#7772,#7773,#7774,#7775,#7776,#7777,#7778,#7779,#7780,#7781,
#7782,#7783,#7784,#7785,#7786,#7787,#7788,#7789,#7790,#7791,#7792,#7793,
#7794,#7795,#7796,#7797,#7798,#7799,#7800,#7801,#7802,#7803,#7804,#7805,
#7806,#7807,#7808,#7809,#7810,#7811,#7812,#7813,#7814));
#8188=CLOSED_SHELL('',(#7815,#7816,#7817,#7818,#7819,#7820,#7821,#7822,
#7823,#7824,#7825,#7826,#7827,#7828,#7829,#7830,#7831,#7832,#7833,#7834,
#7835,#7836,#7837,#7838,#7839,#7840,#7841,#7842,#7843,#7844,#7845,#7846,
#7847,#7848,#7849,#7850));
#8189=CLOSED_SHELL('',(#7851,#7852,#7853,#7854,#7855));
#8190=CLOSED_SHELL('',(#7856,#7857,#7858,#7859,#7860));
#8191=CLOSED_SHELL('',(#7861,#7862,#7863,#7864,#7865));
#8192=CLOSED_SHELL('',(#7866,#7867,#7868,#7869,#7870));
#8193=CLOSED_SHELL('',(#7871,#7872,#7873,#7874,#7875));
#8194=CLOSED_SHELL('',(#7876,#7877,#7878,#7879,#7880,#7881,#7882,#7883,
#7884,#7885,#7886));
#8195=CLOSED_SHELL('',(#7887,#7888,#7889,#7890,#7891,#7892,#7893,#7894,
#7895,#7896,#7897,#7898,#7899,#7900,#7901,#7902,#7903,#7904,#7905,#7906,
#7907,#7908,#7909,#7910,#7911,#7912,#7913,#7914,#7915,#7916,#7917,#7918,
#7919,#7920,#7921,#7922,#7923,#7924));
#8196=CLOSED_SHELL('',(#7925,#7926,#7927,#7928,#7929,#7930,#7931,#7932,
#7933,#7934,#7935,#7936,#7937,#7938,#7939,#7940,#7941,#7942));
#8197=CLOSED_SHELL('',(#7943,#7944,#7945,#7946,#7947,#7948,#7949,#7950,
#7951,#7952,#7953,#7954,#7955,#7956,#7957,#7958,#7959,#7960));
#8198=CLOSED_SHELL('',(#7961,#7962,#7963,#7964,#7965,#7966));
#8199=CLOSED_SHELL('',(#7967,#7968,#7969,#7970,#7971,#7972,#7973,#7974,
#7975,#7976,#7977,#7978,#7979,#7980,#7981,#7982,#7983,#7984,#7985,#7986,
#7987,#7988,#7989,#7990,#7991,#7992,#7993,#7994,#7995));
#8200=CLOSED_SHELL('',(#7996,#7997,#7998,#7999,#8000,#8001,#8002,#8003,
#8004,#8005,#8006,#8007,#8008));
#8201=CLOSED_SHELL('',(#8009,#8010,#8011,#8012,#8013,#8014,#8015,#8016,
#8017,#8018,#8019,#8020,#8021,#8022,#8023,#8024,#8025,#8026,#8027,#8028,
#8029,#8030,#8031,#8032,#8033,#8034,#8035,#8036,#8037,#8038,#8039,#8040,
#8041,#8042,#8043,#8044,#8045,#8046));
#8202=CLOSED_SHELL('',(#8047,#8048,#8049,#8050,#8051,#8052));
#8203=CLOSED_SHELL('',(#8053,#8054,#8055,#8056,#8057,#8058,#8059,#8060,
#8061,#8062,#8063,#8064,#8065,#8066,#8067,#8068,#8069,#8070,#8071,#8072,
#8073,#8074,#8075,#8076));
#8204=CLOSED_SHELL('',(#8077,#8078,#8079,#8080,#8081,#8082,#8083,#8084,
#8085,#8086,#8087,#8088,#8089,#8090,#8091,#8092,#8093,#8094));
#8205=CLOSED_SHELL('',(#8095,#8096,#8097,#8098,#8099,#8100,#8101,#8102,
#8103,#8104,#8105,#8106,#8107,#8108,#8109));
#8206=CLOSED_SHELL('',(#8110,#8111,#8112,#8113,#8114,#8115));
#8207=CLOSED_SHELL('',(#8116,#8117,#8118,#8119,#8120,#8121,#8122,#8123,
#8124,#8125,#8126,#8127,#8128,#8129,#8130,#8131,#8132,#8133,#8134,#8135,
#8136,#8137,#8138));
#8208=CLOSED_SHELL('',(#8139,#8140,#8141,#8142,#8143,#8144,#8145,#8146,
#8147,#8148,#8149,#8150,#8151,#8152,#8153,#8154,#8155,#8156));
#8209=CLOSED_SHELL('',(#8157,#8158,#8159,#8160,#8161,#8162,#8163,#8164,
#8165,#8166,#8167,#8168,#8169,#8170,#8171,#8172,#8173,#8174));
#8210=CLOSED_SHELL('',(#8175,#8176,#8177,#8178,#8179,#8180,#8181,#8182,
#8183,#8184,#8185,#8186));
#8211=AXIS2_PLACEMENT_3D('',#10135,#8623,#8624);
#8212=AXIS2_PLACEMENT_3D('',#10136,#8625,#8626);
#8213=AXIS2_PLACEMENT_3D('',#10138,#8627,#8628);
#8214=AXIS2_PLACEMENT_3D('',#10141,#8630,#8631);
#8215=AXIS2_PLACEMENT_3D('',#10142,#8632,#8633);
#8216=AXIS2_PLACEMENT_3D('',#10143,#8634,#8635);
#8217=AXIS2_PLACEMENT_3D('',#10145,#8636,#8637);
#8218=AXIS2_PLACEMENT_3D('',#10148,#8639,#8640);
#8219=AXIS2_PLACEMENT_3D('',#10149,#8641,#8642);
#8220=AXIS2_PLACEMENT_3D('',#10150,#8643,#8644);
#8221=AXIS2_PLACEMENT_3D('',#10152,#8645,#8646);
#8222=AXIS2_PLACEMENT_3D('',#10155,#8648,#8649);
#8223=AXIS2_PLACEMENT_3D('',#10156,#8650,#8651);
#8224=AXIS2_PLACEMENT_3D('',#10157,#8652,#8653);
#8225=AXIS2_PLACEMENT_3D('',#10159,#8654,#8655);
#8226=AXIS2_PLACEMENT_3D('',#10162,#8657,#8658);
#8227=AXIS2_PLACEMENT_3D('',#10163,#8659,#8660);
#8228=AXIS2_PLACEMENT_3D('',#10164,#8661,#8662);
#8229=AXIS2_PLACEMENT_3D('',#10173,#8667,#8668);
#8230=AXIS2_PLACEMENT_3D('',#10179,#8672,#8673);
#8231=AXIS2_PLACEMENT_3D('',#10185,#8677,#8678);
#8232=AXIS2_PLACEMENT_3D('',#10188,#8681,#8682);
#8233=AXIS2_PLACEMENT_3D('',#10197,#8687,#8688);
#8234=AXIS2_PLACEMENT_3D('',#10203,#8692,#8693);
#8235=AXIS2_PLACEMENT_3D('',#10209,#8697,#8698);
#8236=AXIS2_PLACEMENT_3D('',#10212,#8701,#8702);
#8237=AXIS2_PLACEMENT_3D('',#10215,#8703,#8704);
#8238=AXIS2_PLACEMENT_3D('',#10219,#8706,#8707);
#8239=AXIS2_PLACEMENT_3D('',#10221,#8709,#8710);
#8240=AXIS2_PLACEMENT_3D('',#10224,#8711,#8712);
#8241=AXIS2_PLACEMENT_3D('',#10228,#8714,#8715);
#8242=AXIS2_PLACEMENT_3D('',#10230,#8717,#8718);
#8243=AXIS2_PLACEMENT_3D('',#10233,#8721,#8722);
#8244=AXIS2_PLACEMENT_3D('',#10239,#8726,#8727);
#8245=AXIS2_PLACEMENT_3D('',#10245,#8731,#8732);
#8246=AXIS2_PLACEMENT_3D('',#10247,#8733,#8734);
#8247=AXIS2_PLACEMENT_3D('',#10249,#8735,#8736);
#8248=AXIS2_PLACEMENT_3D('',#10251,#8738,#8739);
#8249=AXIS2_PLACEMENT_3D('',#10257,#8743,#8744);
#8250=AXIS2_PLACEMENT_3D('',#10258,#8745,#8746);
#8251=AXIS2_PLACEMENT_3D('',#10259,#8747,#8748);
#8252=AXIS2_PLACEMENT_3D('',#10260,#8749,#8750);
#8253=AXIS2_PLACEMENT_3D('',#10270,#8755,#8756);
#8254=AXIS2_PLACEMENT_3D('',#10271,#8757,#8758);
#8255=AXIS2_PLACEMENT_3D('',#10273,#8759,#8760);
#8256=AXIS2_PLACEMENT_3D('',#10275,#8761,#8762);
#8257=AXIS2_PLACEMENT_3D('',#10277,#8764,#8765);
#8258=AXIS2_PLACEMENT_3D('',#10307,#8781,#8782);
#8259=AXIS2_PLACEMENT_3D('',#10309,#8783,#8784);
#8260=AXIS2_PLACEMENT_3D('',#10311,#8785,#8786);
#8261=AXIS2_PLACEMENT_3D('',#10313,#8788,#8789);
#8262=AXIS2_PLACEMENT_3D('',#10319,#8793,#8794);
#8263=AXIS2_PLACEMENT_3D('',#10321,#8795,#8796);
#8264=AXIS2_PLACEMENT_3D('',#10323,#8797,#8798);
#8265=AXIS2_PLACEMENT_3D('',#10325,#8800,#8801);
#8266=AXIS2_PLACEMENT_3D('',#10331,#8805,#8806);
#8267=AXIS2_PLACEMENT_3D('',#10332,#8807,#8808);
#8268=AXIS2_PLACEMENT_3D('',#10333,#8809,#8810);
#8269=AXIS2_PLACEMENT_3D('',#10334,#8811,#8812);
#8270=AXIS2_PLACEMENT_3D('',#10335,#8813,#8814);
#8271=AXIS2_PLACEMENT_3D('',#10337,#8815,#8816);
#8272=AXIS2_PLACEMENT_3D('',#10340,#8818,#8819);
#8273=AXIS2_PLACEMENT_3D('',#10341,#8820,#8821);
#8274=AXIS2_PLACEMENT_3D('',#10344,#8823,#8824);
#8275=AXIS2_PLACEMENT_3D('',#10345,#8825,#8826);
#8276=AXIS2_PLACEMENT_3D('',#10348,#8828,#8829);
#8277=AXIS2_PLACEMENT_3D('',#10349,#8830,#8831);
#8278=AXIS2_PLACEMENT_3D('',#10351,#8833,#8834);
#8279=AXIS2_PLACEMENT_3D('',#10357,#8838,#8839);
#8280=AXIS2_PLACEMENT_3D('',#10361,#8842,#8843);
#8281=AXIS2_PLACEMENT_3D('',#10365,#8846,#8847);
#8282=AXIS2_PLACEMENT_3D('',#10367,#8849,#8850);
#8283=AXIS2_PLACEMENT_3D('',#10369,#8851,#8852);
#8284=AXIS2_PLACEMENT_3D('',#10372,#8854,#8855);
#8285=AXIS2_PLACEMENT_3D('',#10373,#8856,#8857);
#8286=AXIS2_PLACEMENT_3D('',#10375,#8858,#8859);
#8287=AXIS2_PLACEMENT_3D('',#10378,#8861,#8862);
#8288=AXIS2_PLACEMENT_3D('',#10379,#8863,#8864);
#8289=AXIS2_PLACEMENT_3D('',#10381,#8866,#8867);
#8290=AXIS2_PLACEMENT_3D('',#10383,#8869,#8870);
#8291=AXIS2_PLACEMENT_3D('',#10389,#8874,#8875);
#8292=AXIS2_PLACEMENT_3D('',#10393,#8878,#8879);
#8293=AXIS2_PLACEMENT_3D('',#10397,#8882,#8883);
#8294=AXIS2_PLACEMENT_3D('',#10399,#8885,#8886);
#8295=AXIS2_PLACEMENT_3D('',#10402,#8888,#8889);
#8296=AXIS2_PLACEMENT_3D('',#10403,#8890,#8891);
#8297=AXIS2_PLACEMENT_3D('',#10409,#8895,#8896);
#8298=AXIS2_PLACEMENT_3D('',#10413,#8899,#8900);
#8299=AXIS2_PLACEMENT_3D('',#10417,#8903,#8904);
#8300=AXIS2_PLACEMENT_3D('',#10421,#8907,#8908);
#8301=AXIS2_PLACEMENT_3D('',#10425,#8911,#8912);
#8302=AXIS2_PLACEMENT_3D('',#10429,#8915,#8916);
#8303=AXIS2_PLACEMENT_3D('',#10433,#8919,#8920);
#8304=AXIS2_PLACEMENT_3D('',#10437,#8923,#8924);
#8305=AXIS2_PLACEMENT_3D('',#10441,#8927,#8928);
#8306=AXIS2_PLACEMENT_3D('',#10445,#8931,#8932);
#8307=AXIS2_PLACEMENT_3D('',#10449,#8935,#8936);
#8308=AXIS2_PLACEMENT_3D('',#10451,#8938,#8939);
#8309=AXIS2_PLACEMENT_3D('',#10456,#8941,#8942);
#8310=AXIS2_PLACEMENT_3D('',#10460,#8944,#8945);
#8311=AXIS2_PLACEMENT_3D('',#10464,#8947,#8948);
#8312=AXIS2_PLACEMENT_3D('',#10467,#8950,#8951);
#8313=AXIS2_PLACEMENT_3D('',#10468,#8952,#8953);
#8314=AXIS2_PLACEMENT_3D('',#10472,#8955,#8956);
#8315=AXIS2_PLACEMENT_3D('',#10474,#8958,#8959);
#8316=AXIS2_PLACEMENT_3D('',#10478,#8962,#8963);
#8317=AXIS2_PLACEMENT_3D('',#10481,#8965,#8966);
#8318=AXIS2_PLACEMENT_3D('',#10482,#8967,#8968);
#8319=AXIS2_PLACEMENT_3D('',#10486,#8971,#8972);
#8320=AXIS2_PLACEMENT_3D('',#10488,#8973,#8974);
#8321=AXIS2_PLACEMENT_3D('',#10491,#8976,#8977);
#8322=AXIS2_PLACEMENT_3D('',#10492,#8978,#8979);
#8323=AXIS2_PLACEMENT_3D('',#10493,#8980,#8981);
#8324=AXIS2_PLACEMENT_3D('',#10495,#8982,#8983);
#8325=AXIS2_PLACEMENT_3D('',#10498,#8985,#8986);
#8326=AXIS2_PLACEMENT_3D('',#10499,#8987,#8988);
#8327=AXIS2_PLACEMENT_3D('',#10500,#8989,#8990);
#8328=AXIS2_PLACEMENT_3D('',#10502,#8991,#8992);
#8329=AXIS2_PLACEMENT_3D('',#10505,#8994,#8995);
#8330=AXIS2_PLACEMENT_3D('',#10506,#8996,#8997);
#8331=AXIS2_PLACEMENT_3D('',#10507,#8998,#8999);
#8332=AXIS2_PLACEMENT_3D('',#10509,#9000,#9001);
#8333=AXIS2_PLACEMENT_3D('',#10512,#9003,#9004);
#8334=AXIS2_PLACEMENT_3D('',#10513,#9005,#9006);
#8335=AXIS2_PLACEMENT_3D('',#10514,#9007,#9008);
#8336=AXIS2_PLACEMENT_3D('',#10516,#9009,#9010);
#8337=AXIS2_PLACEMENT_3D('',#10519,#9012,#9013);
#8338=AXIS2_PLACEMENT_3D('',#10520,#9014,#9015);
#8339=AXIS2_PLACEMENT_3D('',#10521,#9016,#9017);
#8340=AXIS2_PLACEMENT_3D('',#10523,#9018,#9019);
#8341=AXIS2_PLACEMENT_3D('',#10526,#9021,#9022);
#8342=AXIS2_PLACEMENT_3D('',#10527,#9023,#9024);
#8343=AXIS2_PLACEMENT_3D('',#10528,#9025,#9026);
#8344=AXIS2_PLACEMENT_3D('',#10530,#9027,#9028);
#8345=AXIS2_PLACEMENT_3D('',#10533,#9030,#9031);
#8346=AXIS2_PLACEMENT_3D('',#10534,#9032,#9033);
#8347=AXIS2_PLACEMENT_3D('',#10535,#9034,#9035);
#8348=AXIS2_PLACEMENT_3D('',#10537,#9036,#9037);
#8349=AXIS2_PLACEMENT_3D('',#10540,#9039,#9040);
#8350=AXIS2_PLACEMENT_3D('',#10541,#9041,#9042);
#8351=AXIS2_PLACEMENT_3D('',#10542,#9043,#9044);
#8352=AXIS2_PLACEMENT_3D('',#10545,#9046,#9047);
#8353=AXIS2_PLACEMENT_3D('',#10546,#9048,#9049);
#8354=AXIS2_PLACEMENT_3D('',#10550,#9052,#9053);
#8355=AXIS2_PLACEMENT_3D('',#10553,#9055,#9056);
#8356=AXIS2_PLACEMENT_3D('',#10554,#9057,#9058);
#8357=AXIS2_PLACEMENT_3D('',#10556,#9060,#9061);
#8358=AXIS2_PLACEMENT_3D('',#10557,#9062,#9063);
#8359=AXIS2_PLACEMENT_3D('',#10558,#9064,#9065);
#8360=AXIS2_PLACEMENT_3D('',#10560,#9066,#9067);
#8361=AXIS2_PLACEMENT_3D('',#10564,#9069,#9070);
#8362=AXIS2_PLACEMENT_3D('',#10568,#9072,#9073);
#8363=AXIS2_PLACEMENT_3D('',#10571,#9075,#9076);
#8364=AXIS2_PLACEMENT_3D('',#10572,#9077,#9078);
#8365=AXIS2_PLACEMENT_3D('',#10574,#9079,#9080);
#8366=AXIS2_PLACEMENT_3D('',#10578,#9082,#9083);
#8367=AXIS2_PLACEMENT_3D('',#10582,#9085,#9086);
#8368=AXIS2_PLACEMENT_3D('',#10585,#9088,#9089);
#8369=AXIS2_PLACEMENT_3D('',#10586,#9090,#9091);
#8370=AXIS2_PLACEMENT_3D('',#10588,#9092,#9093);
#8371=AXIS2_PLACEMENT_3D('',#10592,#9095,#9096);
#8372=AXIS2_PLACEMENT_3D('',#10596,#9098,#9099);
#8373=AXIS2_PLACEMENT_3D('',#10599,#9101,#9102);
#8374=AXIS2_PLACEMENT_3D('',#10600,#9103,#9104);
#8375=AXIS2_PLACEMENT_3D('',#10602,#9105,#9106);
#8376=AXIS2_PLACEMENT_3D('',#10606,#9108,#9109);
#8377=AXIS2_PLACEMENT_3D('',#10610,#9111,#9112);
#8378=AXIS2_PLACEMENT_3D('',#10613,#9114,#9115);
#8379=AXIS2_PLACEMENT_3D('',#10614,#9116,#9117);
#8380=AXIS2_PLACEMENT_3D('',#10616,#9118,#9119);
#8381=AXIS2_PLACEMENT_3D('',#10619,#9121,#9122);
#8382=AXIS2_PLACEMENT_3D('',#10620,#9123,#9124);
#8383=AXIS2_PLACEMENT_3D('',#10622,#9125,#9126);
#8384=AXIS2_PLACEMENT_3D('',#10625,#9128,#9129);
#8385=AXIS2_PLACEMENT_3D('',#10626,#9130,#9131);
#8386=AXIS2_PLACEMENT_3D('',#10628,#9132,#9133);
#8387=AXIS2_PLACEMENT_3D('',#10631,#9135,#9136);
#8388=AXIS2_PLACEMENT_3D('',#10632,#9137,#9138);
#8389=AXIS2_PLACEMENT_3D('',#10634,#9139,#9140);
#8390=AXIS2_PLACEMENT_3D('',#10637,#9142,#9143);
#8391=AXIS2_PLACEMENT_3D('',#10638,#9144,#9145);
#8392=AXIS2_PLACEMENT_3D('',#10640,#9146,#9147);
#8393=AXIS2_PLACEMENT_3D('',#10643,#9149,#9150);
#8394=AXIS2_PLACEMENT_3D('',#10644,#9151,#9152);
#8395=AXIS2_PLACEMENT_3D('',#10646,#9153,#9154);
#8396=AXIS2_PLACEMENT_3D('',#10649,#9156,#9157);
#8397=AXIS2_PLACEMENT_3D('',#10650,#9158,#9159);
#8398=AXIS2_PLACEMENT_3D('',#10654,#9162,#9163);
#8399=AXIS2_PLACEMENT_3D('',#10656,#9164,#9165);
#8400=AXIS2_PLACEMENT_3D('',#10660,#9168,#9169);
#8401=AXIS2_PLACEMENT_3D('',#10662,#9170,#9171);
#8402=AXIS2_PLACEMENT_3D('',#10664,#9172,#9173);
#8403=AXIS2_PLACEMENT_3D('',#10666,#9174,#9175);
#8404=AXIS2_PLACEMENT_3D('',#10668,#9176,#9177);
#8405=AXIS2_PLACEMENT_3D('',#10677,#9182,#9183);
#8406=AXIS2_PLACEMENT_3D('',#10680,#9185,#9186);
#8407=AXIS2_PLACEMENT_3D('',#10681,#9187,#9188);
#8408=AXIS2_PLACEMENT_3D('',#10683,#9189,#9190);
#8409=AXIS2_PLACEMENT_3D('',#10685,#9192,#9193);
#8410=AXIS2_PLACEMENT_3D('',#10687,#9195,#9196);
#8411=AXIS2_PLACEMENT_3D('',#10689,#9198,#9199);
#8412=AXIS2_PLACEMENT_3D('',#10691,#9201,#9202);
#8413=AXIS2_PLACEMENT_3D('',#10693,#9204,#9205);
#8414=AXIS2_PLACEMENT_3D('',#10702,#9210,#9211);
#8415=AXIS2_PLACEMENT_3D('',#10704,#9212,#9213);
#8416=AXIS2_PLACEMENT_3D('',#10706,#9214,#9215);
#8417=AXIS2_PLACEMENT_3D('',#10708,#9217,#9218);
#8418=AXIS2_PLACEMENT_3D('',#10714,#9222,#9223);
#8419=AXIS2_PLACEMENT_3D('',#10716,#9224,#9225);
#8420=AXIS2_PLACEMENT_3D('',#10718,#9226,#9227);
#8421=AXIS2_PLACEMENT_3D('',#10720,#9229,#9230);
#8422=AXIS2_PLACEMENT_3D('',#10726,#9234,#9235);
#8423=AXIS2_PLACEMENT_3D('',#10728,#9236,#9237);
#8424=AXIS2_PLACEMENT_3D('',#10730,#9238,#9239);
#8425=AXIS2_PLACEMENT_3D('',#10732,#9241,#9242);
#8426=AXIS2_PLACEMENT_3D('',#10738,#9246,#9247);
#8427=AXIS2_PLACEMENT_3D('',#10739,#9248,#9249);
#8428=AXIS2_PLACEMENT_3D('',#10740,#9250,#9251);
#8429=AXIS2_PLACEMENT_3D('',#10741,#9252,#9253);
#8430=AXIS2_PLACEMENT_3D('',#10742,#9254,#9255);
#8431=AXIS2_PLACEMENT_3D('',#10744,#9256,#9257);
#8432=AXIS2_PLACEMENT_3D('',#10746,#9259,#9260);
#8433=AXIS2_PLACEMENT_3D('',#10748,#9261,#9262);
#8434=AXIS2_PLACEMENT_3D('',#10750,#9264,#9265);
#8435=AXIS2_PLACEMENT_3D('',#10752,#9266,#9267);
#8436=AXIS2_PLACEMENT_3D('',#10754,#9269,#9270);
#8437=AXIS2_PLACEMENT_3D('',#10756,#9271,#9272);
#8438=AXIS2_PLACEMENT_3D('',#10758,#9274,#9275);
#8439=AXIS2_PLACEMENT_3D('',#10760,#9276,#9277);
#8440=AXIS2_PLACEMENT_3D('',#10762,#9279,#9280);
#8441=AXIS2_PLACEMENT_3D('',#10768,#9284,#9285);
#8442=AXIS2_PLACEMENT_3D('',#10772,#9288,#9289);
#8443=AXIS2_PLACEMENT_3D('',#10776,#9292,#9293);
#8444=AXIS2_PLACEMENT_3D('',#10778,#9295,#9296);
#8445=AXIS2_PLACEMENT_3D('',#10779,#9297,#9298);
#8446=AXIS2_PLACEMENT_3D('',#10781,#9299,#9300);
#8447=AXIS2_PLACEMENT_3D('',#10784,#9302,#9303);
#8448=AXIS2_PLACEMENT_3D('',#10785,#9304,#9305);
#8449=AXIS2_PLACEMENT_3D('',#10786,#9306,#9307);
#8450=AXIS2_PLACEMENT_3D('',#10788,#9308,#9309);
#8451=AXIS2_PLACEMENT_3D('',#10789,#9310,#9311);
#8452=AXIS2_PLACEMENT_3D('',#10792,#9313,#9314);
#8453=AXIS2_PLACEMENT_3D('',#10793,#9315,#9316);
#8454=AXIS2_PLACEMENT_3D('',#10794,#9317,#9318);
#8455=AXIS2_PLACEMENT_3D('',#10796,#9319,#9320);
#8456=AXIS2_PLACEMENT_3D('',#10798,#9321,#9322);
#8457=AXIS2_PLACEMENT_3D('',#10799,#9323,#9324);
#8458=AXIS2_PLACEMENT_3D('',#10801,#9325,#9326);
#8459=AXIS2_PLACEMENT_3D('',#10803,#9328,#9329);
#8460=AXIS2_PLACEMENT_3D('',#10804,#9330,#9331);
#8461=AXIS2_PLACEMENT_3D('',#10807,#9333,#9334);
#8462=AXIS2_PLACEMENT_3D('',#10808,#9335,#9336);
#8463=AXIS2_PLACEMENT_3D('',#10809,#9337,#9338);
#8464=AXIS2_PLACEMENT_3D('',#10811,#9339,#9340);
#8465=AXIS2_PLACEMENT_3D('',#10813,#9341,#9342);
#8466=AXIS2_PLACEMENT_3D('',#10814,#9343,#9344);
#8467=AXIS2_PLACEMENT_3D('',#10816,#9345,#9346);
#8468=AXIS2_PLACEMENT_3D('',#10818,#9348,#9349);
#8469=AXIS2_PLACEMENT_3D('',#10819,#9350,#9351);
#8470=AXIS2_PLACEMENT_3D('',#10822,#9353,#9354);
#8471=AXIS2_PLACEMENT_3D('',#10823,#9355,#9356);
#8472=AXIS2_PLACEMENT_3D('',#10824,#9357,#9358);
#8473=AXIS2_PLACEMENT_3D('',#10826,#9359,#9360);
#8474=AXIS2_PLACEMENT_3D('',#10828,#9361,#9362);
#8475=AXIS2_PLACEMENT_3D('',#10829,#9363,#9364);
#8476=AXIS2_PLACEMENT_3D('',#10831,#9365,#9366);
#8477=AXIS2_PLACEMENT_3D('',#10833,#9368,#9369);
#8478=AXIS2_PLACEMENT_3D('',#10834,#9370,#9371);
#8479=AXIS2_PLACEMENT_3D('',#10837,#9373,#9374);
#8480=AXIS2_PLACEMENT_3D('',#10838,#9375,#9376);
#8481=AXIS2_PLACEMENT_3D('',#10839,#9377,#9378);
#8482=AXIS2_PLACEMENT_3D('',#10841,#9379,#9380);
#8483=AXIS2_PLACEMENT_3D('',#10843,#9381,#9382);
#8484=AXIS2_PLACEMENT_3D('',#10844,#9383,#9384);
#8485=AXIS2_PLACEMENT_3D('',#10846,#9385,#9386);
#8486=AXIS2_PLACEMENT_3D('',#10848,#9388,#9389);
#8487=AXIS2_PLACEMENT_3D('',#10849,#9390,#9391);
#8488=AXIS2_PLACEMENT_3D('',#10852,#9393,#9394);
#8489=AXIS2_PLACEMENT_3D('',#10853,#9395,#9396);
#8490=AXIS2_PLACEMENT_3D('',#10854,#9397,#9398);
#8491=AXIS2_PLACEMENT_3D('',#10863,#9403,#9404);
#8492=AXIS2_PLACEMENT_3D('',#10869,#9408,#9409);
#8493=AXIS2_PLACEMENT_3D('',#10875,#9413,#9414);
#8494=AXIS2_PLACEMENT_3D('',#10878,#9417,#9418);
#8495=AXIS2_PLACEMENT_3D('',#10879,#9419,#9420);
#8496=AXIS2_PLACEMENT_3D('',#10888,#9425,#9426);
#8497=AXIS2_PLACEMENT_3D('',#10894,#9430,#9431);
#8498=AXIS2_PLACEMENT_3D('',#10898,#9434,#9435);
#8499=AXIS2_PLACEMENT_3D('',#10902,#9438,#9439);
#8500=AXIS2_PLACEMENT_3D('',#10904,#9441,#9442);
#8501=AXIS2_PLACEMENT_3D('',#11092,#9452,#9453);
#8502=AXIS2_PLACEMENT_3D('',#11095,#9456,#9457);
#8503=AXIS2_PLACEMENT_3D('',#11288,#9470,#9471);
#8504=AXIS2_PLACEMENT_3D('',#11340,#9477,#9478);
#8505=AXIS2_PLACEMENT_3D('',#11665,#9495,#9496);
#8506=AXIS2_PLACEMENT_3D('',#11666,#9497,#9498);
#8507=AXIS2_PLACEMENT_3D('',#12035,#9515,#9516);
#8508=AXIS2_PLACEMENT_3D('',#12036,#9517,#9518);
#8509=AXIS2_PLACEMENT_3D('',#12405,#9535,#9536);
#8510=AXIS2_PLACEMENT_3D('',#12406,#9537,#9538);
#8511=AXIS2_PLACEMENT_3D('',#12407,#9539,#9540);
#8512=AXIS2_PLACEMENT_3D('',#12416,#9545,#9546);
#8513=AXIS2_PLACEMENT_3D('',#12422,#9550,#9551);
#8514=AXIS2_PLACEMENT_3D('',#12428,#9555,#9556);
#8515=AXIS2_PLACEMENT_3D('',#12431,#9559,#9560);
#8516=AXIS2_PLACEMENT_3D('',#12432,#9561,#9562);
#8517=AXIS2_PLACEMENT_3D('',#12433,#9563,#9564);
#8518=AXIS2_PLACEMENT_3D('',#12534,#9573,#9574);
#8519=AXIS2_PLACEMENT_3D('',#12540,#9578,#9579);
#8520=AXIS2_PLACEMENT_3D('',#12543,#9582,#9583);
#8521=AXIS2_PLACEMENT_3D('',#12644,#9592,#9593);
#8522=AXIS2_PLACEMENT_3D('',#12650,#9597,#9598);
#8523=AXIS2_PLACEMENT_3D('',#12653,#9601,#9602);
#8524=AXIS2_PLACEMENT_3D('',#12892,#9617,#9618);
#8525=AXIS2_PLACEMENT_3D('',#12898,#9622,#9623);
#8526=AXIS2_PLACEMENT_3D('',#12901,#9626,#9627);
#8527=AXIS2_PLACEMENT_3D('',#12902,#9628,#9629);
#8528=AXIS2_PLACEMENT_3D('',#12903,#9630,#9631);
#8529=AXIS2_PLACEMENT_3D('',#12912,#9636,#9637);
#8530=AXIS2_PLACEMENT_3D('',#12918,#9641,#9642);
#8531=AXIS2_PLACEMENT_3D('',#12921,#9645,#9646);
#8532=AXIS2_PLACEMENT_3D('',#12930,#9651,#9652);
#8533=AXIS2_PLACEMENT_3D('',#12936,#9656,#9657);
#8534=AXIS2_PLACEMENT_3D('',#12942,#9661,#9662);
#8535=AXIS2_PLACEMENT_3D('',#12948,#9666,#9667);
#8536=AXIS2_PLACEMENT_3D('',#12954,#9671,#9672);
#8537=AXIS2_PLACEMENT_3D('',#12960,#9676,#9677);
#8538=AXIS2_PLACEMENT_3D('',#12966,#9681,#9682);
#8539=AXIS2_PLACEMENT_3D('',#12969,#9685,#9686);
#8540=AXIS2_PLACEMENT_3D('',#12970,#9687,#9688);
#8541=AXIS2_PLACEMENT_3D('',#13158,#9698,#9699);
#8542=AXIS2_PLACEMENT_3D('',#13161,#9702,#9703);
#8543=AXIS2_PLACEMENT_3D('',#13354,#9716,#9717);
#8544=AXIS2_PLACEMENT_3D('',#13406,#9723,#9724);
#8545=AXIS2_PLACEMENT_3D('',#13731,#9741,#9742);
#8546=AXIS2_PLACEMENT_3D('',#13732,#9743,#9744);
#8547=AXIS2_PLACEMENT_3D('',#13733,#9745,#9746);
#8548=AXIS2_PLACEMENT_3D('',#13742,#9751,#9752);
#8549=AXIS2_PLACEMENT_3D('',#13748,#9756,#9757);
#8550=AXIS2_PLACEMENT_3D('',#13754,#9761,#9762);
#8551=AXIS2_PLACEMENT_3D('',#13757,#9765,#9766);
#8552=AXIS2_PLACEMENT_3D('',#13758,#9767,#9768);
#8553=AXIS2_PLACEMENT_3D('',#13854,#9774,#9775);
#8554=AXIS2_PLACEMENT_3D('',#13857,#9778,#9779);
#8555=AXIS2_PLACEMENT_3D('',#13958,#9788,#9789);
#8556=AXIS2_PLACEMENT_3D('',#14194,#9803,#9804);
#8557=AXIS2_PLACEMENT_3D('',#14197,#9807,#9808);
#8558=AXIS2_PLACEMENT_3D('',#14198,#9809,#9810);
#8559=AXIS2_PLACEMENT_3D('',#14199,#9811,#9812);
#8560=AXIS2_PLACEMENT_3D('',#14208,#9817,#9818);
#8561=AXIS2_PLACEMENT_3D('',#14306,#9826,#9827);
#8562=AXIS2_PLACEMENT_3D('',#14312,#9831,#9832);
#8563=AXIS2_PLACEMENT_3D('',#14318,#9836,#9837);
#8564=AXIS2_PLACEMENT_3D('',#14416,#9845,#9846);
#8565=AXIS2_PLACEMENT_3D('',#14422,#9850,#9851);
#8566=AXIS2_PLACEMENT_3D('',#14428,#9855,#9856);
#8567=AXIS2_PLACEMENT_3D('',#14431,#9859,#9860);
#8568=AXIS2_PLACEMENT_3D('',#14432,#9861,#9862);
#8569=AXIS2_PLACEMENT_3D('',#14433,#9863,#9864);
#8570=AXIS2_PLACEMENT_3D('',#14442,#9869,#9870);
#8571=AXIS2_PLACEMENT_3D('',#14448,#9874,#9875);
#8572=AXIS2_PLACEMENT_3D('',#14454,#9879,#9880);
#8573=AXIS2_PLACEMENT_3D('',#14460,#9884,#9885);
#8574=AXIS2_PLACEMENT_3D('',#14535,#9892,#9893);
#8575=AXIS2_PLACEMENT_3D('',#14610,#9900,#9901);
#8576=AXIS2_PLACEMENT_3D('',#14613,#9904,#9905);
#8577=AXIS2_PLACEMENT_3D('',#14614,#9906,#9907);
#8578=AXIS2_PLACEMENT_3D('',#14615,#9908,#9909);
#8579=AXIS2_PLACEMENT_3D('',#14624,#9914,#9915);
#8580=AXIS2_PLACEMENT_3D('',#14630,#9919,#9920);
#8581=AXIS2_PLACEMENT_3D('',#14636,#9924,#9925);
#8582=AXIS2_PLACEMENT_3D('',#14639,#9928,#9929);
#8583=AXIS2_PLACEMENT_3D('',#14640,#9930,#9931);
#8584=AXIS2_PLACEMENT_3D('',#14825,#9940,#9941);
#8585=AXIS2_PLACEMENT_3D('',#14834,#9946,#9947);
#8586=AXIS2_PLACEMENT_3D('',#14840,#9951,#9952);
#8587=AXIS2_PLACEMENT_3D('',#15030,#9964,#9965);
#8588=AXIS2_PLACEMENT_3D('',#15036,#9969,#9970);
#8589=AXIS2_PLACEMENT_3D('',#15039,#9973,#9974);
#8590=AXIS2_PLACEMENT_3D('',#15040,#9975,#9976);
#8591=AXIS2_PLACEMENT_3D('',#15041,#9977,#9978);
#8592=AXIS2_PLACEMENT_3D('',#15142,#9987,#9988);
#8593=AXIS2_PLACEMENT_3D('',#15148,#9992,#9993);
#8594=AXIS2_PLACEMENT_3D('',#15151,#9996,#9997);
#8595=AXIS2_PLACEMENT_3D('',#15252,#10006,#10007);
#8596=AXIS2_PLACEMENT_3D('',#15258,#10011,#10012);
#8597=AXIS2_PLACEMENT_3D('',#15264,#10016,#10017);
#8598=AXIS2_PLACEMENT_3D('',#15270,#10021,#10022);
#8599=AXIS2_PLACEMENT_3D('',#15273,#10025,#10026);
#8600=AXIS2_PLACEMENT_3D('',#15274,#10027,#10028);
#8601=AXIS2_PLACEMENT_3D('',#15275,#10029,#10030);
#8602=AXIS2_PLACEMENT_3D('',#15284,#10035,#10036);
#8603=AXIS2_PLACEMENT_3D('',#15382,#10044,#10045);
#8604=AXIS2_PLACEMENT_3D('',#15388,#10049,#10050);
#8605=AXIS2_PLACEMENT_3D('',#15394,#10054,#10055);
#8606=AXIS2_PLACEMENT_3D('',#15492,#10063,#10064);
#8607=AXIS2_PLACEMENT_3D('',#15498,#10068,#10069);
#8608=AXIS2_PLACEMENT_3D('',#15504,#10073,#10074);
#8609=AXIS2_PLACEMENT_3D('',#15507,#10077,#10078);
#8610=AXIS2_PLACEMENT_3D('',#15508,#10079,#10080);
#8611=AXIS2_PLACEMENT_3D('',#15509,#10081,#10082);
#8612=AXIS2_PLACEMENT_3D('',#15518,#10087,#10088);
#8613=AXIS2_PLACEMENT_3D('',#15524,#10092,#10093);
#8614=AXIS2_PLACEMENT_3D('',#15530,#10097,#10098);
#8615=AXIS2_PLACEMENT_3D('',#15536,#10102,#10103);
#8616=AXIS2_PLACEMENT_3D('',#15542,#10107,#10108);
#8617=AXIS2_PLACEMENT_3D('',#15548,#10112,#10113);
#8618=AXIS2_PLACEMENT_3D('',#15554,#10117,#10118);
#8619=AXIS2_PLACEMENT_3D('',#15560,#10122,#10123);
#8620=AXIS2_PLACEMENT_3D('',#15566,#10127,#10128);
#8621=AXIS2_PLACEMENT_3D('',#15569,#10131,#10132);
#8622=AXIS2_PLACEMENT_3D('',#15570,#10133,#10134);
#8623=DIRECTION('axis',(0.,0.,1.));
#8624=DIRECTION('refdir',(1.,0.,0.));
#8625=DIRECTION('center_axis',(0.,0.,-1.));
#8626=DIRECTION('ref_axis',(-1.,0.,0.));
#8627=DIRECTION('center_axis',(0.,0.,-1.));
#8628=DIRECTION('ref_axis',(-1.,0.,0.));
#8629=DIRECTION('',(0.,0.,-1.));
#8630=DIRECTION('center_axis',(0.,0.,-1.));
#8631=DIRECTION('ref_axis',(-1.,0.,0.));
#8632=DIRECTION('center_axis',(0.,0.,1.));
#8633=DIRECTION('ref_axis',(-1.,0.,0.));
#8634=DIRECTION('center_axis',(0.,0.,-1.));
#8635=DIRECTION('ref_axis',(-1.,0.,0.));
#8636=DIRECTION('center_axis',(0.,0.,-1.));
#8637=DIRECTION('ref_axis',(-1.,0.,0.));
#8638=DIRECTION('',(0.,0.,-1.));
#8639=DIRECTION('center_axis',(0.,0.,-1.));
#8640=DIRECTION('ref_axis',(-1.,0.,0.));
#8641=DIRECTION('center_axis',(0.,0.,1.));
#8642=DIRECTION('ref_axis',(-1.,0.,0.));
#8643=DIRECTION('center_axis',(0.,0.,-1.));
#8644=DIRECTION('ref_axis',(-1.,0.,0.));
#8645=DIRECTION('center_axis',(0.,0.,-1.));
#8646=DIRECTION('ref_axis',(-1.,0.,0.));
#8647=DIRECTION('',(0.,0.,-1.));
#8648=DIRECTION('center_axis',(0.,0.,-1.));
#8649=DIRECTION('ref_axis',(-1.,0.,0.));
#8650=DIRECTION('center_axis',(0.,0.,1.));
#8651=DIRECTION('ref_axis',(-1.,0.,0.));
#8652=DIRECTION('center_axis',(0.,0.,-1.));
#8653=DIRECTION('ref_axis',(-1.,0.,0.));
#8654=DIRECTION('center_axis',(0.,0.,-1.));
#8655=DIRECTION('ref_axis',(-1.,0.,0.));
#8656=DIRECTION('',(0.,0.,-1.));
#8657=DIRECTION('center_axis',(0.,0.,-1.));
#8658=DIRECTION('ref_axis',(-1.,0.,0.));
#8659=DIRECTION('center_axis',(0.,0.,1.));
#8660=DIRECTION('ref_axis',(-1.,0.,0.));
#8661=DIRECTION('center_axis',(0.,0.,-1.));
#8662=DIRECTION('ref_axis',(0.,-1.,0.));
#8663=DIRECTION('',(5.55111512312578E-17,1.,0.));
#8664=DIRECTION('',(-1.,0.,0.));
#8665=DIRECTION('',(0.,-1.,0.));
#8666=DIRECTION('',(-1.,0.,0.));
#8667=DIRECTION('center_axis',(0.,1.,0.));
#8668=DIRECTION('ref_axis',(0.,0.,-1.));
#8669=DIRECTION('',(0.,0.,1.));
#8670=DIRECTION('',(0.,0.,-1.));
#8671=DIRECTION('',(-1.,0.,0.));
#8672=DIRECTION('center_axis',(0.,0.,1.));
#8673=DIRECTION('ref_axis',(0.,1.,0.));
#8674=DIRECTION('',(-5.55111512312578E-17,-1.,0.));
#8675=DIRECTION('',(0.,1.,0.));
#8676=DIRECTION('',(-1.,0.,0.));
#8677=DIRECTION('center_axis',(0.,-1.,0.));
#8678=DIRECTION('ref_axis',(0.,0.,1.));
#8679=DIRECTION('',(0.,0.,-1.));
#8680=DIRECTION('',(0.,0.,1.));
#8681=DIRECTION('center_axis',(0.,0.,1.));
#8682=DIRECTION('ref_axis',(0.,-1.,0.));
#8683=DIRECTION('',(5.55111512312578E-17,1.,0.));
#8684=DIRECTION('',(1.,0.,0.));
#8685=DIRECTION('',(0.,-1.,0.));
#8686=DIRECTION('',(1.,0.,0.));
#8687=DIRECTION('center_axis',(0.,1.,0.));
#8688=DIRECTION('ref_axis',(0.,0.,1.));
#8689=DIRECTION('',(0.,0.,-1.));
#8690=DIRECTION('',(0.,0.,1.));
#8691=DIRECTION('',(1.,0.,0.));
#8692=DIRECTION('center_axis',(0.,0.,-1.));
#8693=DIRECTION('ref_axis',(0.,1.,0.));
#8694=DIRECTION('',(-5.55111512312578E-17,-1.,0.));
#8695=DIRECTION('',(0.,1.,0.));
#8696=DIRECTION('',(1.,0.,0.));
#8697=DIRECTION('center_axis',(0.,-1.,0.));
#8698=DIRECTION('ref_axis',(0.,0.,-1.));
#8699=DIRECTION('',(0.,0.,1.));
#8700=DIRECTION('',(0.,0.,-1.));
#8701=DIRECTION('center_axis',(0.,0.,-1.));
#8702=DIRECTION('ref_axis',(-1.,0.,0.));
#8703=DIRECTION('center_axis',(0.,0.,1.));
#8704=DIRECTION('ref_axis',(-0.707106781186546,-0.707106781186549,0.));
#8705=DIRECTION('',(0.,0.,-1.));
#8706=DIRECTION('center_axis',(0.,0.,1.));
#8707=DIRECTION('ref_axis',(-1.,0.,0.));
#8708=DIRECTION('',(0.,0.,-1.));
#8709=DIRECTION('center_axis',(0.,0.,-1.));
#8710=DIRECTION('ref_axis',(-1.48029736616688E-15,-1.,0.));
#8711=DIRECTION('center_axis',(0.,0.,1.));
#8712=DIRECTION('ref_axis',(0.707106781186546,-0.707106781186549,0.));
#8713=DIRECTION('',(0.,0.,-1.));
#8714=DIRECTION('center_axis',(0.,0.,1.));
#8715=DIRECTION('ref_axis',(-1.48029736616688E-15,-1.,0.));
#8716=DIRECTION('',(0.,0.,-1.));
#8717=DIRECTION('center_axis',(-1.58603289232165E-16,1.,0.));
#8718=DIRECTION('ref_axis',(1.,1.58603289232165E-16,0.));
#8719=DIRECTION('',(-1.,0.,0.));
#8720=DIRECTION('',(1.,1.58603289232165E-16,0.));
#8721=DIRECTION('center_axis',(-1.,5.55111512312578E-17,0.));
#8722=DIRECTION('ref_axis',(5.55111512312578E-17,1.,0.));
#8723=DIRECTION('',(0.,-1.,0.));
#8724=DIRECTION('',(0.,0.,-1.));
#8725=DIRECTION('',(5.55111512312578E-17,1.,0.));
#8726=DIRECTION('center_axis',(1.,-5.55111512312578E-17,0.));
#8727=DIRECTION('ref_axis',(-5.55111512312578E-17,-1.,0.));
#8728=DIRECTION('',(0.,1.,0.));
#8729=DIRECTION('',(-5.55111512312578E-17,-1.,0.));
#8730=DIRECTION('',(0.,0.,-1.));
#8731=DIRECTION('center_axis',(0.,0.,-1.));
#8732=DIRECTION('ref_axis',(1.48029736616688E-15,1.,0.));
#8733=DIRECTION('center_axis',(0.,0.,1.));
#8734=DIRECTION('ref_axis',(-0.707106781186546,0.707106781186549,0.));
#8735=DIRECTION('center_axis',(0.,0.,1.));
#8736=DIRECTION('ref_axis',(1.48029736616688E-15,1.,0.));
#8737=DIRECTION('',(0.,0.,-1.));
#8738=DIRECTION('center_axis',(0.,-1.,0.));
#8739=DIRECTION('ref_axis',(-1.,0.,0.));
#8740=DIRECTION('',(1.,0.,0.));
#8741=DIRECTION('',(-1.,0.,0.));
#8742=DIRECTION('',(0.,0.,-1.));
#8743=DIRECTION('center_axis',(0.,0.,-1.));
#8744=DIRECTION('ref_axis',(1.,-2.96059473233376E-15,0.));
#8745=DIRECTION('center_axis',(0.,0.,1.));
#8746=DIRECTION('ref_axis',(0.707106781186546,0.707106781186549,0.));
#8747=DIRECTION('center_axis',(0.,0.,1.));
#8748=DIRECTION('ref_axis',(1.,-2.96059473233376E-15,0.));
#8749=DIRECTION('center_axis',(0.,-1.,0.));
#8750=DIRECTION('ref_axis',(-1.,0.,0.));
#8751=DIRECTION('',(1.,0.,0.));
#8752=DIRECTION('',(0.,0.,-1.));
#8753=DIRECTION('',(-1.,0.,0.));
#8754=DIRECTION('',(0.,0.,-1.));
#8755=DIRECTION('center_axis',(0.,1.,0.));
#8756=DIRECTION('ref_axis',(1.,2.22044604925031E-16,0.));
#8757=DIRECTION('center_axis',(0.,0.,-1.));
#8758=DIRECTION('ref_axis',(0.,-1.,0.));
#8759=DIRECTION('center_axis',(0.,0.,1.));
#8760=DIRECTION('ref_axis',(0.,-1.,0.));
#8761=DIRECTION('center_axis',(0.,0.,-1.));
#8762=DIRECTION('ref_axis',(0.,-1.,0.));
#8763=DIRECTION('',(0.,0.,-1.));
#8764=DIRECTION('center_axis',(1.,-5.55111512312578E-17,0.));
#8765=DIRECTION('ref_axis',(-5.55111512312578E-17,-1.,0.));
#8766=DIRECTION('',(5.55111512312578E-17,1.,0.));
#8767=DIRECTION('',(-5.55111512312578E-17,-1.,0.));
#8768=DIRECTION('',(0.,0.,-1.));
#8769=DIRECTION('',(5.55111512312578E-17,1.,1.09476442525376E-47));
#8770=DIRECTION('',(1.77899219102981E-47,3.20474742744675E-31,1.));
#8771=DIRECTION('',(5.55111512312578E-17,1.,1.09476442525377E-47));
#8772=DIRECTION('',(-6.84227765783986E-49,-1.23259516440852E-32,-1.));
#8773=DIRECTION('',(5.55111512312578E-17,1.,4.44089209832303E-14));
#8774=DIRECTION('',(-6.84227765783986E-49,-1.23259516440852E-32,-1.));
#8775=DIRECTION('',(-5.55111512312578E-17,-1.,-1.09476442525376E-47));
#8776=DIRECTION('',(-6.84227765783986E-49,-1.23259516440852E-32,-1.));
#8777=DIRECTION('',(-5.55111512312578E-17,-1.,-1.09476442525377E-47));
#8778=DIRECTION('',(6.84227765783986E-49,1.23259516440852E-32,1.));
#8779=DIRECTION('',(-5.55111512312578E-17,-1.,3.94430452965498E-29));
#8780=DIRECTION('',(6.84227765783986E-49,1.23259516440852E-32,1.));
#8781=DIRECTION('center_axis',(0.,0.,-1.));
#8782=DIRECTION('ref_axis',(1.,-1.77635683940025E-15,0.));
#8783=DIRECTION('center_axis',(0.,0.,1.));
#8784=DIRECTION('ref_axis',(1.,-1.77635683940025E-15,0.));
#8785=DIRECTION('center_axis',(0.,0.,-1.));
#8786=DIRECTION('ref_axis',(1.,-1.77635683940025E-15,0.));
#8787=DIRECTION('',(0.,0.,-1.));
#8788=DIRECTION('center_axis',(0.,1.,0.));
#8789=DIRECTION('ref_axis',(1.,0.,0.));
#8790=DIRECTION('',(-1.,0.,0.));
#8791=DIRECTION('',(1.,0.,0.));
#8792=DIRECTION('',(0.,0.,-1.));
#8793=DIRECTION('center_axis',(0.,0.,-1.));
#8794=DIRECTION('ref_axis',(8.88178419700127E-16,1.,0.));
#8795=DIRECTION('center_axis',(0.,0.,1.));
#8796=DIRECTION('ref_axis',(8.88178419700127E-16,1.,0.));
#8797=DIRECTION('center_axis',(0.,0.,-1.));
#8798=DIRECTION('ref_axis',(8.88178419700127E-16,1.,0.));
#8799=DIRECTION('',(0.,0.,-1.));
#8800=DIRECTION('center_axis',(-1.,5.55111512312578E-17,0.));
#8801=DIRECTION('ref_axis',(5.55111512312578E-17,1.,0.));
#8802=DIRECTION('',(-5.55111512312578E-17,-1.,0.));
#8803=DIRECTION('',(5.55111512312578E-17,1.,0.));
#8804=DIRECTION('',(0.,0.,-1.));
#8805=DIRECTION('center_axis',(0.,0.,-1.));
#8806=DIRECTION('ref_axis',(-1.,1.77635683940025E-15,0.));
#8807=DIRECTION('center_axis',(0.,0.,1.));
#8808=DIRECTION('ref_axis',(-1.,1.77635683940025E-15,0.));
#8809=DIRECTION('center_axis',(0.,0.,-1.));
#8810=DIRECTION('ref_axis',(-1.,1.77635683940025E-15,0.));
#8811=DIRECTION('center_axis',(0.,0.,1.));
#8812=DIRECTION('ref_axis',(-1.,0.,0.));
#8813=DIRECTION('center_axis',(0.,0.,1.));
#8814=DIRECTION('ref_axis',(-0.707106781186544,-0.707106781186551,0.));
#8815=DIRECTION('center_axis',(0.,0.707106781186547,0.707106781186548));
#8816=DIRECTION('ref_axis',(0.,0.707106781186548,-0.707106781186547));
#8817=DIRECTION('',(0.,0.,1.));
#8818=DIRECTION('center_axis',(0.,0.707106781186548,-0.707106781186548));
#8819=DIRECTION('ref_axis',(0.,-0.707106781186547,-0.707106781186547));
#8820=DIRECTION('center_axis',(0.,-1.,0.));
#8821=DIRECTION('ref_axis',(-0.707106781186546,0.,-0.707106781186549));
#8822=DIRECTION('',(0.,-1.,0.));
#8823=DIRECTION('center_axis',(0.,0.707106781186548,0.707106781186548));
#8824=DIRECTION('ref_axis',(0.,0.707106781186548,-0.707106781186548));
#8825=DIRECTION('center_axis',(0.,0.,-1.));
#8826=DIRECTION('ref_axis',(-0.707106781186546,0.707106781186549,0.));
#8827=DIRECTION('',(0.,0.,-1.));
#8828=DIRECTION('center_axis',(0.,-0.707106781186547,0.707106781186548));
#8829=DIRECTION('ref_axis',(0.,0.707106781186548,0.707106781186547));
#8830=DIRECTION('center_axis',(0.,1.,0.));
#8831=DIRECTION('ref_axis',(-0.707106781186547,0.,0.707106781186548));
#8832=DIRECTION('',(0.,1.,0.));
#8833=DIRECTION('center_axis',(0.,0.,1.));
#8834=DIRECTION('ref_axis',(0.,1.,0.));
#8835=DIRECTION('',(1.,0.,0.));
#8836=DIRECTION('',(0.,1.,0.));
#8837=DIRECTION('',(1.,0.,0.));
#8838=DIRECTION('center_axis',(0.,1.,0.));
#8839=DIRECTION('ref_axis',(0.,0.,-1.));
#8840=DIRECTION('',(-1.,0.,0.));
#8841=DIRECTION('',(0.,0.,-1.));
#8842=DIRECTION('center_axis',(0.,-1.,0.));
#8843=DIRECTION('ref_axis',(0.,0.,1.));
#8844=DIRECTION('',(0.,0.,1.));
#8845=DIRECTION('',(1.,0.,0.));
#8846=DIRECTION('center_axis',(0.,0.,-1.));
#8847=DIRECTION('ref_axis',(0.,-1.,0.));
#8848=DIRECTION('',(0.,-1.,0.));
#8849=DIRECTION('center_axis',(0.,0.,1.));
#8850=DIRECTION('ref_axis',(0.707106781186548,0.707106781186548,0.));
#8851=DIRECTION('center_axis',(0.,-0.707106781186547,0.707106781186548));
#8852=DIRECTION('ref_axis',(0.,-0.707106781186548,-0.707106781186547));
#8853=DIRECTION('',(0.,0.,1.));
#8854=DIRECTION('center_axis',(0.,0.707106781186548,0.707106781186548));
#8855=DIRECTION('ref_axis',(0.,-0.707106781186548,0.707106781186548));
#8856=DIRECTION('center_axis',(0.,0.,-1.));
#8857=DIRECTION('ref_axis',(0.707106781186546,-0.707106781186549,0.));
#8858=DIRECTION('center_axis',(0.,0.707106781186548,-0.707106781186548));
#8859=DIRECTION('ref_axis',(0.,0.707106781186548,0.707106781186548));
#8860=DIRECTION('',(0.,0.,-1.));
#8861=DIRECTION('center_axis',(0.,0.707106781186547,0.707106781186548));
#8862=DIRECTION('ref_axis',(0.,-0.707106781186548,0.707106781186547));
#8863=DIRECTION('center_axis',(0.,1.,0.));
#8864=DIRECTION('ref_axis',(0.707106781186546,0.,-0.707106781186549));
#8865=DIRECTION('',(0.,1.,0.));
#8866=DIRECTION('center_axis',(0.,-1.,0.));
#8867=DIRECTION('ref_axis',(0.707106781186547,0.,0.707106781186548));
#8868=DIRECTION('',(0.,-1.,0.));
#8869=DIRECTION('center_axis',(0.,0.,-1.));
#8870=DIRECTION('ref_axis',(0.,-1.,0.));
#8871=DIRECTION('',(-1.,0.,0.));
#8872=DIRECTION('',(0.,1.,0.));
#8873=DIRECTION('',(-1.,0.,0.));
#8874=DIRECTION('center_axis',(0.,1.,0.));
#8875=DIRECTION('ref_axis',(0.,0.,-1.));
#8876=DIRECTION('',(-1.,0.,0.));
#8877=DIRECTION('',(0.,0.,1.));
#8878=DIRECTION('center_axis',(0.,0.,1.));
#8879=DIRECTION('ref_axis',(0.,1.,0.));
#8880=DIRECTION('',(-1.,0.,0.));
#8881=DIRECTION('',(0.,-1.,0.));
#8882=DIRECTION('center_axis',(0.,-1.,0.));
#8883=DIRECTION('ref_axis',(0.,0.,1.));
#8884=DIRECTION('',(0.,0.,-1.));
#8885=DIRECTION('center_axis',(0.,1.,0.));
#8886=DIRECTION('ref_axis',(1.,0.,0.));
#8887=DIRECTION('',(0.,1.,0.));
#8888=DIRECTION('center_axis',(0.,-1.,0.));
#8889=DIRECTION('ref_axis',(1.,0.,0.));
#8890=DIRECTION('center_axis',(1.38777878078144E-16,-1.,1.23259516440852E-32));
#8891=DIRECTION('ref_axis',(-4.44089209850062E-16,-4.93038065763062E-32,
1.));
#8892=DIRECTION('',(-1.,-1.38777878078144E-16,0.));
#8893=DIRECTION('',(0.,-1.23259516440853E-32,-1.));
#8894=DIRECTION('',(-1.,-1.38777878078144E-16,0.));
#8895=DIRECTION('center_axis',(1.51929083932156E-63,-1.09476442525376E-47,
1.));
#8896=DIRECTION('ref_axis',(-1.110223024625E-16,1.,1.09476442525376E-47));
#8897=DIRECTION('',(0.,-1.,-1.09476442525376E-47));
#8898=DIRECTION('',(-1.,-1.38777878078144E-16,0.));
#8899=DIRECTION('center_axis',(1.38777878078144E-16,-1.,3.20474742744675E-31));
#8900=DIRECTION('ref_axis',(-1.15463194560461E-14,-1.2818989709778E-30,
1.));
#8901=DIRECTION('',(0.,-3.20474742744676E-31,-1.));
#8902=DIRECTION('',(-1.,-1.38777878078144E-16,0.));
#8903=DIRECTION('center_axis',(1.51929083932157E-63,-1.09476442525377E-47,
1.));
#8904=DIRECTION('ref_axis',(-1.110223024625E-16,1.,1.09476442525377E-47));
#8905=DIRECTION('',(0.,-1.,-1.09476442525377E-47));
#8906=DIRECTION('',(-1.,-1.38777878078144E-16,0.));
#8907=DIRECTION('center_axis',(-1.38777878078144E-16,1.,-1.23259516440852E-32));
#8908=DIRECTION('ref_axis',(4.44089209850062E-16,4.93038065763062E-32,-1.));
#8909=DIRECTION('',(0.,1.23259516440853E-32,1.));
#8910=DIRECTION('',(-1.,-1.38777878078144E-16,0.));
#8911=DIRECTION('center_axis',(6.16297582179269E-30,-4.44089209832303E-14,
1.));
#8912=DIRECTION('ref_axis',(-1.1102230246252E-16,1.,4.44089209832303E-14));
#8913=DIRECTION('',(0.,-1.,-4.44089209832303E-14));
#8914=DIRECTION('',(-1.,-1.38777878078144E-16,0.));
#8915=DIRECTION('center_axis',(-1.38777878078144E-16,1.,-1.23259516440852E-32));
#8916=DIRECTION('ref_axis',(4.44089209850062E-16,4.93038065763062E-32,-1.));
#8917=DIRECTION('',(0.,1.23259516440853E-32,1.));
#8918=DIRECTION('',(1.,-5.55111512312578E-17,0.));
#8919=DIRECTION('center_axis',(5.47382213119531E-45,-3.94430452965498E-29,
-1.));
#8920=DIRECTION('ref_axis',(8.89288643524122E-14,-1.,3.94430452965498E-29));
#8921=DIRECTION('',(-1.,-1.38777878078144E-16,0.));
#8922=DIRECTION('',(0.,1.,-3.94430452965498E-29));
#8923=DIRECTION('center_axis',(1.38777878078144E-16,-1.,1.23259516440852E-32));
#8924=DIRECTION('ref_axis',(-4.44089209850062E-16,-4.93038065763062E-32,
1.));
#8925=DIRECTION('',(-1.,-1.38777878078144E-16,0.));
#8926=DIRECTION('',(0.,-1.23259516440853E-32,-1.));
#8927=DIRECTION('center_axis',(-1.51929083932157E-63,1.09476442525377E-47,
-1.));
#8928=DIRECTION('ref_axis',(1.110223024625E-16,-1.,-1.09476442525377E-47));
#8929=DIRECTION('',(-1.,-1.38777878078144E-16,0.));
#8930=DIRECTION('',(0.,1.,1.09476442525377E-47));
#8931=DIRECTION('center_axis',(-1.38777878078144E-16,1.,-1.23259516440852E-32));
#8932=DIRECTION('ref_axis',(4.44089209850062E-16,4.93038065763062E-32,-1.));
#8933=DIRECTION('',(-1.,-1.38777878078144E-16,0.));
#8934=DIRECTION('',(0.,1.23259516440853E-32,1.));
#8935=DIRECTION('center_axis',(-1.51929083932156E-63,1.09476442525376E-47,
-1.));
#8936=DIRECTION('ref_axis',(1.110223024625E-16,-1.,-1.09476442525376E-47));
#8937=DIRECTION('',(0.,1.,1.09476442525376E-47));
#8938=DIRECTION('center_axis',(0.,0.,1.));
#8939=DIRECTION('ref_axis',(1.,0.,0.));
#8940=DIRECTION('',(0.,-1.,0.));
#8941=DIRECTION('center_axis',(0.,0.,1.));
#8942=DIRECTION('ref_axis',(-0.707106781186547,0.707106781186547,0.));
#8943=DIRECTION('',(-1.,0.,0.));
#8944=DIRECTION('center_axis',(0.,0.,1.));
#8945=DIRECTION('ref_axis',(0.707106781186547,0.707106781186547,0.));
#8946=DIRECTION('',(0.,1.,0.));
#8947=DIRECTION('center_axis',(0.,0.,1.));
#8948=DIRECTION('ref_axis',(0.707106781186547,-0.707106781186547,0.));
#8949=DIRECTION('',(1.,0.,0.));
#8950=DIRECTION('center_axis',(0.,0.,1.));
#8951=DIRECTION('ref_axis',(-0.707106781186547,-0.707106781186547,0.));
#8952=DIRECTION('center_axis',(0.,0.,-1.));
#8953=DIRECTION('ref_axis',(0.707106781186547,0.707106781186547,0.));
#8954=DIRECTION('',(0.,0.,-1.));
#8955=DIRECTION('center_axis',(0.,0.,1.));
#8956=DIRECTION('ref_axis',(0.707106781186547,0.707106781186547,0.));
#8957=DIRECTION('',(0.,0.,1.));
#8958=DIRECTION('center_axis',(0.,1.,0.));
#8959=DIRECTION('ref_axis',(1.,0.,0.));
#8960=DIRECTION('',(0.,0.,1.));
#8961=DIRECTION('',(1.,0.,0.));
#8962=DIRECTION('center_axis',(0.,0.,-1.));
#8963=DIRECTION('ref_axis',(-0.707106781186547,0.707106781186547,0.));
#8964=DIRECTION('',(0.,0.,-1.));
#8965=DIRECTION('center_axis',(0.,0.,1.));
#8966=DIRECTION('ref_axis',(-0.707106781186547,0.707106781186547,0.));
#8967=DIRECTION('center_axis',(-1.,0.,0.));
#8968=DIRECTION('ref_axis',(0.,1.,0.));
#8969=DIRECTION('',(0.,0.,1.));
#8970=DIRECTION('',(0.,1.,0.));
#8971=DIRECTION('center_axis',(0.,0.,-1.));
#8972=DIRECTION('ref_axis',(-1.,0.,0.));
#8973=DIRECTION('center_axis',(0.,0.,-1.));
#8974=DIRECTION('ref_axis',(-1.,0.,0.));
#8975=DIRECTION('',(0.,0.,-1.));
#8976=DIRECTION('center_axis',(0.,0.,-1.));
#8977=DIRECTION('ref_axis',(-1.,0.,0.));
#8978=DIRECTION('center_axis',(0.,0.,1.));
#8979=DIRECTION('ref_axis',(-1.,0.,0.));
#8980=DIRECTION('center_axis',(0.,0.,-1.));
#8981=DIRECTION('ref_axis',(-1.,0.,0.));
#8982=DIRECTION('center_axis',(0.,0.,-1.));
#8983=DIRECTION('ref_axis',(-1.,0.,0.));
#8984=DIRECTION('',(0.,0.,-1.));
#8985=DIRECTION('center_axis',(0.,0.,-1.));
#8986=DIRECTION('ref_axis',(-1.,0.,0.));
#8987=DIRECTION('center_axis',(0.,0.,1.));
#8988=DIRECTION('ref_axis',(-1.,0.,0.));
#8989=DIRECTION('center_axis',(0.,0.,-1.));
#8990=DIRECTION('ref_axis',(-1.,0.,0.));
#8991=DIRECTION('center_axis',(0.,0.,-1.));
#8992=DIRECTION('ref_axis',(-1.,0.,0.));
#8993=DIRECTION('',(0.,0.,-1.));
#8994=DIRECTION('center_axis',(0.,0.,-1.));
#8995=DIRECTION('ref_axis',(-1.,0.,0.));
#8996=DIRECTION('center_axis',(0.,0.,1.));
#8997=DIRECTION('ref_axis',(-1.,0.,0.));
#8998=DIRECTION('center_axis',(0.,0.,-1.));
#8999=DIRECTION('ref_axis',(-1.,0.,0.));
#9000=DIRECTION('center_axis',(0.,0.,-1.));
#9001=DIRECTION('ref_axis',(-1.,0.,0.));
#9002=DIRECTION('',(0.,0.,-1.));
#9003=DIRECTION('center_axis',(0.,0.,-1.));
#9004=DIRECTION('ref_axis',(-1.,0.,0.));
#9005=DIRECTION('center_axis',(0.,0.,1.));
#9006=DIRECTION('ref_axis',(-1.,0.,0.));
#9007=DIRECTION('center_axis',(0.,0.,1.));
#9008=DIRECTION('ref_axis',(-1.,0.,0.));
#9009=DIRECTION('center_axis',(0.,0.,1.));
#9010=DIRECTION('ref_axis',(-1.,0.,0.));
#9011=DIRECTION('',(0.,0.,-1.));
#9012=DIRECTION('center_axis',(0.,0.,-1.));
#9013=DIRECTION('ref_axis',(-1.,0.,0.));
#9014=DIRECTION('center_axis',(0.,0.,1.));
#9015=DIRECTION('ref_axis',(-1.,0.,0.));
#9016=DIRECTION('center_axis',(0.,0.,1.));
#9017=DIRECTION('ref_axis',(-1.,0.,0.));
#9018=DIRECTION('center_axis',(0.,0.,1.));
#9019=DIRECTION('ref_axis',(-1.,0.,0.));
#9020=DIRECTION('',(0.,0.,-1.));
#9021=DIRECTION('center_axis',(0.,0.,-1.));
#9022=DIRECTION('ref_axis',(-1.,0.,0.));
#9023=DIRECTION('center_axis',(0.,0.,1.));
#9024=DIRECTION('ref_axis',(-1.,0.,0.));
#9025=DIRECTION('center_axis',(0.,0.,1.));
#9026=DIRECTION('ref_axis',(-1.,0.,0.));
#9027=DIRECTION('center_axis',(0.,0.,1.));
#9028=DIRECTION('ref_axis',(-1.,0.,0.));
#9029=DIRECTION('',(0.,0.,-1.));
#9030=DIRECTION('center_axis',(0.,0.,-1.));
#9031=DIRECTION('ref_axis',(-1.,0.,0.));
#9032=DIRECTION('center_axis',(0.,0.,1.));
#9033=DIRECTION('ref_axis',(-1.,0.,0.));
#9034=DIRECTION('center_axis',(0.,0.,1.));
#9035=DIRECTION('ref_axis',(-1.,0.,0.));
#9036=DIRECTION('center_axis',(0.,0.,1.));
#9037=DIRECTION('ref_axis',(-1.,0.,0.));
#9038=DIRECTION('',(0.,0.,-1.));
#9039=DIRECTION('center_axis',(0.,0.,-1.));
#9040=DIRECTION('ref_axis',(-1.,0.,0.));
#9041=DIRECTION('center_axis',(0.,0.,1.));
#9042=DIRECTION('ref_axis',(-1.,0.,0.));
#9043=DIRECTION('center_axis',(0.,0.,-1.));
#9044=DIRECTION('ref_axis',(-0.707106781186547,-0.707106781186547,0.));
#9045=DIRECTION('',(0.,0.,-1.));
#9046=DIRECTION('center_axis',(0.,0.,1.));
#9047=DIRECTION('ref_axis',(-0.707106781186547,-0.707106781186547,0.));
#9048=DIRECTION('center_axis',(0.,-1.,0.));
#9049=DIRECTION('ref_axis',(-1.,0.,0.));
#9050=DIRECTION('',(0.,0.,1.));
#9051=DIRECTION('',(-1.,0.,0.));
#9052=DIRECTION('center_axis',(0.,0.,-1.));
#9053=DIRECTION('ref_axis',(0.707106781186547,-0.707106781186547,0.));
#9054=DIRECTION('',(0.,0.,-1.));
#9055=DIRECTION('center_axis',(0.,0.,1.));
#9056=DIRECTION('ref_axis',(0.707106781186547,-0.707106781186547,0.));
#9057=DIRECTION('center_axis',(1.,0.,0.));
#9058=DIRECTION('ref_axis',(0.,-1.,0.));
#9059=DIRECTION('',(0.,-1.,0.));
#9060=DIRECTION('center_axis',(0.,0.,1.));
#9061=DIRECTION('ref_axis',(1.,0.,0.));
#9062=DIRECTION('center_axis',(0.,0.,-1.));
#9063=DIRECTION('ref_axis',(-1.,0.,0.));
#9064=DIRECTION('center_axis',(0.,0.,-1.));
#9065=DIRECTION('ref_axis',(-1.,0.,0.));
#9066=DIRECTION('center_axis',(0.,0.,-1.));
#9067=DIRECTION('ref_axis',(-1.,0.,0.));
#9068=DIRECTION('',(0.,0.,-1.));
#9069=DIRECTION('center_axis',(0.,0.,1.));
#9070=DIRECTION('ref_axis',(-1.,0.,0.));
#9071=DIRECTION('',(0.,0.,-1.));
#9072=DIRECTION('center_axis',(0.,0.,1.));
#9073=DIRECTION('ref_axis',(-1.,0.,0.));
#9074=DIRECTION('',(0.,0.,1.));
#9075=DIRECTION('center_axis',(0.,0.,1.));
#9076=DIRECTION('ref_axis',(-1.,0.,0.));
#9077=DIRECTION('center_axis',(0.,0.,-1.));
#9078=DIRECTION('ref_axis',(-1.,0.,0.));
#9079=DIRECTION('center_axis',(0.,0.,-1.));
#9080=DIRECTION('ref_axis',(-1.,0.,0.));
#9081=DIRECTION('',(0.,0.,-1.));
#9082=DIRECTION('center_axis',(0.,0.,1.));
#9083=DIRECTION('ref_axis',(-1.,0.,0.));
#9084=DIRECTION('',(0.,0.,-1.));
#9085=DIRECTION('center_axis',(0.,0.,1.));
#9086=DIRECTION('ref_axis',(-1.,0.,0.));
#9087=DIRECTION('',(0.,0.,1.));
#9088=DIRECTION('center_axis',(0.,0.,1.));
#9089=DIRECTION('ref_axis',(-1.,0.,0.));
#9090=DIRECTION('center_axis',(0.,0.,-1.));
#9091=DIRECTION('ref_axis',(-1.,0.,0.));
#9092=DIRECTION('center_axis',(0.,0.,-1.));
#9093=DIRECTION('ref_axis',(-1.,0.,0.));
#9094=DIRECTION('',(0.,0.,-1.));
#9095=DIRECTION('center_axis',(0.,0.,1.));
#9096=DIRECTION('ref_axis',(-1.,0.,0.));
#9097=DIRECTION('',(0.,0.,1.));
#9098=DIRECTION('center_axis',(0.,0.,1.));
#9099=DIRECTION('ref_axis',(-1.,0.,0.));
#9100=DIRECTION('',(0.,0.,-1.));
#9101=DIRECTION('center_axis',(0.,0.,1.));
#9102=DIRECTION('ref_axis',(-1.,0.,0.));
#9103=DIRECTION('center_axis',(0.,0.,-1.));
#9104=DIRECTION('ref_axis',(-1.,0.,0.));
#9105=DIRECTION('center_axis',(0.,0.,-1.));
#9106=DIRECTION('ref_axis',(-1.,0.,0.));
#9107=DIRECTION('',(0.,0.,-1.));
#9108=DIRECTION('center_axis',(0.,0.,1.));
#9109=DIRECTION('ref_axis',(-1.,0.,0.));
#9110=DIRECTION('',(0.,0.,1.));
#9111=DIRECTION('center_axis',(0.,0.,1.));
#9112=DIRECTION('ref_axis',(-1.,0.,0.));
#9113=DIRECTION('',(0.,0.,-1.));
#9114=DIRECTION('center_axis',(0.,0.,1.));
#9115=DIRECTION('ref_axis',(-1.,0.,0.));
#9116=DIRECTION('center_axis',(0.,0.,-1.));
#9117=DIRECTION('ref_axis',(1.,-2.96059473233376E-15,0.));
#9118=DIRECTION('center_axis',(0.,0.,1.));
#9119=DIRECTION('ref_axis',(1.,-2.96059473233376E-15,0.));
#9120=DIRECTION('',(0.,0.,-1.));
#9121=DIRECTION('center_axis',(0.,0.,1.));
#9122=DIRECTION('ref_axis',(0.707106781186548,0.707106781186547,0.));
#9123=DIRECTION('center_axis',(0.,0.,-1.));
#9124=DIRECTION('ref_axis',(1.,-2.96059473233376E-15,0.));
#9125=DIRECTION('center_axis',(0.,0.,1.));
#9126=DIRECTION('ref_axis',(0.707106781186548,0.707106781186547,0.));
#9127=DIRECTION('',(0.,0.,-1.));
#9128=DIRECTION('center_axis',(0.,0.,1.));
#9129=DIRECTION('ref_axis',(1.,-2.96059473233376E-15,0.));
#9130=DIRECTION('center_axis',(0.,0.,-1.));
#9131=DIRECTION('ref_axis',(-2.96059473233375E-15,-1.,0.));
#9132=DIRECTION('center_axis',(0.,0.,1.));
#9133=DIRECTION('ref_axis',(-2.96059473233375E-15,-1.,0.));
#9134=DIRECTION('',(0.,0.,-1.));
#9135=DIRECTION('center_axis',(0.,0.,1.));
#9136=DIRECTION('ref_axis',(0.707106781186548,-0.707106781186548,0.));
#9137=DIRECTION('center_axis',(0.,0.,-1.));
#9138=DIRECTION('ref_axis',(-2.96059473233375E-15,-1.,0.));
#9139=DIRECTION('center_axis',(0.,0.,1.));
#9140=DIRECTION('ref_axis',(0.707106781186548,-0.707106781186548,0.));
#9141=DIRECTION('',(0.,0.,-1.));
#9142=DIRECTION('center_axis',(0.,0.,1.));
#9143=DIRECTION('ref_axis',(-2.96059473233375E-15,-1.,0.));
#9144=DIRECTION('center_axis',(0.,0.,-1.));
#9145=DIRECTION('ref_axis',(1.48029736616688E-15,1.,0.));
#9146=DIRECTION('center_axis',(0.,0.,1.));
#9147=DIRECTION('ref_axis',(-0.707106781186547,0.707106781186548,0.));
#9148=DIRECTION('',(0.,0.,-1.));
#9149=DIRECTION('center_axis',(0.,0.,1.));
#9150=DIRECTION('ref_axis',(1.48029736616688E-15,1.,0.));
#9151=DIRECTION('center_axis',(0.,0.,-1.));
#9152=DIRECTION('ref_axis',(1.48029736616688E-15,1.,0.));
#9153=DIRECTION('center_axis',(0.,0.,1.));
#9154=DIRECTION('ref_axis',(1.48029736616688E-15,1.,0.));
#9155=DIRECTION('',(0.,0.,-1.));
#9156=DIRECTION('center_axis',(0.,0.,1.));
#9157=DIRECTION('ref_axis',(-0.707106781186547,0.707106781186548,0.));
#9158=DIRECTION('center_axis',(0.,0.,1.));
#9159=DIRECTION('ref_axis',(1.,0.,0.));
#9160=DIRECTION('',(0.,-1.,0.));
#9161=DIRECTION('',(-1.,0.,0.));
#9162=DIRECTION('center_axis',(0.,0.,1.));
#9163=DIRECTION('ref_axis',(-0.70710678118655,-0.707106781186545,0.));
#9164=DIRECTION('center_axis',(0.,0.,1.));
#9165=DIRECTION('ref_axis',(-0.70710678118655,-0.707106781186545,0.));
#9166=DIRECTION('',(0.,1.,0.));
#9167=DIRECTION('',(1.,0.,0.));
#9168=DIRECTION('center_axis',(0.,0.,1.));
#9169=DIRECTION('ref_axis',(-1.,0.,0.));
#9170=DIRECTION('center_axis',(0.,0.,1.));
#9171=DIRECTION('ref_axis',(-1.,0.,0.));
#9172=DIRECTION('center_axis',(0.,0.,1.));
#9173=DIRECTION('ref_axis',(-1.,0.,0.));
#9174=DIRECTION('center_axis',(0.,0.,1.));
#9175=DIRECTION('ref_axis',(-1.,0.,0.));
#9176=DIRECTION('center_axis',(0.,0.,1.));
#9177=DIRECTION('ref_axis',(-1.,0.,0.));
#9178=DIRECTION('',(0.,1.,0.));
#9179=DIRECTION('',(-1.,0.,0.));
#9180=DIRECTION('',(0.,-1.,0.));
#9181=DIRECTION('',(1.,0.,0.));
#9182=DIRECTION('center_axis',(0.,0.,-1.));
#9183=DIRECTION('ref_axis',(-1.,5.92118946466751E-15,0.));
#9184=DIRECTION('',(0.,0.,-1.));
#9185=DIRECTION('center_axis',(0.,0.,1.));
#9186=DIRECTION('ref_axis',(-1.,5.92118946466751E-15,0.));
#9187=DIRECTION('center_axis',(0.,0.,-1.));
#9188=DIRECTION('ref_axis',(-1.,5.92118946466751E-15,0.));
#9189=DIRECTION('center_axis',(0.,0.,1.));
#9190=DIRECTION('ref_axis',(-1.,5.92118946466751E-15,0.));
#9191=DIRECTION('',(0.,0.,-1.));
#9192=DIRECTION('center_axis',(-1.61486985400023E-16,1.,0.));
#9193=DIRECTION('ref_axis',(1.,1.61486985400023E-16,0.));
#9194=DIRECTION('',(1.,1.61486985400023E-16,0.));
#9195=DIRECTION('center_axis',(-1.,0.,0.));
#9196=DIRECTION('ref_axis',(0.,1.,0.));
#9197=DIRECTION('',(0.,1.,0.));
#9198=DIRECTION('center_axis',(1.,-5.55111512312578E-17,0.));
#9199=DIRECTION('ref_axis',(-5.55111512312578E-17,-1.,0.));
#9200=DIRECTION('',(-5.55111512312578E-17,-1.,0.));
#9201=DIRECTION('center_axis',(0.,-1.,0.));
#9202=DIRECTION('ref_axis',(-1.,0.,0.));
#9203=DIRECTION('',(-1.,0.,0.));
#9204=DIRECTION('center_axis',(0.,1.,0.));
#9205=DIRECTION('ref_axis',(1.,0.,0.));
#9206=DIRECTION('',(-1.,0.,0.));
#9207=DIRECTION('',(0.,0.,-1.));
#9208=DIRECTION('',(1.,0.,0.));
#9209=DIRECTION('',(0.,0.,-1.));
#9210=DIRECTION('center_axis',(0.,0.,-1.));
#9211=DIRECTION('ref_axis',(8.88178419700127E-16,1.,0.));
#9212=DIRECTION('center_axis',(0.,0.,1.));
#9213=DIRECTION('ref_axis',(8.88178419700127E-16,1.,0.));
#9214=DIRECTION('center_axis',(0.,0.,-1.));
#9215=DIRECTION('ref_axis',(8.88178419700127E-16,1.,0.));
#9216=DIRECTION('',(0.,0.,-1.));
#9217=DIRECTION('center_axis',(-1.,5.55111512312578E-17,0.));
#9218=DIRECTION('ref_axis',(5.55111512312578E-17,1.,0.));
#9219=DIRECTION('',(-5.55111512312578E-17,-1.,0.));
#9220=DIRECTION('',(5.55111512312578E-17,1.,0.));
#9221=DIRECTION('',(0.,0.,-1.));
#9222=DIRECTION('center_axis',(0.,0.,-1.));
#9223=DIRECTION('ref_axis',(-1.,5.32907051820076E-15,0.));
#9224=DIRECTION('center_axis',(0.,0.,1.));
#9225=DIRECTION('ref_axis',(-1.,5.32907051820076E-15,0.));
#9226=DIRECTION('center_axis',(0.,0.,-1.));
#9227=DIRECTION('ref_axis',(-1.,5.32907051820076E-15,0.));
#9228=DIRECTION('',(0.,0.,-1.));
#9229=DIRECTION('center_axis',(3.22973970800046E-16,-1.,0.));
#9230=DIRECTION('ref_axis',(-1.,-3.22973970800046E-16,0.));
#9231=DIRECTION('',(1.,3.22973970800046E-16,0.));
#9232=DIRECTION('',(-1.,-3.22973970800046E-16,0.));
#9233=DIRECTION('',(0.,0.,-1.));
#9234=DIRECTION('center_axis',(0.,0.,-1.));
#9235=DIRECTION('ref_axis',(-1.77635683940025E-15,-1.,0.));
#9236=DIRECTION('center_axis',(0.,0.,1.));
#9237=DIRECTION('ref_axis',(-1.77635683940025E-15,-1.,0.));
#9238=DIRECTION('center_axis',(0.,0.,-1.));
#9239=DIRECTION('ref_axis',(-1.77635683940025E-15,-1.,0.));
#9240=DIRECTION('',(0.,0.,-1.));
#9241=DIRECTION('center_axis',(1.,1.11022302462516E-16,0.));
#9242=DIRECTION('ref_axis',(1.11022302462516E-16,-1.,0.));
#9243=DIRECTION('',(-1.11022302462516E-16,1.,0.));
#9244=DIRECTION('',(1.11022302462516E-16,-1.,0.));
#9245=DIRECTION('',(0.,0.,-1.));
#9246=DIRECTION('center_axis',(0.,0.,-1.));
#9247=DIRECTION('ref_axis',(1.,-1.77635683940025E-15,0.));
#9248=DIRECTION('center_axis',(0.,0.,1.));
#9249=DIRECTION('ref_axis',(1.,-1.77635683940025E-15,0.));
#9250=DIRECTION('center_axis',(0.,0.,-1.));
#9251=DIRECTION('ref_axis',(1.,-1.77635683940025E-15,0.));
#9252=DIRECTION('center_axis',(0.,0.,1.));
#9253=DIRECTION('ref_axis',(-1.,0.,0.));
#9254=DIRECTION('center_axis',(0.,0.,-1.));
#9255=DIRECTION('ref_axis',(-1.,0.,0.));
#9256=DIRECTION('center_axis',(0.,0.,-1.));
#9257=DIRECTION('ref_axis',(-1.,0.,0.));
#9258=DIRECTION('',(0.,0.,-1.));
#9259=DIRECTION('center_axis',(0.,0.,-1.));
#9260=DIRECTION('ref_axis',(-1.,0.,0.));
#9261=DIRECTION('center_axis',(0.,0.,-1.));
#9262=DIRECTION('ref_axis',(-1.,0.,0.));
#9263=DIRECTION('',(0.,0.,-1.));
#9264=DIRECTION('center_axis',(0.,0.,-1.));
#9265=DIRECTION('ref_axis',(-1.,0.,0.));
#9266=DIRECTION('center_axis',(0.,0.,-1.));
#9267=DIRECTION('ref_axis',(-1.,0.,0.));
#9268=DIRECTION('',(0.,0.,-1.));
#9269=DIRECTION('center_axis',(0.,0.,-1.));
#9270=DIRECTION('ref_axis',(-1.,0.,0.));
#9271=DIRECTION('center_axis',(0.,0.,-1.));
#9272=DIRECTION('ref_axis',(-1.,0.,0.));
#9273=DIRECTION('',(0.,0.,-1.));
#9274=DIRECTION('center_axis',(0.,0.,-1.));
#9275=DIRECTION('ref_axis',(-1.,0.,0.));
#9276=DIRECTION('center_axis',(0.,0.,-1.));
#9277=DIRECTION('ref_axis',(-1.,0.,0.));
#9278=DIRECTION('',(0.,0.,-1.));
#9279=DIRECTION('center_axis',(-1.,0.,0.));
#9280=DIRECTION('ref_axis',(0.,1.,0.));
#9281=DIRECTION('',(0.,0.,-1.));
#9282=DIRECTION('',(0.,1.,0.));
#9283=DIRECTION('',(0.,0.,-1.));
#9284=DIRECTION('center_axis',(0.,-1.,0.));
#9285=DIRECTION('ref_axis',(-1.,0.,0.));
#9286=DIRECTION('',(-1.,0.,0.));
#9287=DIRECTION('',(0.,0.,-1.));
#9288=DIRECTION('center_axis',(1.,0.,0.));
#9289=DIRECTION('ref_axis',(0.,-1.,0.));
#9290=DIRECTION('',(0.,-1.,0.));
#9291=DIRECTION('',(0.,0.,-1.));
#9292=DIRECTION('center_axis',(0.,1.,0.));
#9293=DIRECTION('ref_axis',(1.,0.,0.));
#9294=DIRECTION('',(1.,0.,0.));
#9295=DIRECTION('center_axis',(0.,0.,1.));
#9296=DIRECTION('ref_axis',(1.,0.,0.));
#9297=DIRECTION('center_axis',(0.,0.,1.));
#9298=DIRECTION('ref_axis',(-1.,0.,0.));
#9299=DIRECTION('center_axis',(0.,0.,1.));
#9300=DIRECTION('ref_axis',(-1.,0.,0.));
#9301=DIRECTION('',(0.,0.,-1.));
#9302=DIRECTION('center_axis',(0.,0.,1.));
#9303=DIRECTION('ref_axis',(-1.,0.,0.));
#9304=DIRECTION('center_axis',(0.,0.,1.));
#9305=DIRECTION('ref_axis',(-1.,0.,0.));
#9306=DIRECTION('center_axis',(0.,0.,1.));
#9307=DIRECTION('ref_axis',(-1.,0.,0.));
#9308=DIRECTION('center_axis',(0.,0.,1.));
#9309=DIRECTION('ref_axis',(-1.,0.,0.));
#9310=DIRECTION('center_axis',(0.,0.,1.));
#9311=DIRECTION('ref_axis',(-1.,0.,0.));
#9312=DIRECTION('',(0.,0.,-1.));
#9313=DIRECTION('center_axis',(0.,0.,1.));
#9314=DIRECTION('ref_axis',(-1.,0.,0.));
#9315=DIRECTION('center_axis',(0.,0.,1.));
#9316=DIRECTION('ref_axis',(-1.,0.,0.));
#9317=DIRECTION('center_axis',(0.,0.,1.));
#9318=DIRECTION('ref_axis',(-1.,0.,0.));
#9319=DIRECTION('center_axis',(0.,0.,1.));
#9320=DIRECTION('ref_axis',(-1.,0.,0.));
#9321=DIRECTION('center_axis',(0.,0.,1.));
#9322=DIRECTION('ref_axis',(-1.,0.,0.));
#9323=DIRECTION('center_axis',(0.,0.,1.));
#9324=DIRECTION('ref_axis',(-1.,0.,0.));
#9325=DIRECTION('center_axis',(0.,0.,1.));
#9326=DIRECTION('ref_axis',(-1.,0.,0.));
#9327=DIRECTION('',(0.,0.,-1.));
#9328=DIRECTION('center_axis',(0.,0.,1.));
#9329=DIRECTION('ref_axis',(-1.,0.,0.));
#9330=DIRECTION('center_axis',(0.,0.,1.));
#9331=DIRECTION('ref_axis',(-1.,0.,0.));
#9332=DIRECTION('',(0.,0.,-1.));
#9333=DIRECTION('center_axis',(0.,0.,1.));
#9334=DIRECTION('ref_axis',(-1.,0.,0.));
#9335=DIRECTION('center_axis',(0.,0.,1.));
#9336=DIRECTION('ref_axis',(-1.,0.,0.));
#9337=DIRECTION('center_axis',(0.,0.,1.));
#9338=DIRECTION('ref_axis',(-1.,0.,0.));
#9339=DIRECTION('center_axis',(0.,0.,1.));
#9340=DIRECTION('ref_axis',(-1.,0.,0.));
#9341=DIRECTION('center_axis',(0.,0.,1.));
#9342=DIRECTION('ref_axis',(-1.,0.,0.));
#9343=DIRECTION('center_axis',(0.,0.,1.));
#9344=DIRECTION('ref_axis',(-1.,0.,0.));
#9345=DIRECTION('center_axis',(0.,0.,1.));
#9346=DIRECTION('ref_axis',(-1.,0.,0.));
#9347=DIRECTION('',(0.,0.,-1.));
#9348=DIRECTION('center_axis',(0.,0.,1.));
#9349=DIRECTION('ref_axis',(-1.,0.,0.));
#9350=DIRECTION('center_axis',(0.,0.,1.));
#9351=DIRECTION('ref_axis',(-1.,0.,0.));
#9352=DIRECTION('',(0.,0.,-1.));
#9353=DIRECTION('center_axis',(0.,0.,1.));
#9354=DIRECTION('ref_axis',(-1.,0.,0.));
#9355=DIRECTION('center_axis',(0.,0.,1.));
#9356=DIRECTION('ref_axis',(-1.,0.,0.));
#9357=DIRECTION('center_axis',(0.,0.,1.));
#9358=DIRECTION('ref_axis',(-1.,0.,0.));
#9359=DIRECTION('center_axis',(0.,0.,1.));
#9360=DIRECTION('ref_axis',(-1.,0.,0.));
#9361=DIRECTION('center_axis',(0.,0.,1.));
#9362=DIRECTION('ref_axis',(-1.,0.,0.));
#9363=DIRECTION('center_axis',(0.,0.,1.));
#9364=DIRECTION('ref_axis',(-1.,0.,0.));
#9365=DIRECTION('center_axis',(0.,0.,1.));
#9366=DIRECTION('ref_axis',(-1.,0.,0.));
#9367=DIRECTION('',(0.,0.,-1.));
#9368=DIRECTION('center_axis',(0.,0.,1.));
#9369=DIRECTION('ref_axis',(-1.,0.,0.));
#9370=DIRECTION('center_axis',(0.,0.,1.));
#9371=DIRECTION('ref_axis',(-1.,0.,0.));
#9372=DIRECTION('',(0.,0.,-1.));
#9373=DIRECTION('center_axis',(0.,0.,1.));
#9374=DIRECTION('ref_axis',(-1.,0.,0.));
#9375=DIRECTION('center_axis',(0.,0.,1.));
#9376=DIRECTION('ref_axis',(-1.,0.,0.));
#9377=DIRECTION('center_axis',(0.,0.,1.));
#9378=DIRECTION('ref_axis',(-1.,0.,0.));
#9379=DIRECTION('center_axis',(0.,0.,1.));
#9380=DIRECTION('ref_axis',(-1.,0.,0.));
#9381=DIRECTION('center_axis',(0.,0.,1.));
#9382=DIRECTION('ref_axis',(-1.,0.,0.));
#9383=DIRECTION('center_axis',(0.,0.,1.));
#9384=DIRECTION('ref_axis',(-1.,0.,0.));
#9385=DIRECTION('center_axis',(0.,0.,1.));
#9386=DIRECTION('ref_axis',(-1.,0.,0.));
#9387=DIRECTION('',(0.,0.,-1.));
#9388=DIRECTION('center_axis',(0.,0.,1.));
#9389=DIRECTION('ref_axis',(-1.,0.,0.));
#9390=DIRECTION('center_axis',(0.,0.,1.));
#9391=DIRECTION('ref_axis',(-1.,0.,0.));
#9392=DIRECTION('',(0.,0.,-1.));
#9393=DIRECTION('center_axis',(0.,0.,1.));
#9394=DIRECTION('ref_axis',(-1.,0.,0.));
#9395=DIRECTION('center_axis',(0.,0.,1.));
#9396=DIRECTION('ref_axis',(-1.,0.,0.));
#9397=DIRECTION('center_axis',(0.,1.,0.));
#9398=DIRECTION('ref_axis',(0.,0.,1.));
#9399=DIRECTION('',(0.,0.,1.));
#9400=DIRECTION('',(1.,0.,0.));
#9401=DIRECTION('',(0.,0.,1.));
#9402=DIRECTION('',(1.,0.,0.));
#9403=DIRECTION('center_axis',(0.,0.,-1.));
#9404=DIRECTION('ref_axis',(0.,1.,0.));
#9405=DIRECTION('',(2.25795162708557E-46,1.,0.));
#9406=DIRECTION('',(1.,0.,0.));
#9407=DIRECTION('',(0.,1.,0.));
#9408=DIRECTION('center_axis',(0.,-1.,0.));
#9409=DIRECTION('ref_axis',(0.,0.,-1.));
#9410=DIRECTION('',(0.,0.,-1.));
#9411=DIRECTION('',(1.,0.,0.));
#9412=DIRECTION('',(0.,0.,-1.));
#9413=DIRECTION('center_axis',(0.,0.,1.));
#9414=DIRECTION('ref_axis',(0.,-1.,0.));
#9415=DIRECTION('',(-2.25795162708557E-46,-1.,0.));
#9416=DIRECTION('',(0.,-1.,0.));
#9417=DIRECTION('center_axis',(1.,0.,0.));
#9418=DIRECTION('ref_axis',(0.,0.,-1.));
#9419=DIRECTION('center_axis',(0.,0.,1.));
#9420=DIRECTION('ref_axis',(1.,0.,0.));
#9421=DIRECTION('',(1.,0.,4.44089209850063E-16));
#9422=DIRECTION('',(2.25795162708557E-46,1.,-5.08445505318159E-31));
#9423=DIRECTION('',(-1.,0.,-4.44089209850063E-16));
#9424=DIRECTION('',(-2.25795162708557E-46,-1.,5.08445505318159E-31));
#9425=DIRECTION('center_axis',(-1.,2.25795162708557E-46,0.));
#9426=DIRECTION('ref_axis',(-2.25795162708557E-46,-1.,5.08445505318159E-31));
#9427=DIRECTION('',(2.25795162708557E-46,1.,-5.08445505318159E-31));
#9428=DIRECTION('',(0.,0.,1.));
#9429=DIRECTION('',(0.,0.,1.));
#9430=DIRECTION('center_axis',(0.,1.,0.));
#9431=DIRECTION('ref_axis',(-1.,0.,-4.44089209850063E-16));
#9432=DIRECTION('',(1.,0.,4.44089209850063E-16));
#9433=DIRECTION('',(0.,0.,1.));
#9434=DIRECTION('center_axis',(1.,-2.25795162708557E-46,0.));
#9435=DIRECTION('ref_axis',(2.25795162708557E-46,1.,-5.08445505318159E-31));
#9436=DIRECTION('',(-2.25795162708557E-46,-1.,5.08445505318159E-31));
#9437=DIRECTION('',(0.,0.,1.));
#9438=DIRECTION('center_axis',(0.,-1.,0.));
#9439=DIRECTION('ref_axis',(1.,0.,4.44089209850063E-16));
#9440=DIRECTION('',(-1.,0.,-4.44089209850063E-16));
#9441=DIRECTION('center_axis',(-4.44089209850063E-16,5.08445505318159E-31,
1.));
#9442=DIRECTION('ref_axis',(-1.,0.,-4.44089209850063E-16));
#9443=DIRECTION('',(0.,0.,1.));
#9444=DIRECTION('',(0.,0.,1.));
#9445=DIRECTION('',(0.,0.,1.));
#9446=DIRECTION('',(0.,0.,1.));
#9447=DIRECTION('',(0.,0.,1.));
#9448=DIRECTION('',(0.,0.,1.));
#9449=DIRECTION('',(0.,0.,1.));
#9450=DIRECTION('',(0.,0.,1.));
#9451=DIRECTION('',(0.,0.,1.));
#9452=DIRECTION('center_axis',(-1.,0.,0.));
#9453=DIRECTION('ref_axis',(0.,-1.,0.));
#9454=DIRECTION('',(0.,1.,0.));
#9455=DIRECTION('',(0.,-1.,0.));
#9456=DIRECTION('center_axis',(-0.104817785299445,-0.994491443847014,0.));
#9457=DIRECTION('ref_axis',(0.994491443847014,-0.104817785299445,0.));
#9458=DIRECTION('',(-0.994491443847014,0.104817785299445,0.));
#9459=DIRECTION('',(0.,0.,1.));
#9460=DIRECTION('',(0.994491443847014,-0.104817785299445,0.));
#9461=DIRECTION('',(0.,0.,1.));
#9462=DIRECTION('',(0.,0.,1.));
#9463=DIRECTION('',(0.,0.,1.));
#9464=DIRECTION('',(0.,0.,1.));
#9465=DIRECTION('',(0.,0.,1.));
#9466=DIRECTION('',(0.,0.,1.));
#9467=DIRECTION('',(0.,0.,1.));
#9468=DIRECTION('',(0.,0.,1.));
#9469=DIRECTION('',(0.,0.,1.));
#9470=DIRECTION('center_axis',(1.,0.,0.));
#9471=DIRECTION('ref_axis',(0.,1.,0.));
#9472=DIRECTION('',(0.,-1.,0.));
#9473=DIRECTION('',(0.,1.,0.));
#9474=DIRECTION('',(0.,0.,1.));
#9475=DIRECTION('',(0.,0.,1.));
#9476=DIRECTION('',(0.,0.,1.));
#9477=DIRECTION('center_axis',(0.,-1.,0.));
#9478=DIRECTION('ref_axis',(1.,0.,0.));
#9479=DIRECTION('',(-1.,0.,0.));
#9480=DIRECTION('',(1.,0.,0.));
#9481=DIRECTION('',(0.,0.,1.));
#9482=DIRECTION('',(0.,0.,1.));
#9483=DIRECTION('',(0.,0.,1.));
#9484=DIRECTION('',(0.,0.,1.));
#9485=DIRECTION('',(0.,0.,1.));
#9486=DIRECTION('',(0.,0.,1.));
#9487=DIRECTION('',(0.,0.,1.));
#9488=DIRECTION('',(0.,0.,1.));
#9489=DIRECTION('',(0.,0.,1.));
#9490=DIRECTION('',(0.,0.,1.));
#9491=DIRECTION('',(0.,0.,1.));
#9492=DIRECTION('',(0.,0.,1.));
#9493=DIRECTION('',(0.,0.,1.));
#9494=DIRECTION('',(0.,0.,1.));
#9495=DIRECTION('center_axis',(0.,0.,1.));
#9496=DIRECTION('ref_axis',(-1.,0.,0.));
#9497=DIRECTION('center_axis',(0.,0.,1.));
#9498=DIRECTION('ref_axis',(-1.,0.,0.));
#9499=DIRECTION('',(0.,0.,1.));
#9500=DIRECTION('',(0.,0.,1.));
#9501=DIRECTION('',(0.,0.,1.));
#9502=DIRECTION('',(0.,0.,1.));
#9503=DIRECTION('',(0.,0.,1.));
#9504=DIRECTION('',(0.,0.,1.));
#9505=DIRECTION('',(0.,0.,1.));
#9506=DIRECTION('',(0.,0.,1.));
#9507=DIRECTION('',(0.,0.,1.));
#9508=DIRECTION('',(0.,0.,1.));
#9509=DIRECTION('',(0.,0.,1.));
#9510=DIRECTION('',(0.,0.,1.));
#9511=DIRECTION('',(0.,0.,1.));
#9512=DIRECTION('',(0.,0.,1.));
#9513=DIRECTION('',(0.,0.,1.));
#9514=DIRECTION('',(0.,0.,1.));
#9515=DIRECTION('center_axis',(0.,0.,1.));
#9516=DIRECTION('ref_axis',(-1.,0.,0.));
#9517=DIRECTION('center_axis',(0.,0.,1.));
#9518=DIRECTION('ref_axis',(-1.,0.,0.));
#9519=DIRECTION('',(0.,0.,1.));
#9520=DIRECTION('',(0.,0.,1.));
#9521=DIRECTION('',(0.,0.,1.));
#9522=DIRECTION('',(0.,0.,1.));
#9523=DIRECTION('',(0.,0.,1.));
#9524=DIRECTION('',(0.,0.,1.));
#9525=DIRECTION('',(0.,0.,1.));
#9526=DIRECTION('',(0.,0.,1.));
#9527=DIRECTION('',(0.,0.,1.));
#9528=DIRECTION('',(0.,0.,1.));
#9529=DIRECTION('',(0.,0.,1.));
#9530=DIRECTION('',(0.,0.,1.));
#9531=DIRECTION('',(0.,0.,1.));
#9532=DIRECTION('',(0.,0.,1.));
#9533=DIRECTION('',(0.,0.,1.));
#9534=DIRECTION('',(0.,0.,1.));
#9535=DIRECTION('center_axis',(0.,0.,1.));
#9536=DIRECTION('ref_axis',(-1.,0.,0.));
#9537=DIRECTION('center_axis',(0.,0.,1.));
#9538=DIRECTION('ref_axis',(-1.,0.,0.));
#9539=DIRECTION('center_axis',(0.,1.,0.));
#9540=DIRECTION('ref_axis',(-1.,0.,0.));
#9541=DIRECTION('',(1.,0.,0.));
#9542=DIRECTION('',(0.,0.,1.));
#9543=DIRECTION('',(-1.,0.,0.));
#9544=DIRECTION('',(0.,0.,1.));
#9545=DIRECTION('center_axis',(1.,0.,0.));
#9546=DIRECTION('ref_axis',(0.,1.,0.));
#9547=DIRECTION('',(0.,-1.,0.));
#9548=DIRECTION('',(0.,1.,0.));
#9549=DIRECTION('',(0.,0.,1.));
#9550=DIRECTION('center_axis',(0.,-1.,0.));
#9551=DIRECTION('ref_axis',(1.,0.,0.));
#9552=DIRECTION('',(-1.,0.,0.));
#9553=DIRECTION('',(1.,0.,0.));
#9554=DIRECTION('',(0.,0.,1.));
#9555=DIRECTION('center_axis',(-1.,0.,0.));
#9556=DIRECTION('ref_axis',(0.,-1.,0.));
#9557=DIRECTION('',(0.,1.,0.));
#9558=DIRECTION('',(0.,-1.,0.));
#9559=DIRECTION('center_axis',(0.,0.,1.));
#9560=DIRECTION('ref_axis',(1.,0.,0.));
#9561=DIRECTION('center_axis',(0.,0.,1.));
#9562=DIRECTION('ref_axis',(-1.,0.,0.));
#9563=DIRECTION('center_axis',(0.,1.,0.));
#9564=DIRECTION('ref_axis',(-1.,0.,0.));
#9565=DIRECTION('',(1.,0.,0.));
#9566=DIRECTION('',(0.,0.,1.));
#9567=DIRECTION('',(-1.,0.,0.));
#9568=DIRECTION('',(0.,0.,1.));
#9569=DIRECTION('',(0.,0.,1.));
#9570=DIRECTION('',(0.,0.,1.));
#9571=DIRECTION('',(0.,0.,1.));
#9572=DIRECTION('',(0.,0.,1.));
#9573=DIRECTION('center_axis',(0.,-1.,0.));
#9574=DIRECTION('ref_axis',(1.,0.,0.));
#9575=DIRECTION('',(-1.,0.,0.));
#9576=DIRECTION('',(1.,0.,0.));
#9577=DIRECTION('',(0.,0.,1.));
#9578=DIRECTION('center_axis',(1.,0.,0.));
#9579=DIRECTION('ref_axis',(0.,1.,0.));
#9580=DIRECTION('',(0.,-1.,0.));
#9581=DIRECTION('',(0.,1.,0.));
#9582=DIRECTION('center_axis',(0.,1.,0.));
#9583=DIRECTION('ref_axis',(-1.,0.,0.));
#9584=DIRECTION('',(1.,0.,0.));
#9585=DIRECTION('',(0.,0.,1.));
#9586=DIRECTION('',(-1.,0.,0.));
#9587=DIRECTION('',(0.,0.,1.));
#9588=DIRECTION('',(0.,0.,1.));
#9589=DIRECTION('',(0.,0.,1.));
#9590=DIRECTION('',(0.,0.,1.));
#9591=DIRECTION('',(0.,0.,1.));
#9592=DIRECTION('center_axis',(0.,-1.,0.));
#9593=DIRECTION('ref_axis',(1.,0.,0.));
#9594=DIRECTION('',(-1.,0.,0.));
#9595=DIRECTION('',(1.,0.,0.));
#9596=DIRECTION('',(0.,0.,1.));
#9597=DIRECTION('center_axis',(1.,0.,0.));
#9598=DIRECTION('ref_axis',(0.,1.,0.));
#9599=DIRECTION('',(0.,-1.,0.));
#9600=DIRECTION('',(0.,1.,0.));
#9601=DIRECTION('center_axis',(0.,1.,0.));
#9602=DIRECTION('ref_axis',(-1.,0.,0.));
#9603=DIRECTION('',(1.,0.,0.));
#9604=DIRECTION('',(0.,0.,1.));
#9605=DIRECTION('',(-1.,0.,0.));
#9606=DIRECTION('',(0.,0.,1.));
#9607=DIRECTION('',(0.,0.,1.));
#9608=DIRECTION('',(0.,0.,1.));
#9609=DIRECTION('',(0.,0.,1.));
#9610=DIRECTION('',(0.,0.,1.));
#9611=DIRECTION('',(0.,0.,1.));
#9612=DIRECTION('',(0.,0.,1.));
#9613=DIRECTION('',(0.,0.,1.));
#9614=DIRECTION('',(0.,0.,1.));
#9615=DIRECTION('',(0.,0.,1.));
#9616=DIRECTION('',(0.,0.,1.));
#9617=DIRECTION('center_axis',(0.,-1.,0.));
#9618=DIRECTION('ref_axis',(1.,0.,0.));
#9619=DIRECTION('',(-1.,0.,0.));
#9620=DIRECTION('',(1.,0.,0.));
#9621=DIRECTION('',(0.,0.,1.));
#9622=DIRECTION('center_axis',(-1.,0.,0.));
#9623=DIRECTION('ref_axis',(0.,-1.,0.));
#9624=DIRECTION('',(0.,1.,0.));
#9625=DIRECTION('',(0.,-1.,0.));
#9626=DIRECTION('center_axis',(0.,0.,1.));
#9627=DIRECTION('ref_axis',(-1.,0.,0.));
#9628=DIRECTION('center_axis',(0.,0.,1.));
#9629=DIRECTION('ref_axis',(-1.,0.,0.));
#9630=DIRECTION('center_axis',(-0.955952733242174,-0.293520649711085,0.));
#9631=DIRECTION('ref_axis',(0.293520649711085,-0.955952733242174,0.));
#9632=DIRECTION('',(-0.293520649711085,0.955952733242174,0.));
#9633=DIRECTION('',(0.,0.,1.));
#9634=DIRECTION('',(0.293520649711085,-0.955952733242174,0.));
#9635=DIRECTION('',(0.,0.,1.));
#9636=DIRECTION('center_axis',(0.956808654157048,-0.290718419317005,0.));
#9637=DIRECTION('ref_axis',(0.290718419317005,0.956808654157048,0.));
#9638=DIRECTION('',(-0.290718419317005,-0.956808654157048,0.));
#9639=DIRECTION('',(0.290718419317005,0.956808654157048,0.));
#9640=DIRECTION('',(0.,0.,1.));
#9641=DIRECTION('center_axis',(0.,1.,0.));
#9642=DIRECTION('ref_axis',(-1.,0.,0.));
#9643=DIRECTION('',(1.,0.,0.));
#9644=DIRECTION('',(-1.,0.,0.));
#9645=DIRECTION('center_axis',(0.,-1.,0.));
#9646=DIRECTION('ref_axis',(1.,0.,0.));
#9647=DIRECTION('',(-1.,0.,0.));
#9648=DIRECTION('',(0.,0.,1.));
#9649=DIRECTION('',(1.,0.,0.));
#9650=DIRECTION('',(0.,0.,1.));
#9651=DIRECTION('center_axis',(0.95906769469777,-0.283176900518219,0.));
#9652=DIRECTION('ref_axis',(0.283176900518219,0.95906769469777,0.));
#9653=DIRECTION('',(-0.283176900518219,-0.95906769469777,0.));
#9654=DIRECTION('',(0.283176900518219,0.95906769469777,0.));
#9655=DIRECTION('',(0.,0.,1.));
#9656=DIRECTION('center_axis',(0.,-1.,0.));
#9657=DIRECTION('ref_axis',(1.,0.,0.));
#9658=DIRECTION('',(-1.,0.,0.));
#9659=DIRECTION('',(1.,0.,0.));
#9660=DIRECTION('',(0.,0.,1.));
#9661=DIRECTION('center_axis',(-0.936066528044194,0.351823045116842,0.));
#9662=DIRECTION('ref_axis',(-0.351823045116842,-0.936066528044194,0.));
#9663=DIRECTION('',(0.351823045116842,0.936066528044194,0.));
#9664=DIRECTION('',(-0.351823045116842,-0.936066528044194,0.));
#9665=DIRECTION('',(0.,0.,1.));
#9666=DIRECTION('center_axis',(0.,1.,0.));
#9667=DIRECTION('ref_axis',(-1.,0.,0.));
#9668=DIRECTION('',(1.,0.,0.));
#9669=DIRECTION('',(-1.,0.,0.));
#9670=DIRECTION('',(0.,0.,1.));
#9671=DIRECTION('center_axis',(0.936092985565741,0.351752643735078,0.));
#9672=DIRECTION('ref_axis',(-0.351752643735078,0.936092985565741,0.));
#9673=DIRECTION('',(0.351752643735078,-0.936092985565741,0.));
#9674=DIRECTION('',(-0.351752643735078,0.936092985565741,0.));
#9675=DIRECTION('',(0.,0.,1.));
#9676=DIRECTION('center_axis',(0.,-1.,0.));
#9677=DIRECTION('ref_axis',(1.,0.,0.));
#9678=DIRECTION('',(-1.,0.,0.));
#9679=DIRECTION('',(1.,0.,0.));
#9680=DIRECTION('',(0.,0.,1.));
#9681=DIRECTION('center_axis',(-0.957013127415866,-0.290044606834368,0.));
#9682=DIRECTION('ref_axis',(0.290044606834368,-0.957013127415866,0.));
#9683=DIRECTION('',(-0.290044606834368,0.957013127415866,0.));
#9684=DIRECTION('',(0.290044606834368,-0.957013127415866,0.));
#9685=DIRECTION('center_axis',(0.,0.,1.));
#9686=DIRECTION('ref_axis',(1.,0.,0.));
#9687=DIRECTION('center_axis',(0.,0.,1.));
#9688=DIRECTION('ref_axis',(-1.,0.,0.));
#9689=DIRECTION('',(0.,0.,1.));
#9690=DIRECTION('',(0.,0.,1.));
#9691=DIRECTION('',(0.,0.,1.));
#9692=DIRECTION('',(0.,0.,1.));
#9693=DIRECTION('',(0.,0.,1.));
#9694=DIRECTION('',(0.,0.,1.));
#9695=DIRECTION('',(0.,0.,1.));
#9696=DIRECTION('',(0.,0.,1.));
#9697=DIRECTION('',(0.,0.,1.));
#9698=DIRECTION('center_axis',(-1.,0.,0.));
#9699=DIRECTION('ref_axis',(0.,-1.,0.));
#9700=DIRECTION('',(0.,1.,0.));
#9701=DIRECTION('',(0.,-1.,0.));
#9702=DIRECTION('center_axis',(-0.104818570505917,-0.994491361087212,0.));
#9703=DIRECTION('ref_axis',(0.994491361087212,-0.104818570505917,0.));
#9704=DIRECTION('',(-0.994491361087212,0.104818570505917,0.));
#9705=DIRECTION('',(0.,0.,1.));
#9706=DIRECTION('',(0.994491361087212,-0.104818570505917,0.));
#9707=DIRECTION('',(0.,0.,1.));
#9708=DIRECTION('',(0.,0.,1.));
#9709=DIRECTION('',(0.,0.,1.));
#9710=DIRECTION('',(0.,0.,1.));
#9711=DIRECTION('',(0.,0.,1.));
#9712=DIRECTION('',(0.,0.,1.));
#9713=DIRECTION('',(0.,0.,1.));
#9714=DIRECTION('',(0.,0.,1.));
#9715=DIRECTION('',(0.,0.,1.));
#9716=DIRECTION('center_axis',(1.,0.,0.));
#9717=DIRECTION('ref_axis',(0.,1.,0.));
#9718=DIRECTION('',(0.,-1.,0.));
#9719=DIRECTION('',(0.,1.,0.));
#9720=DIRECTION('',(0.,0.,1.));
#9721=DIRECTION('',(0.,0.,1.));
#9722=DIRECTION('',(0.,0.,1.));
#9723=DIRECTION('center_axis',(0.,-1.,0.));
#9724=DIRECTION('ref_axis',(1.,0.,0.));
#9725=DIRECTION('',(-1.,0.,0.));
#9726=DIRECTION('',(1.,0.,0.));
#9727=DIRECTION('',(0.,0.,1.));
#9728=DIRECTION('',(0.,0.,1.));
#9729=DIRECTION('',(0.,0.,1.));
#9730=DIRECTION('',(0.,0.,1.));
#9731=DIRECTION('',(0.,0.,1.));
#9732=DIRECTION('',(0.,0.,1.));
#9733=DIRECTION('',(0.,0.,1.));
#9734=DIRECTION('',(0.,0.,1.));
#9735=DIRECTION('',(0.,0.,1.));
#9736=DIRECTION('',(0.,0.,1.));
#9737=DIRECTION('',(0.,0.,1.));
#9738=DIRECTION('',(0.,0.,1.));
#9739=DIRECTION('',(0.,0.,1.));
#9740=DIRECTION('',(0.,0.,1.));
#9741=DIRECTION('center_axis',(0.,0.,1.));
#9742=DIRECTION('ref_axis',(-1.,0.,0.));
#9743=DIRECTION('center_axis',(0.,0.,1.));
#9744=DIRECTION('ref_axis',(-1.,0.,0.));
#9745=DIRECTION('center_axis',(0.,1.,0.));
#9746=DIRECTION('ref_axis',(-1.,0.,0.));
#9747=DIRECTION('',(1.,0.,0.));
#9748=DIRECTION('',(0.,0.,1.));
#9749=DIRECTION('',(-1.,0.,0.));
#9750=DIRECTION('',(0.,0.,1.));
#9751=DIRECTION('center_axis',(1.,0.,0.));
#9752=DIRECTION('ref_axis',(0.,1.,0.));
#9753=DIRECTION('',(0.,-1.,0.));
#9754=DIRECTION('',(0.,1.,0.));
#9755=DIRECTION('',(0.,0.,1.));
#9756=DIRECTION('center_axis',(0.,-1.,0.));
#9757=DIRECTION('ref_axis',(1.,0.,0.));
#9758=DIRECTION('',(-1.,0.,0.));
#9759=DIRECTION('',(1.,0.,0.));
#9760=DIRECTION('',(0.,0.,1.));
#9761=DIRECTION('center_axis',(-1.,0.,0.));
#9762=DIRECTION('ref_axis',(0.,-1.,0.));
#9763=DIRECTION('',(0.,1.,0.));
#9764=DIRECTION('',(0.,-1.,0.));
#9765=DIRECTION('center_axis',(0.,0.,1.));
#9766=DIRECTION('ref_axis',(1.,0.,0.));
#9767=DIRECTION('center_axis',(0.,0.,1.));
#9768=DIRECTION('ref_axis',(-1.,0.,0.));
#9769=DIRECTION('',(0.,0.,1.));
#9770=DIRECTION('',(0.,0.,1.));
#9771=DIRECTION('',(0.,0.,1.));
#9772=DIRECTION('',(0.,0.,1.));
#9773=DIRECTION('',(0.,0.,1.));
#9774=DIRECTION('center_axis',(0.,1.,0.));
#9775=DIRECTION('ref_axis',(-1.,0.,0.));
#9776=DIRECTION('',(1.,0.,0.));
#9777=DIRECTION('',(-1.,0.,0.));
#9778=DIRECTION('center_axis',(0.,-1.,0.));
#9779=DIRECTION('ref_axis',(1.,0.,0.));
#9780=DIRECTION('',(-1.,0.,0.));
#9781=DIRECTION('',(0.,0.,1.));
#9782=DIRECTION('',(1.,0.,0.));
#9783=DIRECTION('',(0.,0.,1.));
#9784=DIRECTION('',(0.,0.,1.));
#9785=DIRECTION('',(0.,0.,1.));
#9786=DIRECTION('',(0.,0.,1.));
#9787=DIRECTION('',(0.,0.,1.));
#9788=DIRECTION('center_axis',(0.0918786438534937,0.995770211847916,0.));
#9789=DIRECTION('ref_axis',(-0.995770211847916,0.0918786438534937,0.));
#9790=DIRECTION('',(0.995770211847916,-0.0918786438534937,0.));
#9791=DIRECTION('',(-0.995770211847916,0.0918786438534937,0.));
#9792=DIRECTION('',(0.,0.,1.));
#9793=DIRECTION('',(0.,0.,1.));
#9794=DIRECTION('',(0.,0.,1.));
#9795=DIRECTION('',(0.,0.,1.));
#9796=DIRECTION('',(0.,0.,1.));
#9797=DIRECTION('',(0.,0.,1.));
#9798=DIRECTION('',(0.,0.,1.));
#9799=DIRECTION('',(0.,0.,1.));
#9800=DIRECTION('',(0.,0.,1.));
#9801=DIRECTION('',(0.,0.,1.));
#9802=DIRECTION('',(0.,0.,1.));
#9803=DIRECTION('center_axis',(1.,0.,0.));
#9804=DIRECTION('ref_axis',(0.,1.,0.));
#9805=DIRECTION('',(0.,-1.,0.));
#9806=DIRECTION('',(0.,1.,0.));
#9807=DIRECTION('center_axis',(0.,0.,1.));
#9808=DIRECTION('ref_axis',(-1.,0.,0.));
#9809=DIRECTION('center_axis',(0.,0.,1.));
#9810=DIRECTION('ref_axis',(-1.,0.,0.));
#9811=DIRECTION('center_axis',(0.,1.,0.));
#9812=DIRECTION('ref_axis',(-1.,0.,0.));
#9813=DIRECTION('',(1.,0.,0.));
#9814=DIRECTION('',(0.,0.,1.));
#9815=DIRECTION('',(-1.,0.,0.));
#9816=DIRECTION('',(0.,0.,1.));
#9817=DIRECTION('center_axis',(1.,0.,0.));
#9818=DIRECTION('ref_axis',(0.,1.,0.));
#9819=DIRECTION('',(0.,-1.,0.));
#9820=DIRECTION('',(0.,1.,0.));
#9821=DIRECTION('',(0.,0.,1.));
#9822=DIRECTION('',(0.,0.,1.));
#9823=DIRECTION('',(0.,0.,1.));
#9824=DIRECTION('',(0.,0.,1.));
#9825=DIRECTION('',(0.,0.,1.));
#9826=DIRECTION('center_axis',(1.,0.,0.));
#9827=DIRECTION('ref_axis',(0.,1.,0.));
#9828=DIRECTION('',(0.,-1.,0.));
#9829=DIRECTION('',(0.,1.,0.));
#9830=DIRECTION('',(0.,0.,1.));
#9831=DIRECTION('center_axis',(0.,-1.,0.));
#9832=DIRECTION('ref_axis',(1.,0.,0.));
#9833=DIRECTION('',(-1.,0.,0.));
#9834=DIRECTION('',(1.,0.,0.));
#9835=DIRECTION('',(0.,0.,1.));
#9836=DIRECTION('center_axis',(-1.,0.,0.));
#9837=DIRECTION('ref_axis',(0.,-1.,0.));
#9838=DIRECTION('',(0.,1.,0.));
#9839=DIRECTION('',(0.,-1.,0.));
#9840=DIRECTION('',(0.,0.,1.));
#9841=DIRECTION('',(0.,0.,1.));
#9842=DIRECTION('',(0.,0.,1.));
#9843=DIRECTION('',(0.,0.,1.));
#9844=DIRECTION('',(0.,0.,1.));
#9845=DIRECTION('center_axis',(1.,0.,0.));
#9846=DIRECTION('ref_axis',(0.,1.,0.));
#9847=DIRECTION('',(0.,-1.,0.));
#9848=DIRECTION('',(0.,1.,0.));
#9849=DIRECTION('',(0.,0.,1.));
#9850=DIRECTION('center_axis',(0.,-1.,0.));
#9851=DIRECTION('ref_axis',(1.,0.,0.));
#9852=DIRECTION('',(-1.,0.,0.));
#9853=DIRECTION('',(1.,0.,0.));
#9854=DIRECTION('',(0.,0.,1.));
#9855=DIRECTION('center_axis',(-1.,0.,0.));
#9856=DIRECTION('ref_axis',(0.,-1.,0.));
#9857=DIRECTION('',(0.,1.,0.));
#9858=DIRECTION('',(0.,-1.,0.));
#9859=DIRECTION('center_axis',(0.,0.,1.));
#9860=DIRECTION('ref_axis',(-1.,0.,0.));
#9861=DIRECTION('center_axis',(0.,0.,1.));
#9862=DIRECTION('ref_axis',(-1.,0.,0.));
#9863=DIRECTION('center_axis',(0.,1.,0.));
#9864=DIRECTION('ref_axis',(-1.,0.,0.));
#9865=DIRECTION('',(1.,0.,0.));
#9866=DIRECTION('',(0.,0.,1.));
#9867=DIRECTION('',(-1.,0.,0.));
#9868=DIRECTION('',(0.,0.,1.));
#9869=DIRECTION('center_axis',(0.955204345759487,0.295947052430312,0.));
#9870=DIRECTION('ref_axis',(-0.295947052430312,0.955204345759487,0.));
#9871=DIRECTION('',(0.295947052430312,-0.955204345759487,0.));
#9872=DIRECTION('',(-0.295947052430312,0.955204345759487,0.));
#9873=DIRECTION('',(0.,0.,1.));
#9874=DIRECTION('center_axis',(-0.961006190072369,0.276526857000527,0.));
#9875=DIRECTION('ref_axis',(-0.276526857000527,-0.961006190072369,0.));
#9876=DIRECTION('',(0.276526857000527,0.961006190072369,0.));
#9877=DIRECTION('',(-0.276526857000527,-0.961006190072369,0.));
#9878=DIRECTION('',(0.,0.,1.));
#9879=DIRECTION('center_axis',(0.,1.,0.));
#9880=DIRECTION('ref_axis',(-1.,0.,0.));
#9881=DIRECTION('',(1.,0.,0.));
#9882=DIRECTION('',(-1.,0.,0.));
#9883=DIRECTION('',(0.,0.,1.));
#9884=DIRECTION('center_axis',(0.937460028739032,-0.34809293948113,0.));
#9885=DIRECTION('ref_axis',(0.34809293948113,0.937460028739032,0.));
#9886=DIRECTION('',(-0.34809293948113,-0.937460028739032,0.));
#9887=DIRECTION('',(0.34809293948113,0.937460028739032,0.));
#9888=DIRECTION('',(0.,0.,1.));
#9889=DIRECTION('',(0.,0.,1.));
#9890=DIRECTION('',(0.,0.,1.));
#9891=DIRECTION('',(0.,0.,1.));
#9892=DIRECTION('center_axis',(-0.993723924128142,-0.111860460464662,0.));
#9893=DIRECTION('ref_axis',(0.111860460464662,-0.993723924128142,0.));
#9894=DIRECTION('',(-0.111860460464662,0.993723924128142,0.));
#9895=DIRECTION('',(0.111860460464662,-0.993723924128142,0.));
#9896=DIRECTION('',(0.,0.,1.));
#9897=DIRECTION('',(0.,0.,1.));
#9898=DIRECTION('',(0.,0.,1.));
#9899=DIRECTION('',(0.,0.,1.));
#9900=DIRECTION('center_axis',(-0.922076658737548,-0.387007280824793,0.));
#9901=DIRECTION('ref_axis',(0.387007280824793,-0.922076658737548,0.));
#9902=DIRECTION('',(-0.387007280824793,0.922076658737548,0.));
#9903=DIRECTION('',(0.387007280824793,-0.922076658737548,0.));
#9904=DIRECTION('center_axis',(0.,0.,1.));
#9905=DIRECTION('ref_axis',(-1.,0.,0.));
#9906=DIRECTION('center_axis',(0.,0.,1.));
#9907=DIRECTION('ref_axis',(-1.,0.,0.));
#9908=DIRECTION('center_axis',(0.,1.,0.));
#9909=DIRECTION('ref_axis',(-1.,0.,0.));
#9910=DIRECTION('',(1.,0.,0.));
#9911=DIRECTION('',(0.,0.,1.));
#9912=DIRECTION('',(-1.,0.,0.));
#9913=DIRECTION('',(0.,0.,1.));
#9914=DIRECTION('center_axis',(1.,0.,0.));
#9915=DIRECTION('ref_axis',(0.,1.,0.));
#9916=DIRECTION('',(0.,-1.,0.));
#9917=DIRECTION('',(0.,1.,0.));
#9918=DIRECTION('',(0.,0.,1.));
#9919=DIRECTION('center_axis',(0.,-1.,0.));
#9920=DIRECTION('ref_axis',(1.,0.,0.));
#9921=DIRECTION('',(-1.,0.,0.));
#9922=DIRECTION('',(1.,0.,0.));
#9923=DIRECTION('',(0.,0.,1.));
#9924=DIRECTION('center_axis',(-1.,0.,0.));
#9925=DIRECTION('ref_axis',(0.,-1.,0.));
#9926=DIRECTION('',(0.,1.,0.));
#9927=DIRECTION('',(0.,-1.,0.));
#9928=DIRECTION('center_axis',(0.,0.,1.));
#9929=DIRECTION('ref_axis',(1.,0.,0.));
#9930=DIRECTION('center_axis',(0.,0.,1.));
#9931=DIRECTION('ref_axis',(-1.,0.,0.));
#9932=DIRECTION('',(0.,0.,1.));
#9933=DIRECTION('',(0.,0.,1.));
#9934=DIRECTION('',(0.,0.,1.));
#9935=DIRECTION('',(0.,0.,1.));
#9936=DIRECTION('',(0.,0.,1.));
#9937=DIRECTION('',(0.,0.,1.));
#9938=DIRECTION('',(0.,0.,1.));
#9939=DIRECTION('',(0.,0.,1.));
#9940=DIRECTION('center_axis',(1.,0.,0.));
#9941=DIRECTION('ref_axis',(0.,1.,0.));
#9942=DIRECTION('',(0.,-1.,0.));
#9943=DIRECTION('',(0.,0.,1.));
#9944=DIRECTION('',(0.,1.,0.));
#9945=DIRECTION('',(0.,0.,1.));
#9946=DIRECTION('center_axis',(0.,-1.,0.));
#9947=DIRECTION('ref_axis',(1.,0.,0.));
#9948=DIRECTION('',(-1.,0.,0.));
#9949=DIRECTION('',(1.,0.,0.));
#9950=DIRECTION('',(0.,0.,1.));
#9951=DIRECTION('center_axis',(-1.,0.,0.));
#9952=DIRECTION('ref_axis',(0.,-1.,0.));
#9953=DIRECTION('',(0.,1.,0.));
#9954=DIRECTION('',(0.,-1.,0.));
#9955=DIRECTION('',(0.,0.,1.));
#9956=DIRECTION('',(0.,0.,1.));
#9957=DIRECTION('',(0.,0.,1.));
#9958=DIRECTION('',(0.,0.,1.));
#9959=DIRECTION('',(0.,0.,1.));
#9960=DIRECTION('',(0.,0.,1.));
#9961=DIRECTION('',(0.,0.,1.));
#9962=DIRECTION('',(0.,0.,1.));
#9963=DIRECTION('',(0.,0.,1.));
#9964=DIRECTION('center_axis',(-1.,0.,0.));
#9965=DIRECTION('ref_axis',(0.,-1.,0.));
#9966=DIRECTION('',(0.,1.,0.));
#9967=DIRECTION('',(0.,-1.,0.));
#9968=DIRECTION('',(0.,0.,1.));
#9969=DIRECTION('center_axis',(0.,1.,0.));
#9970=DIRECTION('ref_axis',(-1.,0.,0.));
#9971=DIRECTION('',(1.,0.,0.));
#9972=DIRECTION('',(-1.,0.,0.));
#9973=DIRECTION('center_axis',(0.,0.,1.));
#9974=DIRECTION('ref_axis',(-1.,0.,0.));
#9975=DIRECTION('center_axis',(0.,0.,1.));
#9976=DIRECTION('ref_axis',(-1.,0.,0.));
#9977=DIRECTION('center_axis',(0.,1.,0.));
#9978=DIRECTION('ref_axis',(-1.,0.,0.));
#9979=DIRECTION('',(1.,0.,0.));
#9980=DIRECTION('',(0.,0.,1.));
#9981=DIRECTION('',(-1.,0.,0.));
#9982=DIRECTION('',(0.,0.,1.));
#9983=DIRECTION('',(0.,0.,1.));
#9984=DIRECTION('',(0.,0.,1.));
#9985=DIRECTION('',(0.,0.,1.));
#9986=DIRECTION('',(0.,0.,1.));
#9987=DIRECTION('center_axis',(0.,-1.,0.));
#9988=DIRECTION('ref_axis',(1.,0.,0.));
#9989=DIRECTION('',(-1.,0.,0.));
#9990=DIRECTION('',(1.,0.,0.));
#9991=DIRECTION('',(0.,0.,1.));
#9992=DIRECTION('center_axis',(1.,0.,0.));
#9993=DIRECTION('ref_axis',(0.,1.,0.));
#9994=DIRECTION('',(0.,-1.,0.));
#9995=DIRECTION('',(0.,1.,0.));
#9996=DIRECTION('center_axis',(0.,1.,0.));
#9997=DIRECTION('ref_axis',(-1.,0.,0.));
#9998=DIRECTION('',(1.,0.,0.));
#9999=DIRECTION('',(0.,0.,1.));
#10000=DIRECTION('',(-1.,0.,0.));
#10001=DIRECTION('',(0.,0.,1.));
#10002=DIRECTION('',(0.,0.,1.));
#10003=DIRECTION('',(0.,0.,1.));
#10004=DIRECTION('',(0.,0.,1.));
#10005=DIRECTION('',(0.,0.,1.));
#10006=DIRECTION('center_axis',(0.,-1.,0.));
#10007=DIRECTION('ref_axis',(1.,0.,0.));
#10008=DIRECTION('',(-1.,0.,0.));
#10009=DIRECTION('',(1.,0.,0.));
#10010=DIRECTION('',(0.,0.,1.));
#10011=DIRECTION('center_axis',(1.,0.,0.));
#10012=DIRECTION('ref_axis',(0.,1.,0.));
#10013=DIRECTION('',(0.,-1.,0.));
#10014=DIRECTION('',(0.,1.,0.));
#10015=DIRECTION('',(0.,0.,1.));
#10016=DIRECTION('center_axis',(0.,-1.,0.));
#10017=DIRECTION('ref_axis',(1.,0.,0.));
#10018=DIRECTION('',(-1.,0.,0.));
#10019=DIRECTION('',(1.,0.,0.));
#10020=DIRECTION('',(0.,0.,1.));
#10021=DIRECTION('center_axis',(-1.,0.,0.));
#10022=DIRECTION('ref_axis',(0.,-1.,0.));
#10023=DIRECTION('',(0.,1.,0.));
#10024=DIRECTION('',(0.,-1.,0.));
#10025=DIRECTION('center_axis',(0.,0.,1.));
#10026=DIRECTION('ref_axis',(-1.,0.,0.));
#10027=DIRECTION('center_axis',(0.,0.,1.));
#10028=DIRECTION('ref_axis',(-1.,0.,0.));
#10029=DIRECTION('center_axis',(0.,1.,0.));
#10030=DIRECTION('ref_axis',(-1.,0.,0.));
#10031=DIRECTION('',(1.,0.,0.));
#10032=DIRECTION('',(0.,0.,1.));
#10033=DIRECTION('',(-1.,0.,0.));
#10034=DIRECTION('',(0.,0.,1.));
#10035=DIRECTION('center_axis',(1.,0.,0.));
#10036=DIRECTION('ref_axis',(0.,1.,0.));
#10037=DIRECTION('',(0.,-1.,0.));
#10038=DIRECTION('',(0.,1.,0.));
#10039=DIRECTION('',(0.,0.,1.));
#10040=DIRECTION('',(0.,0.,1.));
#10041=DIRECTION('',(0.,0.,1.));
#10042=DIRECTION('',(0.,0.,1.));
#10043=DIRECTION('',(0.,0.,1.));
#10044=DIRECTION('center_axis',(1.,0.,0.));
#10045=DIRECTION('ref_axis',(0.,1.,0.));
#10046=DIRECTION('',(0.,-1.,0.));
#10047=DIRECTION('',(0.,1.,0.));
#10048=DIRECTION('',(0.,0.,1.));
#10049=DIRECTION('center_axis',(0.,-1.,0.));
#10050=DIRECTION('ref_axis',(1.,0.,0.));
#10051=DIRECTION('',(-1.,0.,0.));
#10052=DIRECTION('',(1.,0.,0.));
#10053=DIRECTION('',(0.,0.,1.));
#10054=DIRECTION('center_axis',(-1.,0.,0.));
#10055=DIRECTION('ref_axis',(0.,-1.,0.));
#10056=DIRECTION('',(0.,1.,0.));
#10057=DIRECTION('',(0.,-1.,0.));
#10058=DIRECTION('',(0.,0.,1.));
#10059=DIRECTION('',(0.,0.,1.));
#10060=DIRECTION('',(0.,0.,1.));
#10061=DIRECTION('',(0.,0.,1.));
#10062=DIRECTION('',(0.,0.,1.));
#10063=DIRECTION('center_axis',(1.,0.,0.));
#10064=DIRECTION('ref_axis',(0.,1.,0.));
#10065=DIRECTION('',(0.,-1.,0.));
#10066=DIRECTION('',(0.,1.,0.));
#10067=DIRECTION('',(0.,0.,1.));
#10068=DIRECTION('center_axis',(0.,-1.,0.));
#10069=DIRECTION('ref_axis',(1.,0.,0.));
#10070=DIRECTION('',(-1.,0.,0.));
#10071=DIRECTION('',(1.,0.,0.));
#10072=DIRECTION('',(0.,0.,1.));
#10073=DIRECTION('center_axis',(-1.,0.,0.));
#10074=DIRECTION('ref_axis',(0.,-1.,0.));
#10075=DIRECTION('',(0.,1.,0.));
#10076=DIRECTION('',(0.,-1.,0.));
#10077=DIRECTION('center_axis',(0.,0.,1.));
#10078=DIRECTION('ref_axis',(-1.,0.,0.));
#10079=DIRECTION('center_axis',(0.,0.,1.));
#10080=DIRECTION('ref_axis',(-1.,0.,0.));
#10081=DIRECTION('center_axis',(0.,1.,0.));
#10082=DIRECTION('ref_axis',(-1.,0.,0.));
#10083=DIRECTION('',(1.,0.,0.));
#10084=DIRECTION('',(0.,0.,1.));
#10085=DIRECTION('',(-1.,0.,0.));
#10086=DIRECTION('',(0.,0.,1.));
#10087=DIRECTION('center_axis',(0.826700159727295,0.562642733807934,0.));
#10088=DIRECTION('ref_axis',(-0.562642733807934,0.826700159727295,0.));
#10089=DIRECTION('',(0.562642733807934,-0.826700159727295,0.));
#10090=DIRECTION('',(-0.562642733807934,0.826700159727295,0.));
#10091=DIRECTION('',(0.,0.,1.));
#10092=DIRECTION('center_axis',(-1.,0.,0.));
#10093=DIRECTION('ref_axis',(0.,-1.,0.));
#10094=DIRECTION('',(0.,1.,0.));
#10095=DIRECTION('',(0.,-1.,0.));
#10096=DIRECTION('',(0.,0.,1.));
#10097=DIRECTION('center_axis',(0.,1.,0.));
#10098=DIRECTION('ref_axis',(-1.,0.,0.));
#10099=DIRECTION('',(1.,0.,0.));
#10100=DIRECTION('',(-1.,0.,0.));
#10101=DIRECTION('',(0.,0.,1.));
#10102=DIRECTION('center_axis',(1.,0.,0.));
#10103=DIRECTION('ref_axis',(0.,1.,0.));
#10104=DIRECTION('',(0.,-1.,0.));
#10105=DIRECTION('',(0.,1.,0.));
#10106=DIRECTION('',(0.,0.,1.));
#10107=DIRECTION('center_axis',(0.,-1.,0.));
#10108=DIRECTION('ref_axis',(1.,0.,0.));
#10109=DIRECTION('',(-1.,0.,0.));
#10110=DIRECTION('',(1.,0.,0.));
#10111=DIRECTION('',(0.,0.,1.));
#10112=DIRECTION('center_axis',(-0.826141923275596,-0.563462086219206,0.));
#10113=DIRECTION('ref_axis',(0.563462086219205,-0.826141923275596,0.));
#10114=DIRECTION('',(-0.563462086219205,0.826141923275596,0.));
#10115=DIRECTION('',(0.563462086219205,-0.826141923275596,0.));
#10116=DIRECTION('',(0.,0.,1.));
#10117=DIRECTION('center_axis',(1.,0.,0.));
#10118=DIRECTION('ref_axis',(0.,1.,0.));
#10119=DIRECTION('',(0.,-1.,0.));
#10120=DIRECTION('',(0.,1.,0.));
#10121=DIRECTION('',(0.,0.,1.));
#10122=DIRECTION('center_axis',(0.,-1.,0.));
#10123=DIRECTION('ref_axis',(1.,0.,0.));
#10124=DIRECTION('',(-1.,0.,0.));
#10125=DIRECTION('',(1.,0.,0.));
#10126=DIRECTION('',(0.,0.,1.));
#10127=DIRECTION('center_axis',(-1.,0.,0.));
#10128=DIRECTION('ref_axis',(0.,-1.,0.));
#10129=DIRECTION('',(0.,1.,0.));
#10130=DIRECTION('',(0.,-1.,0.));
#10131=DIRECTION('center_axis',(0.,0.,1.));
#10132=DIRECTION('ref_axis',(1.,0.,0.));
#10133=DIRECTION('center_axis',(0.,0.,1.));
#10134=DIRECTION('ref_axis',(-1.,0.,0.));
#10135=CARTESIAN_POINT('',(0.,0.,0.));
#10136=CARTESIAN_POINT('Origin',(29.4085191457252,-42.1489423834516,20.8));
#10137=CARTESIAN_POINT('',(30.6585191457252,-42.1489423834516,20.8));
#10138=CARTESIAN_POINT('Origin',(29.4085191457252,-42.1489423834516,20.8));
#10139=CARTESIAN_POINT('',(30.6585191457252,-42.1489423834516,17.8));
#10140=CARTESIAN_POINT('',(30.6585191457252,-42.1489423834516,20.8));
#10141=CARTESIAN_POINT('Origin',(29.4085191457252,-42.1489423834516,17.8));
#10142=CARTESIAN_POINT('Origin',(29.4085191457252,-42.1489423834516,17.8));
#10143=CARTESIAN_POINT('Origin',(-30.0587208332558,-41.4601326539653,20.8));
#10144=CARTESIAN_POINT('',(-28.8087208332558,-41.4601326539653,20.8));
#10145=CARTESIAN_POINT('Origin',(-30.0587208332558,-41.4601326539653,20.8));
#10146=CARTESIAN_POINT('',(-28.8087208332558,-41.4601326539653,17.8));
#10147=CARTESIAN_POINT('',(-28.8087208332558,-41.4601326539653,20.8));
#10148=CARTESIAN_POINT('Origin',(-30.0587208332558,-41.4601326539653,17.8));
#10149=CARTESIAN_POINT('Origin',(-30.0587208332558,-41.4601326539653,17.8));
#10150=CARTESIAN_POINT('Origin',(29.50036044299,41.885844613873,20.8));
#10151=CARTESIAN_POINT('',(30.75036044299,41.885844613873,20.8));
#10152=CARTESIAN_POINT('Origin',(29.50036044299,41.885844613873,20.8));
#10153=CARTESIAN_POINT('',(30.75036044299,41.885844613873,17.8));
#10154=CARTESIAN_POINT('',(30.75036044299,41.885844613873,20.8));
#10155=CARTESIAN_POINT('Origin',(29.50036044299,41.885844613873,17.8));
#10156=CARTESIAN_POINT('Origin',(29.50036044299,41.885844613873,17.8));
#10157=CARTESIAN_POINT('Origin',(-30.0000004470349,42.0000006258488,20.8));
#10158=CARTESIAN_POINT('',(-28.7500004470349,42.0000006258488,20.8));
#10159=CARTESIAN_POINT('Origin',(-30.0000004470349,42.0000006258488,20.8));
#10160=CARTESIAN_POINT('',(-28.7500004470349,42.0000006258488,17.8));
#10161=CARTESIAN_POINT('',(-28.7500004470349,42.0000006258488,20.8));
#10162=CARTESIAN_POINT('Origin',(-30.0000004470349,42.0000006258488,17.8));
#10163=CARTESIAN_POINT('Origin',(-30.0000004470349,42.0000006258488,17.8));
#10164=CARTESIAN_POINT('Origin',(-31.,26.0382676357668,6.97522943327204));
#10165=CARTESIAN_POINT('',(-33.,11.0382676357668,6.97522943327204));
#10166=CARTESIAN_POINT('',(-33.,26.0382676357668,6.97522943327204));
#10167=CARTESIAN_POINT('',(-33.,-6.9808661821166,6.97522943327204));
#10168=CARTESIAN_POINT('',(-31.,11.0382676357668,6.97522943327204));
#10169=CARTESIAN_POINT('',(-31.,11.0382676357668,6.97522943327204));
#10170=CARTESIAN_POINT('',(-31.,26.0382676357668,6.97522943327204));
#10171=CARTESIAN_POINT('',(-31.,34.0191338178834,6.97522943327204));
#10172=CARTESIAN_POINT('',(-31.,26.0382676357668,6.97522943327204));
#10173=CARTESIAN_POINT('Origin',(-31.,26.0382676357668,11.975229433272));
#10174=CARTESIAN_POINT('',(-33.,26.0382676357668,11.975229433272));
#10175=CARTESIAN_POINT('',(-33.,26.0382676357668,16.387614716636));
#10176=CARTESIAN_POINT('',(-31.,26.0382676357668,11.975229433272));
#10177=CARTESIAN_POINT('',(-31.,26.0382676357668,5.48761471663602));
#10178=CARTESIAN_POINT('',(-31.,26.0382676357668,11.975229433272));
#10179=CARTESIAN_POINT('Origin',(-31.,11.0382676357668,11.975229433272));
#10180=CARTESIAN_POINT('',(-33.,11.0382676357668,11.975229433272));
#10181=CARTESIAN_POINT('',(-33.,-14.4808661821166,11.975229433272));
#10182=CARTESIAN_POINT('',(-31.,11.0382676357668,11.975229433272));
#10183=CARTESIAN_POINT('',(-31.,27.5191338178834,11.975229433272));
#10184=CARTESIAN_POINT('',(-31.,11.0382676357668,11.975229433272));
#10185=CARTESIAN_POINT('Origin',(-31.,11.0382676357668,6.97522943327204));
#10186=CARTESIAN_POINT('',(-33.,11.0382676357668,13.887614716636));
#10187=CARTESIAN_POINT('',(-31.,11.0382676357668,3.98761471663602));
#10188=CARTESIAN_POINT('Origin',(31.,-15.0000004172325,14.0000001937151));
#10189=CARTESIAN_POINT('',(33.,-28.0000004172325,14.0000001937151));
#10190=CARTESIAN_POINT('',(33.,-15.0000004172325,14.0000001937151));
#10191=CARTESIAN_POINT('',(33.,12.4999997913837,14.0000001937151));
#10192=CARTESIAN_POINT('',(31.,-28.0000004172325,14.0000001937151));
#10193=CARTESIAN_POINT('',(31.,-28.0000004172325,14.0000001937151));
#10194=CARTESIAN_POINT('',(31.,-15.0000004172325,14.0000001937151));
#10195=CARTESIAN_POINT('',(31.,-35.0000002086163,14.0000001937151));
#10196=CARTESIAN_POINT('',(31.,-15.0000004172325,14.0000001937151));
#10197=CARTESIAN_POINT('Origin',(31.,-15.0000004172325,6.5000001937151));
#10198=CARTESIAN_POINT('',(33.,-15.0000004172325,6.5000001937151));
#10199=CARTESIAN_POINT('',(33.,-15.0000004172325,13.6500000968575));
#10200=CARTESIAN_POINT('',(31.,-15.0000004172325,6.5000001937151));
#10201=CARTESIAN_POINT('',(31.,-15.0000004172325,6.50000009685755));
#10202=CARTESIAN_POINT('',(31.,-15.0000004172325,6.5000001937151));
#10203=CARTESIAN_POINT('Origin',(31.,-28.0000004172325,6.5000001937151));
#10204=CARTESIAN_POINT('',(33.,-28.0000004172325,6.5000001937151));
#10205=CARTESIAN_POINT('',(33.,5.99999979138374,6.5000001937151));
#10206=CARTESIAN_POINT('',(31.,-28.0000004172325,6.5000001937151));
#10207=CARTESIAN_POINT('',(31.,-29.5000002086163,6.5000001937151));
#10208=CARTESIAN_POINT('',(31.,-28.0000004172325,6.5000001937151));
#10209=CARTESIAN_POINT('Origin',(31.,-28.0000004172325,14.0000001937151));
#10210=CARTESIAN_POINT('',(33.,-28.0000004172325,17.4000000968575));
#10211=CARTESIAN_POINT('',(31.,-28.0000004172325,3.75000009685755));
#10212=CARTESIAN_POINT('Origin',(-28.,-40.,20.8));
#10213=CARTESIAN_POINT('',(-31.,-40.,0.));
#10214=CARTESIAN_POINT('',(-28.,-43.,0.));
#10215=CARTESIAN_POINT('Origin',(-28.,-40.,0.));
#10216=CARTESIAN_POINT('',(-28.,-43.,-0.2));
#10217=CARTESIAN_POINT('',(-28.,-43.,20.8));
#10218=CARTESIAN_POINT('',(-31.,-40.,-0.2));
#10219=CARTESIAN_POINT('Origin',(-28.,-40.,-0.2));
#10220=CARTESIAN_POINT('',(-31.,-40.,20.8));
#10221=CARTESIAN_POINT('Origin',(28.,-40.,20.8));
#10222=CARTESIAN_POINT('',(28.,-43.,0.));
#10223=CARTESIAN_POINT('',(31.,-40.,0.));
#10224=CARTESIAN_POINT('Origin',(28.,-40.,0.));
#10225=CARTESIAN_POINT('',(31.,-40.,-0.2));
#10226=CARTESIAN_POINT('',(31.,-40.,20.8));
#10227=CARTESIAN_POINT('',(28.,-43.,-0.2));
#10228=CARTESIAN_POINT('Origin',(28.,-40.,-0.2));
#10229=CARTESIAN_POINT('',(28.,-43.,20.8));
#10230=CARTESIAN_POINT('Origin',(-28.,-43.,20.8));
#10231=CARTESIAN_POINT('',(31.,-43.,0.));
#10232=CARTESIAN_POINT('',(-28.,-43.,-0.2));
#10233=CARTESIAN_POINT('Origin',(31.,-40.,20.8));
#10234=CARTESIAN_POINT('',(31.,40.,0.));
#10235=CARTESIAN_POINT('',(31.,43.,0.));
#10236=CARTESIAN_POINT('',(31.,40.,-0.2));
#10237=CARTESIAN_POINT('',(31.,40.,20.8));
#10238=CARTESIAN_POINT('',(31.,-40.,-0.2));
#10239=CARTESIAN_POINT('Origin',(-31.,40.,20.8));
#10240=CARTESIAN_POINT('',(-31.,40.,0.));
#10241=CARTESIAN_POINT('',(-31.,-43.,0.));
#10242=CARTESIAN_POINT('',(-31.,40.,-0.2));
#10243=CARTESIAN_POINT('',(-31.,40.,-0.2));
#10244=CARTESIAN_POINT('',(-31.,40.,20.8));
#10245=CARTESIAN_POINT('Origin',(-28.,40.,20.8));
#10246=CARTESIAN_POINT('',(-28.,43.,0.));
#10247=CARTESIAN_POINT('Origin',(-28.,40.,0.));
#10248=CARTESIAN_POINT('',(-28.,43.,-0.2));
#10249=CARTESIAN_POINT('Origin',(-28.,40.,-0.2));
#10250=CARTESIAN_POINT('',(-28.,43.,20.8));
#10251=CARTESIAN_POINT('Origin',(28.,43.,20.8));
#10252=CARTESIAN_POINT('',(28.,43.,0.));
#10253=CARTESIAN_POINT('',(-31.,43.,0.));
#10254=CARTESIAN_POINT('',(28.,43.,-0.2));
#10255=CARTESIAN_POINT('',(28.,43.,-0.2));
#10256=CARTESIAN_POINT('',(28.,43.,20.8));
#10257=CARTESIAN_POINT('Origin',(28.,40.,20.8));
#10258=CARTESIAN_POINT('Origin',(28.,40.,0.));
#10259=CARTESIAN_POINT('Origin',(28.,40.,-0.2));
#10260=CARTESIAN_POINT('Origin',(28.,-45.,20.8));
#10261=CARTESIAN_POINT('',(-28.,-45.,20.8));
#10262=CARTESIAN_POINT('',(28.,-45.,20.8));
#10263=CARTESIAN_POINT('',(-28.,-45.,20.8));
#10264=CARTESIAN_POINT('',(-28.,-45.,-0.2));
#10265=CARTESIAN_POINT('',(-28.,-45.,20.8));
#10266=CARTESIAN_POINT('',(28.,-45.,-0.2));
#10267=CARTESIAN_POINT('',(-28.,-45.,-0.2));
#10268=CARTESIAN_POINT('',(28.,-45.,20.8));
#10269=CARTESIAN_POINT('',(-12.934299442966,-45.,15.3026909000604));
#10270=CARTESIAN_POINT('Origin',(-9.43429944296598,-45.,15.3026909000604));
#10271=CARTESIAN_POINT('Origin',(28.,-40.,20.8));
#10272=CARTESIAN_POINT('',(33.,-40.,20.8));
#10273=CARTESIAN_POINT('Origin',(28.,-40.,20.8));
#10274=CARTESIAN_POINT('',(33.,-40.,-0.2));
#10275=CARTESIAN_POINT('Origin',(28.,-40.,-0.2));
#10276=CARTESIAN_POINT('',(33.,-40.,20.8));
#10277=CARTESIAN_POINT('Origin',(33.,40.,20.8));
#10278=CARTESIAN_POINT('',(33.,40.,20.8));
#10279=CARTESIAN_POINT('',(33.,-40.,20.8));
#10280=CARTESIAN_POINT('',(33.,40.,-0.2));
#10281=CARTESIAN_POINT('',(33.,-40.,-0.2));
#10282=CARTESIAN_POINT('',(33.,40.,20.8));
#10283=CARTESIAN_POINT('',(33.,-3.80350690709785,15.5083687999934));
#10284=CARTESIAN_POINT('',(33.,-3.75350690709185,15.5083687999934));
#10285=CARTESIAN_POINT('',(33.,18.1232465464541,15.5083687999934));
#10286=CARTESIAN_POINT('',(33.,-3.75350690709185,15.9083687999954));
#10287=CARTESIAN_POINT('',(33.,-3.75350690709185,18.3541843999977));
#10288=CARTESIAN_POINT('',(33.,3.94649309290015,15.9083687999954));
#10289=CARTESIAN_POINT('',(33.,21.9732465464501,15.9083687999954));
#10290=CARTESIAN_POINT('',(33.,3.94649309290015,15.5083687999954));
#10291=CARTESIAN_POINT('',(33.,3.94649309290014,18.1541843999977));
#10292=CARTESIAN_POINT('',(33.,3.99649309290215,15.5083687999954));
#10293=CARTESIAN_POINT('',(33.,21.9982465464512,15.5083687999962));
#10294=CARTESIAN_POINT('',(33.,3.99649309290215,12.8083687999954));
#10295=CARTESIAN_POINT('',(33.,3.99649309290215,16.8041843999977));
#10296=CARTESIAN_POINT('',(33.,3.94649309290215,12.8083687999954));
#10297=CARTESIAN_POINT('',(33.,21.9732465464511,12.8083687999954));
#10298=CARTESIAN_POINT('',(33.,3.94649309290215,12.4083687999954));
#10299=CARTESIAN_POINT('',(33.,3.94649309290214,16.6041843999977));
#10300=CARTESIAN_POINT('',(33.,-3.75350690714285,12.4083687999954));
#10301=CARTESIAN_POINT('',(33.,18.1232465464286,12.4083687999954));
#10302=CARTESIAN_POINT('',(33.,-3.75350690714285,12.8083688000014));
#10303=CARTESIAN_POINT('',(33.,-3.75350690714285,16.8041844000007));
#10304=CARTESIAN_POINT('',(33.,-3.80350690709785,12.8083688000014));
#10305=CARTESIAN_POINT('',(33.,18.0982465464511,12.8083688000014));
#10306=CARTESIAN_POINT('',(33.,-3.80350690709784,18.1541843999967));
#10307=CARTESIAN_POINT('Origin',(28.,40.,20.8));
#10308=CARTESIAN_POINT('',(28.,45.,20.8));
#10309=CARTESIAN_POINT('Origin',(28.,40.,20.8));
#10310=CARTESIAN_POINT('',(28.,45.,-0.2));
#10311=CARTESIAN_POINT('Origin',(28.,40.,-0.2));
#10312=CARTESIAN_POINT('',(28.,45.,20.8));
#10313=CARTESIAN_POINT('Origin',(-28.,45.,20.8));
#10314=CARTESIAN_POINT('',(-28.,45.,20.8));
#10315=CARTESIAN_POINT('',(28.,45.,20.8));
#10316=CARTESIAN_POINT('',(-28.,45.,-0.2));
#10317=CARTESIAN_POINT('',(28.,45.,-0.2));
#10318=CARTESIAN_POINT('',(-28.,45.,20.8));
#10319=CARTESIAN_POINT('Origin',(-28.,40.,20.8));
#10320=CARTESIAN_POINT('',(-33.,40.,20.8));
#10321=CARTESIAN_POINT('Origin',(-28.,40.,20.8));
#10322=CARTESIAN_POINT('',(-33.,40.,-0.2));
#10323=CARTESIAN_POINT('Origin',(-28.,40.,-0.2));
#10324=CARTESIAN_POINT('',(-33.,40.,20.8));
#10325=CARTESIAN_POINT('Origin',(-33.,-40.,20.8));
#10326=CARTESIAN_POINT('',(-33.,-40.,20.8));
#10327=CARTESIAN_POINT('',(-33.,40.,20.8));
#10328=CARTESIAN_POINT('',(-33.,-40.,-0.2));
#10329=CARTESIAN_POINT('',(-33.,40.,-0.2));
#10330=CARTESIAN_POINT('',(-33.,-40.,20.8));
#10331=CARTESIAN_POINT('Origin',(-28.,-40.,20.8));
#10332=CARTESIAN_POINT('Origin',(-28.,-40.,20.8));
#10333=CARTESIAN_POINT('Origin',(-28.,-40.,-0.2));
#10334=CARTESIAN_POINT('Origin',(0.,0.,-0.2));
#10335=CARTESIAN_POINT('Origin',(-30.,26.0382676357668,5.48761471663602));
#10336=CARTESIAN_POINT('',(-30.,25.0382676357668,7.97522943327204));
#10337=CARTESIAN_POINT('Origin',(-30.,26.0382676357668,6.97522943327204));
#10338=CARTESIAN_POINT('',(-30.,25.0382676357668,10.975229433272));
#10339=CARTESIAN_POINT('',(-30.,25.0382676357668,5.48761471663602));
#10340=CARTESIAN_POINT('Origin',(-30.,26.0382676357668,11.975229433272));
#10341=CARTESIAN_POINT('Origin',(-30.,27.5191338178834,11.975229433272));
#10342=CARTESIAN_POINT('',(-30.,12.0382676357668,10.975229433272));
#10343=CARTESIAN_POINT('',(-30.,27.5191338178834,10.975229433272));
#10344=CARTESIAN_POINT('Origin',(-30.,11.0382676357668,11.975229433272));
#10345=CARTESIAN_POINT('Origin',(-30.,11.0382676357668,3.98761471663602));
#10346=CARTESIAN_POINT('',(-30.,12.0382676357668,7.97522943327204));
#10347=CARTESIAN_POINT('',(-30.,12.0382676357668,3.98761471663602));
#10348=CARTESIAN_POINT('Origin',(-30.,11.0382676357668,6.97522943327204));
#10349=CARTESIAN_POINT('Origin',(-30.,34.0191338178834,6.97522943327204));
#10350=CARTESIAN_POINT('',(-30.,34.0191338178834,7.97522943327204));
#10351=CARTESIAN_POINT('Origin',(-30.8659361807784,12.0382676357668,10.975229433272));
#10352=CARTESIAN_POINT('',(-29.,25.0382676357668,10.975229433272));
#10353=CARTESIAN_POINT('',(-30.8659361807784,25.0382676357668,10.975229433272));
#10354=CARTESIAN_POINT('',(-29.,12.0382676357668,10.975229433272));
#10355=CARTESIAN_POINT('',(-29.,-7.9808661821166,10.975229433272));
#10356=CARTESIAN_POINT('',(-30.8659361807784,12.0382676357668,10.975229433272));
#10357=CARTESIAN_POINT('Origin',(-30.8659361807784,25.0382676357668,10.975229433272));
#10358=CARTESIAN_POINT('',(-29.,25.0382676357668,7.97522943327204));
#10359=CARTESIAN_POINT('',(-30.8659361807784,25.0382676357668,7.97522943327204));
#10360=CARTESIAN_POINT('',(-29.,25.0382676357668,14.987614716636));
#10361=CARTESIAN_POINT('Origin',(-30.8659361807784,12.0382676357668,7.97522943327204));
#10362=CARTESIAN_POINT('',(-29.,12.0382676357668,7.97522943327204));
#10363=CARTESIAN_POINT('',(-29.,12.0382676357668,16.487614716636));
#10364=CARTESIAN_POINT('',(-30.8659361807784,12.0382676357668,7.97522943327204));
#10365=CARTESIAN_POINT('Origin',(-30.8659361807784,25.0382676357668,7.97522943327204));
#10366=CARTESIAN_POINT('',(-29.,-14.4808661821166,7.97522943327204));
#10367=CARTESIAN_POINT('Origin',(30.,-28.0000004172325,3.75000009685755));
#10368=CARTESIAN_POINT('',(30.,-27.0000004172325,7.5000001937151));
#10369=CARTESIAN_POINT('Origin',(30.,-28.0000004172325,6.5000001937151));
#10370=CARTESIAN_POINT('',(30.,-27.0000004172325,13.0000001937151));
#10371=CARTESIAN_POINT('',(30.,-27.0000004172325,3.75000009685755));
#10372=CARTESIAN_POINT('Origin',(30.,-28.0000004172325,14.0000001937151));
#10373=CARTESIAN_POINT('Origin',(30.,-15.0000004172325,6.50000009685755));
#10374=CARTESIAN_POINT('',(30.,-16.0000004172325,13.0000001937151));
#10375=CARTESIAN_POINT('Origin',(30.,-15.0000004172325,14.0000001937151));
#10376=CARTESIAN_POINT('',(30.,-16.0000004172325,7.5000001937151));
#10377=CARTESIAN_POINT('',(30.,-16.0000004172325,6.50000009685755));
#10378=CARTESIAN_POINT('Origin',(30.,-15.0000004172325,6.5000001937151));
#10379=CARTESIAN_POINT('Origin',(30.,-35.0000002086163,14.0000001937151));
#10380=CARTESIAN_POINT('',(30.,-35.0000002086163,13.0000001937151));
#10381=CARTESIAN_POINT('Origin',(30.,-29.5000002086163,6.5000001937151));
#10382=CARTESIAN_POINT('',(30.,-29.5000002086163,7.5000001937151));
#10383=CARTESIAN_POINT('Origin',(31.,-16.0000004172325,7.5000001937151));
#10384=CARTESIAN_POINT('',(29.,-16.0000004172325,7.5000001937151));
#10385=CARTESIAN_POINT('',(31.,-16.0000004172325,7.5000001937151));
#10386=CARTESIAN_POINT('',(29.,-27.0000004172325,7.5000001937151));
#10387=CARTESIAN_POINT('',(29.,12.4999997913837,7.5000001937151));
#10388=CARTESIAN_POINT('',(31.,-27.0000004172325,7.5000001937151));
#10389=CARTESIAN_POINT('Origin',(31.,-16.0000004172325,13.0000001937151));
#10390=CARTESIAN_POINT('',(29.,-16.0000004172325,13.0000001937151));
#10391=CARTESIAN_POINT('',(31.,-16.0000004172325,13.0000001937151));
#10392=CARTESIAN_POINT('',(29.,-16.0000004172325,17.5000000968575));
#10393=CARTESIAN_POINT('Origin',(31.,-27.0000004172325,13.0000001937151));
#10394=CARTESIAN_POINT('',(29.,-27.0000004172325,13.0000001937151));
#10395=CARTESIAN_POINT('',(31.,-27.0000004172325,13.0000001937151));
#10396=CARTESIAN_POINT('',(29.,6.99999979138374,13.0000001937151));
#10397=CARTESIAN_POINT('Origin',(31.,-27.0000004172325,7.5000001937151));
#10398=CARTESIAN_POINT('',(29.,-27.0000004172325,14.7500000968575));
#10399=CARTESIAN_POINT('Origin',(-9.43429944296598,-43.,15.3026909000604));
#10400=CARTESIAN_POINT('',(-12.934299442966,-41.,15.3026909000604));
#10401=CARTESIAN_POINT('',(-12.934299442966,-43.,15.3026909000604));
#10402=CARTESIAN_POINT('Origin',(-9.43429944296598,-41.,15.3026909000604));
#10403=CARTESIAN_POINT('Origin',(31.0380679995133,-3.80350690709785,12.8083688000014));
#10404=CARTESIAN_POINT('',(29.,-3.80350690709785,12.8083688000014));
#10405=CARTESIAN_POINT('',(31.0380679995133,-3.80350690709785,12.8083688000014));
#10406=CARTESIAN_POINT('',(29.,-3.80350690709785,15.5083687999934));
#10407=CARTESIAN_POINT('',(29.,-3.80350690709785,17.4041844000007));
#10408=CARTESIAN_POINT('',(31.0380679995133,-3.80350690709785,15.5083687999934));
#10409=CARTESIAN_POINT('Origin',(31.0380679995133,-3.80350690709785,15.5083687999934));
#10410=CARTESIAN_POINT('',(29.,-3.75350690709185,15.5083687999934));
#10411=CARTESIAN_POINT('',(29.,18.5982465464511,15.5083687999934));
#10412=CARTESIAN_POINT('',(31.0380679995133,-3.75350690709185,15.5083687999934));
#10413=CARTESIAN_POINT('Origin',(31.0380679995133,-3.75350690709185,15.5083687999934));
#10414=CARTESIAN_POINT('',(29.,-3.75350690709185,15.9083687999954));
#10415=CARTESIAN_POINT('',(29.,-3.75350690709185,18.7541843999967));
#10416=CARTESIAN_POINT('',(31.0380679995133,-3.75350690709185,15.9083687999954));
#10417=CARTESIAN_POINT('Origin',(31.0380679995133,-3.75350690709185,15.9083687999954));
#10418=CARTESIAN_POINT('',(29.,3.94649309290015,15.9083687999954));
#10419=CARTESIAN_POINT('',(29.,18.6232465464541,15.9083687999954));
#10420=CARTESIAN_POINT('',(31.0380679995133,3.94649309290015,15.9083687999954));
#10421=CARTESIAN_POINT('Origin',(31.0380679995133,3.94649309290015,15.9083687999954));
#10422=CARTESIAN_POINT('',(29.,3.94649309290015,15.5083687999954));
#10423=CARTESIAN_POINT('',(29.,3.94649309290014,18.9541843999977));
#10424=CARTESIAN_POINT('',(31.0380679995133,3.94649309290015,15.5083687999954));
#10425=CARTESIAN_POINT('Origin',(31.0380679995133,3.94649309290015,15.5083687999954));
#10426=CARTESIAN_POINT('',(29.,3.99649309290214,15.5083687999954));
#10427=CARTESIAN_POINT('',(29.,22.4732465464502,15.5083687999962));
#10428=CARTESIAN_POINT('',(31.0380679995133,3.99649309290215,15.5083687999954));
#10429=CARTESIAN_POINT('Origin',(31.0380679995133,3.99649309290215,15.5083687999954));
#10430=CARTESIAN_POINT('',(29.,3.99649309290214,12.8083687999954));
#10431=CARTESIAN_POINT('',(29.,3.99649309290215,18.7541843999977));
#10432=CARTESIAN_POINT('',(31.,3.99649309290215,12.8083687999954));
#10433=CARTESIAN_POINT('Origin',(31.0380679995133,-3.75350690714285,12.8083688000014));
#10434=CARTESIAN_POINT('',(29.,-3.75350690714285,12.8083688000014));
#10435=CARTESIAN_POINT('',(31.0380679995133,-3.75350690714285,12.8083688000014));
#10436=CARTESIAN_POINT('',(29.,18.6232465464286,12.8083688000014));
#10437=CARTESIAN_POINT('Origin',(31.0380679995133,-3.75350690714285,12.4083687999954));
#10438=CARTESIAN_POINT('',(29.,-3.75350690714285,12.4083687999954));
#10439=CARTESIAN_POINT('',(31.0380679995133,-3.75350690714285,12.4083687999954));
#10440=CARTESIAN_POINT('',(29.,-3.75350690714285,17.2041843999977));
#10441=CARTESIAN_POINT('Origin',(31.0380679995133,3.94649309290215,12.4083687999954));
#10442=CARTESIAN_POINT('',(29.,3.94649309290214,12.4083687999954));
#10443=CARTESIAN_POINT('',(31.0380679995133,3.94649309290215,12.4083687999954));
#10444=CARTESIAN_POINT('',(29.,22.4732465464511,12.4083687999954));
#10445=CARTESIAN_POINT('Origin',(31.0380679995133,3.94649309290215,12.8083687999954));
#10446=CARTESIAN_POINT('',(29.,3.94649309290214,12.8083687999954));
#10447=CARTESIAN_POINT('',(31.0380679995133,3.94649309290215,12.8083687999954));
#10448=CARTESIAN_POINT('',(29.,3.94649309290214,17.4041843999977));
#10449=CARTESIAN_POINT('Origin',(31.0380679995133,3.99649309290215,12.8083687999954));
#10450=CARTESIAN_POINT('',(29.,22.4982465464511,12.8083687999954));
#10451=CARTESIAN_POINT('Origin',(0.,0.,20.8));
#10452=CARTESIAN_POINT('',(-29.,38.,20.8));
#10453=CARTESIAN_POINT('',(-29.,-38.,20.8));
#10454=CARTESIAN_POINT('',(-29.,-20.5,20.8));
#10455=CARTESIAN_POINT('',(-26.,41.,20.8));
#10456=CARTESIAN_POINT('Origin',(-26.,38.,20.8));
#10457=CARTESIAN_POINT('',(26.,41.,20.8));
#10458=CARTESIAN_POINT('',(-14.5,41.,20.8));
#10459=CARTESIAN_POINT('',(29.,38.,20.8));
#10460=CARTESIAN_POINT('Origin',(26.,38.,20.8));
#10461=CARTESIAN_POINT('',(29.,-38.,20.8));
#10462=CARTESIAN_POINT('',(29.,20.5,20.8));
#10463=CARTESIAN_POINT('',(26.,-41.,20.8));
#10464=CARTESIAN_POINT('Origin',(26.,-38.,20.8));
#10465=CARTESIAN_POINT('',(-26.,-41.,20.8));
#10466=CARTESIAN_POINT('',(14.5,-41.,20.8));
#10467=CARTESIAN_POINT('Origin',(-26.,-38.,20.8));
#10468=CARTESIAN_POINT('Origin',(26.,38.,22.));
#10469=CARTESIAN_POINT('',(26.,41.,4.));
#10470=CARTESIAN_POINT('',(26.,41.,22.));
#10471=CARTESIAN_POINT('',(29.,38.,4.));
#10472=CARTESIAN_POINT('Origin',(26.,38.,4.));
#10473=CARTESIAN_POINT('',(29.,38.,22.));
#10474=CARTESIAN_POINT('Origin',(-29.,41.,22.));
#10475=CARTESIAN_POINT('',(-26.,41.,4.));
#10476=CARTESIAN_POINT('',(-26.,41.,22.));
#10477=CARTESIAN_POINT('',(29.,41.,4.));
#10478=CARTESIAN_POINT('Origin',(-26.,38.,22.));
#10479=CARTESIAN_POINT('',(-29.,38.,4.));
#10480=CARTESIAN_POINT('',(-29.,38.,22.));
#10481=CARTESIAN_POINT('Origin',(-26.,38.,4.));
#10482=CARTESIAN_POINT('Origin',(-29.,-41.,22.));
#10483=CARTESIAN_POINT('',(-29.,-38.,4.));
#10484=CARTESIAN_POINT('',(-29.,-38.,22.));
#10485=CARTESIAN_POINT('',(-29.,41.,4.));
#10486=CARTESIAN_POINT('Origin',(14.0000002086163,-35.0000005215406,12.5));
#10487=CARTESIAN_POINT('',(15.0000002086163,-35.0000005215406,12.5));
#10488=CARTESIAN_POINT('Origin',(14.0000002086163,-35.0000005215406,12.5));
#10489=CARTESIAN_POINT('',(15.0000002086163,-35.0000005215406,6.5));
#10490=CARTESIAN_POINT('',(15.0000002086163,-35.0000005215406,12.5));
#10491=CARTESIAN_POINT('Origin',(14.0000002086163,-35.0000005215406,6.5));
#10492=CARTESIAN_POINT('Origin',(14.0000002086163,-35.0000005215406,6.5));
#10493=CARTESIAN_POINT('Origin',(22.5398327377204,35.0527464786033,12.5));
#10494=CARTESIAN_POINT('',(23.5398327377204,35.0527464786033,12.5));
#10495=CARTESIAN_POINT('Origin',(22.5398327377204,35.0527464786033,12.5));
#10496=CARTESIAN_POINT('',(23.5398327377204,35.0527464786033,6.5));
#10497=CARTESIAN_POINT('',(23.5398327377204,35.0527464786033,12.5));
#10498=CARTESIAN_POINT('Origin',(22.5398327377204,35.0527464786033,6.5));
#10499=CARTESIAN_POINT('Origin',(22.5398327377204,35.0527464786033,6.5));
#10500=CARTESIAN_POINT('Origin',(-22.5348696687054,-34.9606475818174,12.5));
#10501=CARTESIAN_POINT('',(-21.5348696687054,-34.9606475818174,12.5));
#10502=CARTESIAN_POINT('Origin',(-22.5348696687054,-34.9606475818174,12.5));
#10503=CARTESIAN_POINT('',(-21.5348696687054,-34.9606475818174,6.5));
#10504=CARTESIAN_POINT('',(-21.5348696687054,-34.9606475818174,12.5));
#10505=CARTESIAN_POINT('Origin',(-22.5348696687054,-34.9606475818174,6.5));
#10506=CARTESIAN_POINT('Origin',(-22.5348696687054,-34.9606475818174,6.5));
#10507=CARTESIAN_POINT('Origin',(-22.5000003352761,35.0000005215406,12.5));
#10508=CARTESIAN_POINT('',(-21.5000003352761,35.0000005215406,12.5));
#10509=CARTESIAN_POINT('Origin',(-22.5000003352761,35.0000005215406,12.5));
#10510=CARTESIAN_POINT('',(-21.5000003352761,35.0000005215406,6.5));
#10511=CARTESIAN_POINT('',(-21.5000003352761,35.0000005215406,12.5));
#10512=CARTESIAN_POINT('Origin',(-22.5000003352761,35.0000005215406,6.5));
#10513=CARTESIAN_POINT('Origin',(-22.5000003352761,35.0000005215406,6.5));
#10514=CARTESIAN_POINT('Origin',(22.5000003352761,35.0000005215406,4.));
#10515=CARTESIAN_POINT('',(25.5000003352761,35.0000005215406,12.5));
#10516=CARTESIAN_POINT('Origin',(22.5000003352761,35.0000005215406,12.5));
#10517=CARTESIAN_POINT('',(25.5000003352761,35.0000005215406,4.));
#10518=CARTESIAN_POINT('',(25.5000003352761,35.0000005215406,4.));
#10519=CARTESIAN_POINT('Origin',(22.5000003352761,35.0000005215406,4.));
#10520=CARTESIAN_POINT('Origin',(22.5000003352761,35.0000005215406,12.5));
#10521=CARTESIAN_POINT('Origin',(-22.5000003352761,35.0000005215406,4.));
#10522=CARTESIAN_POINT('',(-19.5000003352761,35.0000005215406,12.5));
#10523=CARTESIAN_POINT('Origin',(-22.5000003352761,35.0000005215406,12.5));
#10524=CARTESIAN_POINT('',(-19.5000003352761,35.0000005215406,4.));
#10525=CARTESIAN_POINT('',(-19.5000003352761,35.0000005215406,4.));
#10526=CARTESIAN_POINT('Origin',(-22.5000003352761,35.0000005215406,4.));
#10527=CARTESIAN_POINT('Origin',(-22.5000003352761,35.0000005215406,12.5));
#10528=CARTESIAN_POINT('Origin',(14.0000002086163,-35.0000005215406,4.));
#10529=CARTESIAN_POINT('',(17.0000002086163,-35.0000005215406,12.5));
#10530=CARTESIAN_POINT('Origin',(14.0000002086163,-35.0000005215406,12.5));
#10531=CARTESIAN_POINT('',(17.0000002086163,-35.0000005215406,4.));
#10532=CARTESIAN_POINT('',(17.0000002086163,-35.0000005215406,4.));
#10533=CARTESIAN_POINT('Origin',(14.0000002086163,-35.0000005215406,4.));
#10534=CARTESIAN_POINT('Origin',(14.0000002086163,-35.0000005215406,12.5));
#10535=CARTESIAN_POINT('Origin',(-22.5000003352761,-35.0000005215406,4.));
#10536=CARTESIAN_POINT('',(-19.5000003352761,-35.0000005215406,12.5));
#10537=CARTESIAN_POINT('Origin',(-22.5000003352761,-35.0000005215406,12.5));
#10538=CARTESIAN_POINT('',(-19.5000003352761,-35.0000005215406,4.));
#10539=CARTESIAN_POINT('',(-19.5000003352761,-35.0000005215406,4.));
#10540=CARTESIAN_POINT('Origin',(-22.5000003352761,-35.0000005215406,4.));
#10541=CARTESIAN_POINT('Origin',(-22.5000003352761,-35.0000005215406,12.5));
#10542=CARTESIAN_POINT('Origin',(-26.,-38.,22.));
#10543=CARTESIAN_POINT('',(-26.,-41.,4.));
#10544=CARTESIAN_POINT('',(-26.,-41.,22.));
#10545=CARTESIAN_POINT('Origin',(-26.,-38.,4.));
#10546=CARTESIAN_POINT('Origin',(29.,-41.,22.));
#10547=CARTESIAN_POINT('',(26.,-41.,4.));
#10548=CARTESIAN_POINT('',(26.,-41.,22.));
#10549=CARTESIAN_POINT('',(-29.,-41.,4.));
#10550=CARTESIAN_POINT('Origin',(26.,-38.,22.));
#10551=CARTESIAN_POINT('',(29.,-38.,4.));
#10552=CARTESIAN_POINT('',(29.,-38.,22.));
#10553=CARTESIAN_POINT('Origin',(26.,-38.,4.));
#10554=CARTESIAN_POINT('Origin',(29.,41.,22.));
#10555=CARTESIAN_POINT('',(29.,-41.,4.));
#10556=CARTESIAN_POINT('Origin',(0.,0.,0.));
#10557=CARTESIAN_POINT('Origin',(0.,0.,4.));
#10558=CARTESIAN_POINT('Origin',(29.6904098254469,41.9386994516846,23.9737323767569));
#10559=CARTESIAN_POINT('',(30.6404098254469,41.9386994516846,23.9737323767569));
#10560=CARTESIAN_POINT('Origin',(29.6904098254469,41.9386994516846,23.9737323767569));
#10561=CARTESIAN_POINT('',(30.6404098254469,41.9386994516846,20.9737323767569));
#10562=CARTESIAN_POINT('',(30.6404098254469,41.9386994516846,23.9737323767569));
#10563=CARTESIAN_POINT('',(30.406256877127,41.3141492146332,20.9737323767569));
#10564=CARTESIAN_POINT('Origin',(29.6904098254469,41.9386994516846,20.9737323767569));
#10565=CARTESIAN_POINT('',(30.406256877127,41.3141492146332,21.9737323767569));
#10566=CARTESIAN_POINT('',(30.406256877127,41.3141492146332,23.9737323767569));
#10567=CARTESIAN_POINT('',(29.2268639480078,42.7679311560406,21.9737323767569));
#10568=CARTESIAN_POINT('Origin',(29.6904098254469,41.9386994516846,21.9737323767569));
#10569=CARTESIAN_POINT('',(29.2268639480078,42.7679311560406,20.9737323767569));
#10570=CARTESIAN_POINT('',(29.2268639480078,42.7679311560406,23.9737323767569));
#10571=CARTESIAN_POINT('Origin',(29.6904098254469,41.9386994516846,20.9737323767569));
#10572=CARTESIAN_POINT('Origin',(29.5065063029545,-42.1226029741771,23.9737323767569));
#10573=CARTESIAN_POINT('',(30.4565063029545,-42.1226029741771,23.9737323767569));
#10574=CARTESIAN_POINT('Origin',(29.5065063029545,-42.1226029741771,23.9737323767569));
#10575=CARTESIAN_POINT('',(30.4565063029545,-42.1226029741771,20.9737323767569));
#10576=CARTESIAN_POINT('',(30.4565063029545,-42.1226029741771,23.9737323767569));
#10577=CARTESIAN_POINT('',(28.6636693932733,-42.5609247095258,20.9737323767569));
#10578=CARTESIAN_POINT('Origin',(29.5065063029545,-42.1226029741771,20.9737323767569));
#10579=CARTESIAN_POINT('',(28.6636693932733,-42.5609247095258,21.9737323767569));
#10580=CARTESIAN_POINT('',(28.6636693932733,-42.5609247095258,23.9737323767569));
#10581=CARTESIAN_POINT('',(30.1157700627424,-41.3937012860125,21.9737323767569));
#10582=CARTESIAN_POINT('Origin',(29.5065063029545,-42.1226029741771,21.9737323767569));
#10583=CARTESIAN_POINT('',(30.1157700627424,-41.3937012860126,20.9737323767569));
#10584=CARTESIAN_POINT('',(30.1157700627424,-41.3937012860126,23.9737323767569));
#10585=CARTESIAN_POINT('Origin',(29.5065063029545,-42.1226029741771,20.9737323767569));
#10586=CARTESIAN_POINT('Origin',(-29.8000004470348,42.0000006258488,23.9737323767569));
#10587=CARTESIAN_POINT('',(-28.8500004470348,42.0000006258488,23.9737323767569));
#10588=CARTESIAN_POINT('Origin',(-29.8000004470348,42.0000006258488,23.9737323767569));
#10589=CARTESIAN_POINT('',(-28.8500004470348,42.0000006258488,21.9737323767569));
#10590=CARTESIAN_POINT('',(-28.8500004470348,42.0000006258488,23.9737323767569));
#10591=CARTESIAN_POINT('',(-30.2525531336502,41.1647185981257,21.9737323767569));
#10592=CARTESIAN_POINT('Origin',(-29.8000004470348,42.0000006258488,21.9737323767569));
#10593=CARTESIAN_POINT('',(-30.2525531336502,41.1647185981257,20.9737323767569));
#10594=CARTESIAN_POINT('',(-30.2525531336502,41.1647185981257,23.9737323767569));
#10595=CARTESIAN_POINT('',(-29.1421999417543,42.6854191076923,20.9737323767569));
#10596=CARTESIAN_POINT('Origin',(-29.8000004470348,42.0000006258488,20.9737323767569));
#10597=CARTESIAN_POINT('',(-29.1421999417543,42.6854191076923,21.9737323767569));
#10598=CARTESIAN_POINT('',(-29.1421999417543,42.6854191076923,23.9737323767569));
#10599=CARTESIAN_POINT('Origin',(-29.8000004470348,42.0000006258488,21.9737323767569));
#10600=CARTESIAN_POINT('Origin',(-29.861301621199,-41.3869888842072,23.9737323767569));
#10601=CARTESIAN_POINT('',(-28.911301621199,-41.3869888842072,23.9737323767569));
#10602=CARTESIAN_POINT('Origin',(-29.861301621199,-41.3869888842072,23.9737323767569));
#10603=CARTESIAN_POINT('',(-28.911301621199,-41.3869888842072,21.9737323767569));
#10604=CARTESIAN_POINT('',(-28.911301621199,-41.3869888842072,23.9737323767569));
#10605=CARTESIAN_POINT('',(-29.2498178967672,-42.1140292233597,21.9737323767569));
#10606=CARTESIAN_POINT('Origin',(-29.861301621199,-41.3869888842072,21.9737323767569));
#10607=CARTESIAN_POINT('',(-29.2498178967672,-42.1140292233597,20.9737323767569));
#10608=CARTESIAN_POINT('',(-29.2498178967672,-42.1140292233597,23.9737323767569));
#10609=CARTESIAN_POINT('',(-30.2921881384867,-40.5403267265435,20.9737323767569));
#10610=CARTESIAN_POINT('Origin',(-29.861301621199,-41.3869888842072,20.9737323767569));
#10611=CARTESIAN_POINT('',(-30.2921881384867,-40.5403267265435,21.9737323767569));
#10612=CARTESIAN_POINT('',(-30.2921881384867,-40.5403267265435,23.9737323767569));
#10613=CARTESIAN_POINT('Origin',(-29.861301621199,-41.3869888842072,21.9737323767569));
#10614=CARTESIAN_POINT('Origin',(27.6031022755709,40.2453534999268,23.9737323767569));
#10615=CARTESIAN_POINT('',(30.6031022755709,40.2453534999268,20.9737323767569));
#10616=CARTESIAN_POINT('Origin',(27.6031022755709,40.2453534999268,20.9737323767569));
#10617=CARTESIAN_POINT('',(30.6031022755709,40.2453534999268,21.9737323767569));
#10618=CARTESIAN_POINT('',(30.6031022755709,40.2453534999268,23.9737323767569));
#10619=CARTESIAN_POINT('Origin',(27.6031022755709,40.2453534999268,21.9737323767569));
#10620=CARTESIAN_POINT('Origin',(27.6031022755709,40.2453534999268,23.9737323767569));
#10621=CARTESIAN_POINT('',(27.6031022755709,43.2453534999268,21.9737323767569));
#10622=CARTESIAN_POINT('Origin',(27.6031022755709,40.2453534999268,21.9737323767569));
#10623=CARTESIAN_POINT('',(27.6031022755709,43.2453534999268,20.9737323767569));
#10624=CARTESIAN_POINT('',(27.6031022755709,43.2453534999268,23.9737323767569));
#10625=CARTESIAN_POINT('Origin',(27.6031022755709,40.2453534999268,20.9737323767569));
#10626=CARTESIAN_POINT('Origin',(27.6031022755709,-39.7546465000732,23.9737323767569));
#10627=CARTESIAN_POINT('',(27.6031022755709,-42.7546465000732,20.9737323767569));
#10628=CARTESIAN_POINT('Origin',(27.6031022755709,-39.7546465000732,20.9737323767569));
#10629=CARTESIAN_POINT('',(27.6031022755709,-42.7546465000732,21.9737323767569));
#10630=CARTESIAN_POINT('',(27.6031022755709,-42.7546465000732,23.9737323767569));
#10631=CARTESIAN_POINT('Origin',(27.6031022755709,-39.7546465000732,21.9737323767569));
#10632=CARTESIAN_POINT('Origin',(27.6031022755709,-39.7546465000732,23.9737323767569));
#10633=CARTESIAN_POINT('',(30.6031022755709,-39.7546465000732,21.9737323767569));
#10634=CARTESIAN_POINT('Origin',(27.6031022755709,-39.7546465000732,21.9737323767569));
#10635=CARTESIAN_POINT('',(30.6031022755709,-39.7546465000732,20.9737323767569));
#10636=CARTESIAN_POINT('',(30.6031022755709,-39.7546465000732,23.9737323767569));
#10637=CARTESIAN_POINT('Origin',(27.6031022755709,-39.7546465000732,20.9737323767569));
#10638=CARTESIAN_POINT('Origin',(-27.3968977244291,40.2453534999268,23.9737323767569));
#10639=CARTESIAN_POINT('',(-30.3968977244291,40.2453534999268,21.9737323767569));
#10640=CARTESIAN_POINT('Origin',(-27.3968977244291,40.2453534999268,21.9737323767569));
#10641=CARTESIAN_POINT('',(-30.3968977244291,40.2453534999268,20.9737323767569));
#10642=CARTESIAN_POINT('',(-30.3968977244291,40.2453534999268,23.9737323767569));
#10643=CARTESIAN_POINT('Origin',(-27.3968977244291,40.2453534999268,20.9737323767569));
#10644=CARTESIAN_POINT('Origin',(-27.3968977244291,40.2453534999268,23.9737323767569));
#10645=CARTESIAN_POINT('',(-27.3968977244291,43.2453534999268,20.9737323767569));
#10646=CARTESIAN_POINT('Origin',(-27.3968977244291,40.2453534999268,20.9737323767569));
#10647=CARTESIAN_POINT('',(-27.3968977244291,43.2453534999268,21.9737323767569));
#10648=CARTESIAN_POINT('',(-27.3968977244291,43.2453534999268,23.9737323767569));
#10649=CARTESIAN_POINT('Origin',(-27.3968977244291,40.2453534999268,21.9737323767569));
#10650=CARTESIAN_POINT('Origin',(0.103102275570888,0.245353499926804,21.9737323767569));
#10651=CARTESIAN_POINT('',(30.6031022755709,43.2453534999268,21.9737323767569));
#10652=CARTESIAN_POINT('',(-27.3968977244291,-42.7546465000732,21.9737323767569));
#10653=CARTESIAN_POINT('',(30.6031022755709,-42.7546465000732,21.9737323767569));
#10654=CARTESIAN_POINT('Origin',(-27.3968977244291,-39.7546465000732,21.9737323767569));
#10655=CARTESIAN_POINT('',(-30.3968977244291,-39.7546465000732,21.9737323767569));
#10656=CARTESIAN_POINT('Origin',(-27.3968977244291,-39.7546465000732,21.9737323767569));
#10657=CARTESIAN_POINT('',(-30.3968977244291,-42.7546465000732,21.9737323767569));
#10658=CARTESIAN_POINT('',(-30.3968977244291,43.2453534999268,21.9737323767569));
#10659=CARTESIAN_POINT('',(4.29325649719716,-2.57725130672629,21.9737323767569));
#10660=CARTESIAN_POINT('Origin',(0.693256497197159,-2.57725130672629,21.9737323767569));
#10661=CARTESIAN_POINT('',(-3.36311681318633,-18.1087447408064,21.9737323767569));
#10662=CARTESIAN_POINT('Origin',(-6.96311681318633,-18.1087447408064,21.9737323767569));
#10663=CARTESIAN_POINT('',(15.983287300135,-2.46850683414082,21.9737323767569));
#10664=CARTESIAN_POINT('Origin',(12.383287300135,-2.46850683414082,21.9737323767569));
#10665=CARTESIAN_POINT('',(-7.75019384164351,-2.55006518857992,21.9737323767569));
#10666=CARTESIAN_POINT('Origin',(-11.3501938416435,-2.55006518857992,21.9737323767569));
#10667=CARTESIAN_POINT('',(-15.6885403403827,-18.100524768302,21.9737323767569));
#10668=CARTESIAN_POINT('Origin',(-19.2885403403827,-18.100524768302,21.9737323767569));
#10669=CARTESIAN_POINT('',(14.3447295276975,13.3553208550557,21.9737323767569));
#10670=CARTESIAN_POINT('',(14.3447295276975,25.3553208550557,21.9737323767569));
#10671=CARTESIAN_POINT('',(14.3447295276975,12.8003371774913,21.9737323767569));
#10672=CARTESIAN_POINT('',(-13.6552704723025,25.3553208550557,21.9737323767569));
#10673=CARTESIAN_POINT('',(-6.77608409836582,25.3553208550557,21.9737323767569));
#10674=CARTESIAN_POINT('',(-13.6552704723025,13.3553208550557,21.9737323767569));
#10675=CARTESIAN_POINT('',(-13.6552704723025,6.80033717749127,21.9737323767569));
#10676=CARTESIAN_POINT('',(7.22391590163418,13.3553208550557,21.9737323767569));
#10677=CARTESIAN_POINT('Origin',(-27.3968977244291,-39.7546465000732,23.9737323767569));
#10678=CARTESIAN_POINT('',(-27.3968977244291,-42.7546465000732,20.9737323767569));
#10679=CARTESIAN_POINT('',(-27.3968977244291,-42.7546465000732,23.9737323767569));
#10680=CARTESIAN_POINT('Origin',(-27.3968977244291,-39.7546465000732,20.9737323767569));
#10681=CARTESIAN_POINT('Origin',(-27.3968977244291,-39.7546465000732,23.9737323767569));
#10682=CARTESIAN_POINT('',(-30.3968977244291,-39.7546465000732,20.9737323767569));
#10683=CARTESIAN_POINT('Origin',(-27.3968977244291,-39.7546465000732,20.9737323767569));
#10684=CARTESIAN_POINT('',(-30.3968977244291,-39.7546465000732,23.9737323767569));
#10685=CARTESIAN_POINT('Origin',(-27.3968977244291,-42.7546465000732,23.9737323767569));
#10686=CARTESIAN_POINT('',(-27.3968977244291,-42.7546465000732,20.9737323767569));
#10687=CARTESIAN_POINT('Origin',(30.6031022755709,-39.7546465000732,23.9737323767569));
#10688=CARTESIAN_POINT('',(30.6031022755709,-39.7546465000732,20.9737323767569));
#10689=CARTESIAN_POINT('Origin',(-30.3968977244291,40.2453534999268,23.9737323767569));
#10690=CARTESIAN_POINT('',(-30.3968977244291,40.2453534999268,20.9737323767569));
#10691=CARTESIAN_POINT('Origin',(27.6031022755709,43.2453534999268,23.9737323767569));
#10692=CARTESIAN_POINT('',(27.6031022755709,43.2453534999268,20.9737323767569));
#10693=CARTESIAN_POINT('Origin',(-27.3968977244291,45.2453534999268,23.9737323767569));
#10694=CARTESIAN_POINT('',(27.6031022755709,45.2453534999268,23.9737323767569));
#10695=CARTESIAN_POINT('',(-27.3968977244291,45.2453534999268,23.9737323767569));
#10696=CARTESIAN_POINT('',(27.6031022755709,45.2453534999268,23.9737323767569));
#10697=CARTESIAN_POINT('',(27.6031022755709,45.2453534999268,20.9737323767569));
#10698=CARTESIAN_POINT('',(27.6031022755709,45.2453534999268,23.9737323767569));
#10699=CARTESIAN_POINT('',(-27.3968977244291,45.2453534999268,20.9737323767569));
#10700=CARTESIAN_POINT('',(27.6031022755709,45.2453534999268,20.9737323767569));
#10701=CARTESIAN_POINT('',(-27.3968977244291,45.2453534999268,23.9737323767569));
#10702=CARTESIAN_POINT('Origin',(-27.3968977244291,40.2453534999268,23.9737323767569));
#10703=CARTESIAN_POINT('',(-32.3968977244291,40.2453534999268,23.9737323767569));
#10704=CARTESIAN_POINT('Origin',(-27.3968977244291,40.2453534999268,23.9737323767569));
#10705=CARTESIAN_POINT('',(-32.3968977244291,40.2453534999268,20.9737323767569));
#10706=CARTESIAN_POINT('Origin',(-27.3968977244291,40.2453534999268,20.9737323767569));
#10707=CARTESIAN_POINT('',(-32.3968977244291,40.2453534999268,23.9737323767569));
#10708=CARTESIAN_POINT('Origin',(-32.3968977244291,-39.7546465000732,23.9737323767569));
#10709=CARTESIAN_POINT('',(-32.3968977244291,-39.7546465000732,23.9737323767569));
#10710=CARTESIAN_POINT('',(-32.3968977244291,40.2453534999268,23.9737323767569));
#10711=CARTESIAN_POINT('',(-32.3968977244291,-39.7546465000732,20.9737323767569));
#10712=CARTESIAN_POINT('',(-32.3968977244291,40.2453534999268,20.9737323767569));
#10713=CARTESIAN_POINT('',(-32.3968977244291,-39.7546465000732,23.9737323767569));
#10714=CARTESIAN_POINT('Origin',(-27.3968977244291,-39.7546465000732,23.9737323767569));
#10715=CARTESIAN_POINT('',(-27.3968977244291,-44.7546465000732,23.9737323767569));
#10716=CARTESIAN_POINT('Origin',(-27.3968977244291,-39.7546465000732,23.9737323767569));
#10717=CARTESIAN_POINT('',(-27.3968977244291,-44.7546465000732,20.9737323767569));
#10718=CARTESIAN_POINT('Origin',(-27.3968977244291,-39.7546465000732,20.9737323767569));
#10719=CARTESIAN_POINT('',(-27.3968977244291,-44.7546465000732,23.9737323767569));
#10720=CARTESIAN_POINT('Origin',(27.6031022755709,-44.7546465000732,23.9737323767569));
#10721=CARTESIAN_POINT('',(27.6031022755709,-44.7546465000732,23.9737323767569));
#10722=CARTESIAN_POINT('',(-27.3968977244291,-44.7546465000732,23.9737323767569));
#10723=CARTESIAN_POINT('',(27.6031022755709,-44.7546465000732,20.9737323767569));
#10724=CARTESIAN_POINT('',(-27.3968977244291,-44.7546465000732,20.9737323767569));
#10725=CARTESIAN_POINT('',(27.6031022755709,-44.7546465000732,23.9737323767569));
#10726=CARTESIAN_POINT('Origin',(27.6031022755709,-39.7546465000732,23.9737323767569));
#10727=CARTESIAN_POINT('',(32.6031022755709,-39.7546465000732,23.9737323767569));
#10728=CARTESIAN_POINT('Origin',(27.6031022755709,-39.7546465000732,23.9737323767569));
#10729=CARTESIAN_POINT('',(32.6031022755709,-39.7546465000732,20.9737323767569));
#10730=CARTESIAN_POINT('Origin',(27.6031022755709,-39.7546465000732,20.9737323767569));
#10731=CARTESIAN_POINT('',(32.6031022755709,-39.7546465000732,23.9737323767569));
#10732=CARTESIAN_POINT('Origin',(32.6031022755709,40.2453534999268,23.9737323767569));
#10733=CARTESIAN_POINT('',(32.6031022755709,40.2453534999268,23.9737323767569));
#10734=CARTESIAN_POINT('',(32.6031022755709,-39.7546465000732,23.9737323767569));
#10735=CARTESIAN_POINT('',(32.6031022755709,40.2453534999268,20.9737323767569));
#10736=CARTESIAN_POINT('',(32.6031022755709,-39.7546465000732,20.9737323767569));
#10737=CARTESIAN_POINT('',(32.6031022755709,40.2453534999268,23.9737323767569));
#10738=CARTESIAN_POINT('Origin',(27.6031022755709,40.2453534999268,23.9737323767569));
#10739=CARTESIAN_POINT('Origin',(27.6031022755709,40.2453534999268,23.9737323767569));
#10740=CARTESIAN_POINT('Origin',(27.6031022755709,40.2453534999268,20.9737323767569));
#10741=CARTESIAN_POINT('Origin',(0.103102275570888,0.245353499926795,20.9737323767569));
#10742=CARTESIAN_POINT('Origin',(0.693256497197159,-2.57725130672629,23.9737323767569));
#10743=CARTESIAN_POINT('',(4.29325649719716,-2.57725130672629,23.9737323767569));
#10744=CARTESIAN_POINT('Origin',(0.693256497197159,-2.57725130672629,23.9737323767569));
#10745=CARTESIAN_POINT('',(4.29325649719716,-2.57725130672629,23.9737323767569));
#10746=CARTESIAN_POINT('Origin',(-6.96311681318633,-18.1087447408064,23.9737323767569));
#10747=CARTESIAN_POINT('',(-3.36311681318633,-18.1087447408064,23.9737323767569));
#10748=CARTESIAN_POINT('Origin',(-6.96311681318633,-18.1087447408064,23.9737323767569));
#10749=CARTESIAN_POINT('',(-3.36311681318633,-18.1087447408064,23.9737323767569));
#10750=CARTESIAN_POINT('Origin',(12.383287300135,-2.46850683414082,23.9737323767569));
#10751=CARTESIAN_POINT('',(15.983287300135,-2.46850683414082,23.9737323767569));
#10752=CARTESIAN_POINT('Origin',(12.383287300135,-2.46850683414082,23.9737323767569));
#10753=CARTESIAN_POINT('',(15.983287300135,-2.46850683414082,23.9737323767569));
#10754=CARTESIAN_POINT('Origin',(-11.3501938416435,-2.55006518857992,23.9737323767569));
#10755=CARTESIAN_POINT('',(-7.75019384164351,-2.55006518857992,23.9737323767569));
#10756=CARTESIAN_POINT('Origin',(-11.3501938416435,-2.55006518857992,23.9737323767569));
#10757=CARTESIAN_POINT('',(-7.75019384164351,-2.55006518857992,23.9737323767569));
#10758=CARTESIAN_POINT('Origin',(-19.2885403403827,-18.100524768302,23.9737323767569));
#10759=CARTESIAN_POINT('',(-15.6885403403827,-18.100524768302,23.9737323767569));
#10760=CARTESIAN_POINT('Origin',(-19.2885403403827,-18.100524768302,23.9737323767569));
#10761=CARTESIAN_POINT('',(-15.6885403403827,-18.100524768302,23.9737323767569));
#10762=CARTESIAN_POINT('Origin',(-13.6552704723025,13.3553208550557,23.9737323767569));
#10763=CARTESIAN_POINT('',(-13.6552704723025,25.3553208550557,23.9737323767569));
#10764=CARTESIAN_POINT('',(-13.6552704723025,25.3553208550557,23.9737323767569));
#10765=CARTESIAN_POINT('',(-13.6552704723025,13.3553208550557,23.9737323767569));
#10766=CARTESIAN_POINT('',(-13.6552704723025,6.80033717749127,23.9737323767569));
#10767=CARTESIAN_POINT('',(-13.6552704723025,13.3553208550557,23.9737323767569));
#10768=CARTESIAN_POINT('Origin',(14.3447295276975,13.3553208550557,23.9737323767569));
#10769=CARTESIAN_POINT('',(14.3447295276975,13.3553208550557,23.9737323767569));
#10770=CARTESIAN_POINT('',(7.22391590163418,13.3553208550557,23.9737323767569));
#10771=CARTESIAN_POINT('',(14.3447295276975,13.3553208550557,23.9737323767569));
#10772=CARTESIAN_POINT('Origin',(14.3447295276975,25.3553208550557,23.9737323767569));
#10773=CARTESIAN_POINT('',(14.3447295276975,25.3553208550557,23.9737323767569));
#10774=CARTESIAN_POINT('',(14.3447295276975,12.8003371774913,23.9737323767569));
#10775=CARTESIAN_POINT('',(14.3447295276975,25.3553208550557,23.9737323767569));
#10776=CARTESIAN_POINT('Origin',(-13.6552704723025,25.3553208550557,23.9737323767569));
#10777=CARTESIAN_POINT('',(-6.77608409836582,25.3553208550557,23.9737323767569));
#10778=CARTESIAN_POINT('Origin',(0.103102275570888,0.245353499926804,23.9737323767569));
#10779=CARTESIAN_POINT('Origin',(-11.5948320243286,-2.59850690709582,24.8083688953648));
#10780=CARTESIAN_POINT('',(-7.09483202432857,-2.59850690709582,26.8083688953648));
#10781=CARTESIAN_POINT('Origin',(-11.5948320243286,-2.59850690709582,26.8083688953648));
#10782=CARTESIAN_POINT('',(-7.09483202432857,-2.59850690709582,24.8083688953648));
#10783=CARTESIAN_POINT('',(-7.09483202432857,-2.59850690709582,24.8083688953648));
#10784=CARTESIAN_POINT('Origin',(-11.5948320243286,-2.59850690709582,24.8083688953648));
#10785=CARTESIAN_POINT('Origin',(-11.5948320243286,-2.59850690709582,26.8083688953648));
#10786=CARTESIAN_POINT('Origin',(-11.5948320243286,-2.59850690709582,24.8083688953648));
#10787=CARTESIAN_POINT('',(-9.94483202432857,-2.59850690709582,24.8083688953648));
#10788=CARTESIAN_POINT('Origin',(-11.5948320243286,-2.59850690709582,24.8083688953648));
#10789=CARTESIAN_POINT('Origin',(-11.5948320243286,-2.59850690709582,17.8083688953648));
#10790=CARTESIAN_POINT('',(-9.94483202432857,-2.59850690709582,17.8083688953648));
#10791=CARTESIAN_POINT('',(-9.94483202432857,-2.59850690709582,17.8083688953648));
#10792=CARTESIAN_POINT('Origin',(-11.5948320243286,-2.59850690709582,17.8083688953648));
#10793=CARTESIAN_POINT('Origin',(-11.5948320243286,-2.59850690709582,17.8083688953648));
#10794=CARTESIAN_POINT('Origin',(0.339762973204003,-2.71810378563201,24.8083688953648));
#10795=CARTESIAN_POINT('',(4.839762973204,-2.71810378563201,24.8083688953648));
#10796=CARTESIAN_POINT('Origin',(0.339762973204003,-2.71810378563201,24.8083688953648));
#10797=CARTESIAN_POINT('',(2.14676797567143,-2.59850690709582,24.8083688953648));
#10798=CARTESIAN_POINT('Origin',(0.496767975671433,-2.59850690709582,24.8083688953648));
#10799=CARTESIAN_POINT('Origin',(0.339762973204003,-2.71810378563201,24.8083688953648));
#10800=CARTESIAN_POINT('',(4.839762973204,-2.71810378563201,26.8083688953648));
#10801=CARTESIAN_POINT('Origin',(0.339762973204003,-2.71810378563201,26.8083688953648));
#10802=CARTESIAN_POINT('',(4.839762973204,-2.71810378563201,24.8083688953648));
#10803=CARTESIAN_POINT('Origin',(0.339762973204003,-2.71810378563201,26.8083688953648));
#10804=CARTESIAN_POINT('Origin',(0.496767975671433,-2.59850690709582,17.8083688953648));
#10805=CARTESIAN_POINT('',(2.14676797567143,-2.59850690709582,17.8083688953648));
#10806=CARTESIAN_POINT('',(2.14676797567143,-2.59850690709582,17.8083688953648));
#10807=CARTESIAN_POINT('Origin',(0.496767975671433,-2.59850690709582,17.8083688953648));
#10808=CARTESIAN_POINT('Origin',(0.496767975671433,-2.59850690709582,17.8083688953648));
#10809=CARTESIAN_POINT('Origin',(12.3447213597454,-2.71810378563201,24.8083688953648));
#10810=CARTESIAN_POINT('',(16.8447213597454,-2.71810378563201,24.8083688953648));
#10811=CARTESIAN_POINT('Origin',(12.3447213597454,-2.71810378563201,24.8083688953648));
#10812=CARTESIAN_POINT('',(13.9323679756714,-2.59850690709582,24.8083688953648));
#10813=CARTESIAN_POINT('Origin',(12.2823679756714,-2.59850690709582,24.8083688953648));
#10814=CARTESIAN_POINT('Origin',(12.3447213597454,-2.71810378563201,24.8083688953648));
#10815=CARTESIAN_POINT('',(16.8447213597454,-2.71810378563201,26.8083688953648));
#10816=CARTESIAN_POINT('Origin',(12.3447213597454,-2.71810378563201,26.8083688953648));
#10817=CARTESIAN_POINT('',(16.8447213597454,-2.71810378563201,24.8083688953648));
#10818=CARTESIAN_POINT('Origin',(12.3447213597454,-2.71810378563201,26.8083688953648));
#10819=CARTESIAN_POINT('Origin',(12.2823679756714,-2.59850690709582,17.8083688953648));
#10820=CARTESIAN_POINT('',(13.9323679756714,-2.59850690709582,17.8083688953648));
#10821=CARTESIAN_POINT('',(13.9323679756714,-2.59850690709582,17.8083688953648));
#10822=CARTESIAN_POINT('Origin',(12.2823679756714,-2.59850690709582,17.8083688953648));
#10823=CARTESIAN_POINT('Origin',(12.2823679756714,-2.59850690709582,17.8083688953648));
#10824=CARTESIAN_POINT('Origin',(-19.3664894726281,-18.3472005530161,24.8083688953648));
#10825=CARTESIAN_POINT('',(-14.8664894726281,-18.3472005530161,24.8083688953648));
#10826=CARTESIAN_POINT('Origin',(-19.3664894726281,-18.3472005530161,24.8083688953648));
#10827=CARTESIAN_POINT('',(-17.6652320243285,-18.2301069070958,24.8083688953648));
#10828=CARTESIAN_POINT('Origin',(-19.3152320243285,-18.2301069070958,24.8083688953648));
#10829=CARTESIAN_POINT('Origin',(-19.3664894726281,-18.3472005530161,24.8083688953648));
#10830=CARTESIAN_POINT('',(-14.8664894726281,-18.3472005530161,26.8083688953648));
#10831=CARTESIAN_POINT('Origin',(-19.3664894726281,-18.3472005530161,26.8083688953648));
#10832=CARTESIAN_POINT('',(-14.8664894726281,-18.3472005530161,24.8083688953648));
#10833=CARTESIAN_POINT('Origin',(-19.3664894726281,-18.3472005530161,26.8083688953648));
#10834=CARTESIAN_POINT('Origin',(-19.3152320243285,-18.2301069070958,17.8083688953648));
#10835=CARTESIAN_POINT('',(-17.6652320243285,-18.2301069070958,17.8083688953648));
#10836=CARTESIAN_POINT('',(-17.6652320243285,-18.2301069070958,17.8083688953648));
#10837=CARTESIAN_POINT('Origin',(-19.3152320243285,-18.2301069070958,17.8083688953648));
#10838=CARTESIAN_POINT('Origin',(-19.3152320243285,-18.2301069070958,17.8083688953648));
#10839=CARTESIAN_POINT('Origin',(-7.13502243728405,-18.0074375798121,24.8083688953648));
#10840=CARTESIAN_POINT('',(-2.63502243728405,-18.0074375798121,24.8083688953648));
#10841=CARTESIAN_POINT('Origin',(-7.13502243728405,-18.0074375798121,24.8083688953648));
#10842=CARTESIAN_POINT('',(-5.49443202432856,-18.0985069070958,24.8083688953648));
#10843=CARTESIAN_POINT('Origin',(-7.14443202432856,-18.0985069070958,24.8083688953648));
#10844=CARTESIAN_POINT('Origin',(-7.13502243728405,-18.0074375798121,24.8083688953648));
#10845=CARTESIAN_POINT('',(-2.63502243728405,-18.0074375798121,26.8083688953648));
#10846=CARTESIAN_POINT('Origin',(-7.13502243728405,-18.0074375798121,26.8083688953648));
#10847=CARTESIAN_POINT('',(-2.63502243728405,-18.0074375798121,24.8083688953648));
#10848=CARTESIAN_POINT('Origin',(-7.13502243728405,-18.0074375798121,26.8083688953648));
#10849=CARTESIAN_POINT('Origin',(-7.14443202432856,-18.0985069070958,17.8083688953648));
#10850=CARTESIAN_POINT('',(-5.49443202432856,-18.0985069070958,17.8083688953648));
#10851=CARTESIAN_POINT('',(-5.49443202432856,-18.0985069070958,17.8083688953648));
#10852=CARTESIAN_POINT('Origin',(-7.14443202432856,-18.0985069070958,17.8083688953648));
#10853=CARTESIAN_POINT('Origin',(-7.14443202432856,-18.0985069070958,17.8083688953648));
#10854=CARTESIAN_POINT('Origin',(33.1167030446304,2.55976828556927,13.18763686689));
#10855=CARTESIAN_POINT('',(33.1167030446304,2.55976828556927,13.18763686689));
#10856=CARTESIAN_POINT('',(33.1167030446304,2.55976828556927,14.98763686689));
#10857=CARTESIAN_POINT('',(33.1167030446304,2.55976828556927,13.08763686689));
#10858=CARTESIAN_POINT('',(38.1167030446304,2.55976828556927,13.18763686689));
#10859=CARTESIAN_POINT('',(33.1167030446304,2.55976828556927,13.18763686689));
#10860=CARTESIAN_POINT('',(38.1167030446304,2.55976828556927,14.98763686689));
#10861=CARTESIAN_POINT('',(38.1167030446304,2.55976828556927,14.98763686689));
#10862=CARTESIAN_POINT('',(33.1167030446304,2.55976828556927,14.98763686689));
#10863=CARTESIAN_POINT('Origin',(33.1167030446304,-1.04023171443073,13.18763686689));
#10864=CARTESIAN_POINT('',(33.1167030446304,-1.04023171443073,13.18763686689));
#10865=CARTESIAN_POINT('',(33.1167030446304,0.859768285569267,13.18763686689));
#10866=CARTESIAN_POINT('',(38.1167030446304,-1.04023171443073,13.18763686689));
#10867=CARTESIAN_POINT('',(33.1167030446304,-1.04023171443073,13.18763686689));
#10868=CARTESIAN_POINT('',(38.1167030446304,2.55976828556927,13.18763686689));
#10869=CARTESIAN_POINT('Origin',(33.1167030446304,-1.04023171443073,14.98763686689));
#10870=CARTESIAN_POINT('',(33.1167030446304,-1.04023171443073,14.98763686689));
#10871=CARTESIAN_POINT('',(33.1167030446304,-1.04023171443073,13.98763686689));
#10872=CARTESIAN_POINT('',(38.1167030446304,-1.04023171443073,14.98763686689));
#10873=CARTESIAN_POINT('',(33.1167030446304,-1.04023171443073,14.98763686689));
#10874=CARTESIAN_POINT('',(38.1167030446304,-1.04023171443073,13.18763686689));
#10875=CARTESIAN_POINT('Origin',(33.1167030446304,2.55976828556927,14.98763686689));
#10876=CARTESIAN_POINT('',(33.1167030446304,2.65976828556927,14.98763686689));
#10877=CARTESIAN_POINT('',(38.1167030446304,-1.04023171443073,14.98763686689));
#10878=CARTESIAN_POINT('Origin',(38.1167030446304,0.759768285569267,14.08763686689));
#10879=CARTESIAN_POINT('Origin',(36.1167030446304,0.759768285569267,15.18763686689));
#10880=CARTESIAN_POINT('',(33.1167030446304,-1.24023171443073,15.18763686689));
#10881=CARTESIAN_POINT('',(39.1167030446304,-1.24023171443073,15.18763686689));
#10882=CARTESIAN_POINT('',(39.1167030446304,-1.24023171443073,15.18763686689));
#10883=CARTESIAN_POINT('',(39.1167030446304,2.75976828556927,15.18763686689));
#10884=CARTESIAN_POINT('',(39.1167030446304,2.75976828556927,15.18763686689));
#10885=CARTESIAN_POINT('',(33.1167030446304,2.75976828556927,15.18763686689));
#10886=CARTESIAN_POINT('',(33.1167030446304,2.75976828556927,15.18763686689));
#10887=CARTESIAN_POINT('',(33.1167030446304,-1.24023171443073,15.18763686689));
#10888=CARTESIAN_POINT('Origin',(33.1167030446304,2.75976828556927,12.98763686689));
#10889=CARTESIAN_POINT('',(33.1167030446304,-1.24023171443073,12.98763686689));
#10890=CARTESIAN_POINT('',(33.1167030446304,2.75976828556927,12.98763686689));
#10891=CARTESIAN_POINT('',(33.1167030446304,-1.24023171443073,12.98763686689));
#10892=CARTESIAN_POINT('',(33.1167030446304,-1.24023171443073,12.98763686689));
#10893=CARTESIAN_POINT('',(33.1167030446304,2.75976828556927,12.98763686689));
#10894=CARTESIAN_POINT('Origin',(39.1167030446304,2.75976828556927,12.98763686689));
#10895=CARTESIAN_POINT('',(39.1167030446304,2.75976828556927,12.98763686689));
#10896=CARTESIAN_POINT('',(33.1167030446304,2.75976828556927,12.98763686689));
#10897=CARTESIAN_POINT('',(39.1167030446304,2.75976828556927,12.98763686689));
#10898=CARTESIAN_POINT('Origin',(39.1167030446304,-1.24023171443073,12.98763686689));
#10899=CARTESIAN_POINT('',(39.1167030446304,-1.24023171443073,12.98763686689));
#10900=CARTESIAN_POINT('',(39.1167030446304,2.75976828556927,12.98763686689));
#10901=CARTESIAN_POINT('',(39.1167030446304,-1.24023171443073,12.98763686689));
#10902=CARTESIAN_POINT('Origin',(33.1167030446304,-1.24023171443073,12.98763686689));
#10903=CARTESIAN_POINT('',(39.1167030446304,-1.24023171443073,12.98763686689));
#10904=CARTESIAN_POINT('Origin',(36.1167030446304,0.759768285569267,12.98763686689));
#10905=CARTESIAN_POINT('Ctrl Pts',(-6.75066083640567,37.5732735046785,23.9737323767569));
#10906=CARTESIAN_POINT('Ctrl Pts',(-6.75066083640567,37.5732735046785,24.7737323767569));
#10907=CARTESIAN_POINT('Ctrl Pts',(-6.66919228777826,37.594809496771,23.9737323767569));
#10908=CARTESIAN_POINT('Ctrl Pts',(-6.66919228777826,37.594809496771,24.7737323767569));
#10909=CARTESIAN_POINT('Ctrl Pts',(-6.50830874894202,37.6373386283017,23.9737323767569));
#10910=CARTESIAN_POINT('Ctrl Pts',(-6.50830874894202,37.6373386283017,24.7737323767569));
#10911=CARTESIAN_POINT('Ctrl Pts',(-6.35088083525981,37.6912653245862,23.9737323767569));
#10912=CARTESIAN_POINT('Ctrl Pts',(-6.35088083525981,37.6912653245862,24.7737323767569));
#10913=CARTESIAN_POINT('Ctrl Pts',(-6.2731716033887,37.7178845056932,23.9737323767569));
#10914=CARTESIAN_POINT('Ctrl Pts',(-6.2731716033887,37.7178845056932,24.7737323767569));
#10915=CARTESIAN_POINT('',(-6.2731716033887,37.7178845056932,23.9737323767569));
#10916=CARTESIAN_POINT('',(-6.75066083640567,37.5732735046785,23.9737323767569));
#10917=CARTESIAN_POINT('Ctrl Pts',(-6.2731716033887,37.7178845056932,23.9737323767569));
#10918=CARTESIAN_POINT('Ctrl Pts',(-6.35088083525981,37.6912653245862,23.9737323767569));
#10919=CARTESIAN_POINT('Ctrl Pts',(-6.50830874894202,37.6373386283017,23.9737323767569));
#10920=CARTESIAN_POINT('Ctrl Pts',(-6.66919228777826,37.594809496771,23.9737323767569));
#10921=CARTESIAN_POINT('Ctrl Pts',(-6.75066083640567,37.5732735046785,23.9737323767569));
#10922=CARTESIAN_POINT('',(-6.2731716033887,37.7178845056932,24.7737323767569));
#10923=CARTESIAN_POINT('',(-6.2731716033887,37.7178845056932,23.9737323767569));
#10924=CARTESIAN_POINT('',(-6.75066083640567,37.5732735046785,24.7737323767569));
#10925=CARTESIAN_POINT('Ctrl Pts',(-6.75066083640567,37.5732735046785,24.7737323767569));
#10926=CARTESIAN_POINT('Ctrl Pts',(-6.66919228777826,37.594809496771,24.7737323767569));
#10927=CARTESIAN_POINT('Ctrl Pts',(-6.50830874894202,37.6373386283017,24.7737323767569));
#10928=CARTESIAN_POINT('Ctrl Pts',(-6.35088083525981,37.6912653245862,24.7737323767569));
#10929=CARTESIAN_POINT('Ctrl Pts',(-6.2731716033887,37.7178845056932,24.7737323767569));
#10930=CARTESIAN_POINT('',(-6.75066083640567,37.5732735046785,23.9737323767569));
#10931=CARTESIAN_POINT('Ctrl Pts',(-7.1790382263135,37.3959198841494,23.9737323767569));
#10932=CARTESIAN_POINT('Ctrl Pts',(-7.1790382263135,37.3959198841494,24.7737323767569));
#10933=CARTESIAN_POINT('Ctrl Pts',(-7.12928150282471,37.4273822950515,23.9737323767569));
#10934=CARTESIAN_POINT('Ctrl Pts',(-7.12928150282471,37.4273822950515,24.7737323767569));
#10935=CARTESIAN_POINT('Ctrl Pts',(-6.99731381098864,37.5108287411844,23.9737323767569));
#10936=CARTESIAN_POINT('Ctrl Pts',(-6.99731381098864,37.5108287411844,24.7737323767569));
#10937=CARTESIAN_POINT('Ctrl Pts',(-6.84533684132999,37.5493045225649,23.9737323767569));
#10938=CARTESIAN_POINT('Ctrl Pts',(-6.84533684132999,37.5493045225649,24.7737323767569));
#10939=CARTESIAN_POINT('Ctrl Pts',(-6.75066083640567,37.5732735046785,23.9737323767569));
#10940=CARTESIAN_POINT('Ctrl Pts',(-6.75066083640567,37.5732735046785,24.7737323767569));
#10941=CARTESIAN_POINT('',(-7.1790382263135,37.3959198841494,23.9737323767569));
#10942=CARTESIAN_POINT('Ctrl Pts',(-6.75066083640567,37.5732735046785,23.9737323767569));
#10943=CARTESIAN_POINT('Ctrl Pts',(-6.84533684132999,37.5493045225649,23.9737323767569));
#10944=CARTESIAN_POINT('Ctrl Pts',(-6.99731381098864,37.5108287411844,23.9737323767569));
#10945=CARTESIAN_POINT('Ctrl Pts',(-7.12928150282471,37.4273822950515,23.9737323767569));
#10946=CARTESIAN_POINT('Ctrl Pts',(-7.1790382263135,37.3959198841494,23.9737323767569));
#10947=CARTESIAN_POINT('',(-7.1790382263135,37.3959198841494,24.7737323767569));
#10948=CARTESIAN_POINT('Ctrl Pts',(-7.1790382263135,37.3959198841494,24.7737323767569));
#10949=CARTESIAN_POINT('Ctrl Pts',(-7.12928150282471,37.4273822950515,24.7737323767569));
#10950=CARTESIAN_POINT('Ctrl Pts',(-6.99731381098864,37.5108287411844,24.7737323767569));
#10951=CARTESIAN_POINT('Ctrl Pts',(-6.84533684132999,37.5493045225649,24.7737323767569));
#10952=CARTESIAN_POINT('Ctrl Pts',(-6.75066083640567,37.5732735046785,24.7737323767569));
#10953=CARTESIAN_POINT('',(-7.1790382263135,37.3959198841494,23.9737323767569));
#10954=CARTESIAN_POINT('Ctrl Pts',(-7.27180808753482,37.1912816414278,23.9737323767569));
#10955=CARTESIAN_POINT('Ctrl Pts',(-7.27180808753482,37.1912816414278,24.7737323767569));
#10956=CARTESIAN_POINT('Ctrl Pts',(-7.26744309080115,37.2289314687985,23.9737323767569));
#10957=CARTESIAN_POINT('Ctrl Pts',(-7.26744309080115,37.2289314687985,24.7737323767569));
#10958=CARTESIAN_POINT('Ctrl Pts',(-7.25840624479588,37.306877848334,23.9737323767569));
#10959=CARTESIAN_POINT('Ctrl Pts',(-7.25840624479588,37.306877848334,24.7737323767569));
#10960=CARTESIAN_POINT('Ctrl Pts',(-7.2060864181251,37.3655748395069,23.9737323767569));
#10961=CARTESIAN_POINT('Ctrl Pts',(-7.2060864181251,37.3655748395069,24.7737323767569));
#10962=CARTESIAN_POINT('Ctrl Pts',(-7.1790382263135,37.3959198841494,23.9737323767569));
#10963=CARTESIAN_POINT('Ctrl Pts',(-7.1790382263135,37.3959198841494,24.7737323767569));
#10964=CARTESIAN_POINT('',(-7.27180808753482,37.1912816414278,23.9737323767569));
#10965=CARTESIAN_POINT('Ctrl Pts',(-7.1790382263135,37.3959198841494,23.9737323767569));
#10966=CARTESIAN_POINT('Ctrl Pts',(-7.2060864181251,37.3655748395069,23.9737323767569));
#10967=CARTESIAN_POINT('Ctrl Pts',(-7.25840624479588,37.306877848334,23.9737323767569));
#10968=CARTESIAN_POINT('Ctrl Pts',(-7.26744309080115,37.2289314687985,23.9737323767569));
#10969=CARTESIAN_POINT('Ctrl Pts',(-7.27180808753482,37.1912816414278,23.9737323767569));
#10970=CARTESIAN_POINT('',(-7.27180808753482,37.1912816414278,24.7737323767569));
#10971=CARTESIAN_POINT('Ctrl Pts',(-7.27180808753482,37.1912816414278,24.7737323767569));
#10972=CARTESIAN_POINT('Ctrl Pts',(-7.26744309080115,37.2289314687985,24.7737323767569));
#10973=CARTESIAN_POINT('Ctrl Pts',(-7.25840624479588,37.306877848334,24.7737323767569));
#10974=CARTESIAN_POINT('Ctrl Pts',(-7.2060864181251,37.3655748395069,24.7737323767569));
#10975=CARTESIAN_POINT('Ctrl Pts',(-7.1790382263135,37.3959198841494,24.7737323767569));
#10976=CARTESIAN_POINT('',(-7.27180808753482,37.1912816414278,23.9737323767569));
#10977=CARTESIAN_POINT('Ctrl Pts',(-7.18040198058596,36.9770935425203,23.9737323767569));
#10978=CARTESIAN_POINT('Ctrl Pts',(-7.18040198058596,36.9770935425203,24.7737323767569));
#10979=CARTESIAN_POINT('Ctrl Pts',(-7.20705962148466,37.0071715594304,23.9737323767569));
#10980=CARTESIAN_POINT('Ctrl Pts',(-7.20705962148466,37.0071715594304,24.7737323767569));
#10981=CARTESIAN_POINT('Ctrl Pts',(-7.26126740842338,37.0683346135203,23.9737323767569));
#10982=CARTESIAN_POINT('Ctrl Pts',(-7.26126740842338,37.0683346135203,24.7737323767569));
#10983=CARTESIAN_POINT('Ctrl Pts',(-7.26825617228573,37.1498519177224,23.9737323767569));
#10984=CARTESIAN_POINT('Ctrl Pts',(-7.26825617228573,37.1498519177224,24.7737323767569));
#10985=CARTESIAN_POINT('Ctrl Pts',(-7.27180808753482,37.1912816414278,23.9737323767569));
#10986=CARTESIAN_POINT('Ctrl Pts',(-7.27180808753482,37.1912816414278,24.7737323767569));
#10987=CARTESIAN_POINT('',(-7.18040198058596,36.9770935425203,23.9737323767569));
#10988=CARTESIAN_POINT('Ctrl Pts',(-7.27180808753482,37.1912816414278,23.9737323767569));
#10989=CARTESIAN_POINT('Ctrl Pts',(-7.26825617228573,37.1498519177224,23.9737323767569));
#10990=CARTESIAN_POINT('Ctrl Pts',(-7.26126740842338,37.0683346135203,23.9737323767569));
#10991=CARTESIAN_POINT('Ctrl Pts',(-7.20705962148466,37.0071715594304,23.9737323767569));
#10992=CARTESIAN_POINT('Ctrl Pts',(-7.18040198058596,36.9770935425203,23.9737323767569));
#10993=CARTESIAN_POINT('',(-7.18040198058596,36.9770935425203,24.7737323767569));
#10994=CARTESIAN_POINT('Ctrl Pts',(-7.18040198058596,36.9770935425203,24.7737323767569));
#10995=CARTESIAN_POINT('Ctrl Pts',(-7.20705962148466,37.0071715594304,24.7737323767569));
#10996=CARTESIAN_POINT('Ctrl Pts',(-7.26126740842338,37.0683346135203,24.7737323767569));
#10997=CARTESIAN_POINT('Ctrl Pts',(-7.26825617228573,37.1498519177224,24.7737323767569));
#10998=CARTESIAN_POINT('Ctrl Pts',(-7.27180808753482,37.1912816414278,24.7737323767569));
#10999=CARTESIAN_POINT('',(-7.18040198058596,36.9770935425203,23.9737323767569));
#11000=CARTESIAN_POINT('Ctrl Pts',(-6.91164344520083,36.8938735374849,23.9737323767569));
#11001=CARTESIAN_POINT('Ctrl Pts',(-6.91164344520083,36.8938735374849,24.7737323767569));
#11002=CARTESIAN_POINT('Ctrl Pts',(-6.96526973068468,36.8957472836451,23.9737323767569));
#11003=CARTESIAN_POINT('Ctrl Pts',(-6.96526973068468,36.8957472836451,24.7737323767569));
#11004=CARTESIAN_POINT('Ctrl Pts',(-7.06288784169899,36.8991581400755,23.9737323767569));
#11005=CARTESIAN_POINT('Ctrl Pts',(-7.06288784169899,36.8991581400755,24.7737323767569));
#11006=CARTESIAN_POINT('Ctrl Pts',(-7.14389563349326,36.9528825251959,23.9737323767569));
#11007=CARTESIAN_POINT('Ctrl Pts',(-7.14389563349326,36.9528825251959,24.7737323767569));
#11008=CARTESIAN_POINT('Ctrl Pts',(-7.18040198058596,36.9770935425203,23.9737323767569));
#11009=CARTESIAN_POINT('Ctrl Pts',(-7.18040198058596,36.9770935425203,24.7737323767569));
#11010=CARTESIAN_POINT('',(-6.91164344520083,36.8938735374849,23.9737323767569));
#11011=CARTESIAN_POINT('Ctrl Pts',(-7.18040198058596,36.9770935425203,23.9737323767569));
#11012=CARTESIAN_POINT('Ctrl Pts',(-7.14389563349326,36.9528825251959,23.9737323767569));
#11013=CARTESIAN_POINT('Ctrl Pts',(-7.06288784169899,36.8991581400755,23.9737323767569));
#11014=CARTESIAN_POINT('Ctrl Pts',(-6.96526973068468,36.8957472836451,23.9737323767569));
#11015=CARTESIAN_POINT('Ctrl Pts',(-6.91164344520083,36.8938735374849,23.9737323767569));
#11016=CARTESIAN_POINT('',(-6.91164344520083,36.8938735374849,24.7737323767569));
#11017=CARTESIAN_POINT('Ctrl Pts',(-6.91164344520083,36.8938735374849,24.7737323767569));
#11018=CARTESIAN_POINT('Ctrl Pts',(-6.96526973068468,36.8957472836451,24.7737323767569));
#11019=CARTESIAN_POINT('Ctrl Pts',(-7.06288784169899,36.8991581400755,24.7737323767569));
#11020=CARTESIAN_POINT('Ctrl Pts',(-7.14389563349326,36.9528825251959,24.7737323767569));
#11021=CARTESIAN_POINT('Ctrl Pts',(-7.18040198058596,36.9770935425203,24.7737323767569));
#11022=CARTESIAN_POINT('',(-6.91164344520083,36.8938735374849,23.9737323767569));
#11023=CARTESIAN_POINT('Ctrl Pts',(-6.56648725242129,36.9839146980684,23.9737323767569));
#11024=CARTESIAN_POINT('Ctrl Pts',(-6.56648725242129,36.9839146980684,24.7737323767569));
#11025=CARTESIAN_POINT('Ctrl Pts',(-6.62087281397054,36.9576527715254,23.9737323767569));
#11026=CARTESIAN_POINT('Ctrl Pts',(-6.62087281397054,36.9576527715254,24.7737323767569));
#11027=CARTESIAN_POINT('Ctrl Pts',(-6.72999775788729,36.9049580639686,23.9737323767569));
#11028=CARTESIAN_POINT('Ctrl Pts',(-6.72999775788729,36.9049580639686,24.7737323767569));
#11029=CARTESIAN_POINT('Ctrl Pts',(-6.8509641444724,36.8975763576613,23.9737323767569));
#11030=CARTESIAN_POINT('Ctrl Pts',(-6.8509641444724,36.8975763576613,24.7737323767569));
#11031=CARTESIAN_POINT('Ctrl Pts',(-6.91164344520083,36.8938735374849,23.9737323767569));
#11032=CARTESIAN_POINT('Ctrl Pts',(-6.91164344520083,36.8938735374849,24.7737323767569));
#11033=CARTESIAN_POINT('',(-6.56648725242129,36.9839146980684,23.9737323767569));
#11034=CARTESIAN_POINT('Ctrl Pts',(-6.91164344520083,36.8938735374849,23.9737323767569));
#11035=CARTESIAN_POINT('Ctrl Pts',(-6.8509641444724,36.8975763576613,23.9737323767569));
#11036=CARTESIAN_POINT('Ctrl Pts',(-6.72999775788729,36.9049580639686,23.9737323767569));
#11037=CARTESIAN_POINT('Ctrl Pts',(-6.62087281397054,36.9576527715254,23.9737323767569));
#11038=CARTESIAN_POINT('Ctrl Pts',(-6.56648725242129,36.9839146980684,23.9737323767569));
#11039=CARTESIAN_POINT('',(-6.56648725242129,36.9839146980684,24.7737323767569));
#11040=CARTESIAN_POINT('Ctrl Pts',(-6.56648725242129,36.9839146980684,24.7737323767569));
#11041=CARTESIAN_POINT('Ctrl Pts',(-6.62087281397054,36.9576527715254,24.7737323767569));
#11042=CARTESIAN_POINT('Ctrl Pts',(-6.72999775788729,36.9049580639686,24.7737323767569));
#11043=CARTESIAN_POINT('Ctrl Pts',(-6.8509641444724,36.8975763576613,24.7737323767569));
#11044=CARTESIAN_POINT('Ctrl Pts',(-6.91164344520083,36.8938735374849,24.7737323767569));
#11045=CARTESIAN_POINT('',(-6.56648725242129,36.9839146980684,23.9737323767569));
#11046=CARTESIAN_POINT('Ctrl Pts',(-6.34002059669009,37.2035601982515,23.9737323767569));
#11047=CARTESIAN_POINT('Ctrl Pts',(-6.34002059669009,37.2035601982515,24.7737323767569));
#11048=CARTESIAN_POINT('Ctrl Pts',(-6.36762288971855,37.1612135319268,23.9737323767569));
#11049=CARTESIAN_POINT('Ctrl Pts',(-6.36762288971855,37.1612135319268,24.7737323767569));
#11050=CARTESIAN_POINT('Ctrl Pts',(-6.42638652033864,37.071060012604,23.9737323767569));
#11051=CARTESIAN_POINT('Ctrl Pts',(-6.42638652033864,37.071060012604,24.7737323767569));
#11052=CARTESIAN_POINT('Ctrl Pts',(-6.51793870916262,37.0141128134503,23.9737323767569));
#11053=CARTESIAN_POINT('Ctrl Pts',(-6.51793870916262,37.0141128134503,24.7737323767569));
#11054=CARTESIAN_POINT('Ctrl Pts',(-6.56648725242129,36.9839146980684,23.9737323767569));
#11055=CARTESIAN_POINT('Ctrl Pts',(-6.56648725242129,36.9839146980684,24.7737323767569));
#11056=CARTESIAN_POINT('',(-6.34002059669009,37.2035601982515,23.9737323767569));
#11057=CARTESIAN_POINT('Ctrl Pts',(-6.56648725242129,36.9839146980684,23.9737323767569));
#11058=CARTESIAN_POINT('Ctrl Pts',(-6.51793870916262,37.0141128134503,23.9737323767569));
#11059=CARTESIAN_POINT('Ctrl Pts',(-6.42638652033864,37.071060012604,23.9737323767569));
#11060=CARTESIAN_POINT('Ctrl Pts',(-6.36762288971855,37.1612135319268,23.9737323767569));
#11061=CARTESIAN_POINT('Ctrl Pts',(-6.34002059669009,37.2035601982515,23.9737323767569));
#11062=CARTESIAN_POINT('',(-6.34002059669009,37.2035601982515,24.7737323767569));
#11063=CARTESIAN_POINT('Ctrl Pts',(-6.34002059669009,37.2035601982515,24.7737323767569));
#11064=CARTESIAN_POINT('Ctrl Pts',(-6.36762288971855,37.1612135319268,24.7737323767569));
#11065=CARTESIAN_POINT('Ctrl Pts',(-6.42638652033864,37.071060012604,24.7737323767569));
#11066=CARTESIAN_POINT('Ctrl Pts',(-6.51793870916262,37.0141128134503,24.7737323767569));
#11067=CARTESIAN_POINT('Ctrl Pts',(-6.56648725242129,36.9839146980684,24.7737323767569));
#11068=CARTESIAN_POINT('',(-6.34002059669009,37.2035601982515,23.9737323767569));
#11069=CARTESIAN_POINT('Ctrl Pts',(-6.2731716033887,37.5405314812105,23.9737323767569));
#11070=CARTESIAN_POINT('Ctrl Pts',(-6.2731716033887,37.5405314812105,24.7737323767569));
#11071=CARTESIAN_POINT('Ctrl Pts',(-6.27479334517765,37.477061744911,23.9737323767569));
#11072=CARTESIAN_POINT('Ctrl Pts',(-6.27479334517765,37.477061744911,24.7737323767569));
#11073=CARTESIAN_POINT('Ctrl Pts',(-6.27776678388737,37.3606909563581,23.9737323767569));
#11074=CARTESIAN_POINT('Ctrl Pts',(-6.27776678388737,37.3606909563581,24.7737323767569));
#11075=CARTESIAN_POINT('Ctrl Pts',(-6.3205649554661,37.2526669038064,23.9737323767569));
#11076=CARTESIAN_POINT('Ctrl Pts',(-6.3205649554661,37.2526669038064,24.7737323767569));
#11077=CARTESIAN_POINT('Ctrl Pts',(-6.34002059669009,37.2035601982515,23.9737323767569));
#11078=CARTESIAN_POINT('Ctrl Pts',(-6.34002059669009,37.2035601982515,24.7737323767569));
#11079=CARTESIAN_POINT('',(-6.2731716033887,37.5405314812105,23.9737323767569));
#11080=CARTESIAN_POINT('Ctrl Pts',(-6.34002059669009,37.2035601982515,23.9737323767569));
#11081=CARTESIAN_POINT('Ctrl Pts',(-6.3205649554661,37.2526669038064,23.9737323767569));
#11082=CARTESIAN_POINT('Ctrl Pts',(-6.27776678388737,37.3606909563581,23.9737323767569));
#11083=CARTESIAN_POINT('Ctrl Pts',(-6.27479334517765,37.477061744911,23.9737323767569));
#11084=CARTESIAN_POINT('Ctrl Pts',(-6.2731716033887,37.5405314812105,23.9737323767569));
#11085=CARTESIAN_POINT('',(-6.2731716033887,37.5405314812105,24.7737323767569));
#11086=CARTESIAN_POINT('Ctrl Pts',(-6.2731716033887,37.5405314812105,24.7737323767569));
#11087=CARTESIAN_POINT('Ctrl Pts',(-6.27479334517765,37.477061744911,24.7737323767569));
#11088=CARTESIAN_POINT('Ctrl Pts',(-6.27776678388737,37.3606909563581,24.7737323767569));
#11089=CARTESIAN_POINT('Ctrl Pts',(-6.3205649554661,37.2526669038064,24.7737323767569));
#11090=CARTESIAN_POINT('Ctrl Pts',(-6.34002059669009,37.2035601982515,24.7737323767569));
#11091=CARTESIAN_POINT('',(-6.2731716033887,37.5405314812105,23.9737323767569));
#11092=CARTESIAN_POINT('Origin',(-6.2731716033887,37.7178845056932,23.9737323767569));
#11093=CARTESIAN_POINT('',(-6.2731716033887,37.5405314812105,23.9737323767569));
#11094=CARTESIAN_POINT('',(-6.2731716033887,37.5405314812105,24.7737323767569));
#11095=CARTESIAN_POINT('Origin',(-8.29772800178042,38.4136554846209,23.9737323767569));
#11096=CARTESIAN_POINT('',(-7.23633617133609,38.3017865070742,23.9737323767569));
#11097=CARTESIAN_POINT('',(-8.29772800178042,38.4136554846209,23.9737323767569));
#11098=CARTESIAN_POINT('',(-7.23633617133609,38.3017865070742,23.9737323767569));
#11099=CARTESIAN_POINT('',(-7.23633617133609,38.3017865070742,24.7737323767569));
#11100=CARTESIAN_POINT('',(-7.23633617133609,38.3017865070742,23.9737323767569));
#11101=CARTESIAN_POINT('',(-8.29772800178042,38.4136554846209,24.7737323767569));
#11102=CARTESIAN_POINT('',(-7.23633617133609,38.3017865070742,24.7737323767569));
#11103=CARTESIAN_POINT('',(-8.29772800178042,38.4136554846209,23.9737323767569));
#11104=CARTESIAN_POINT('Ctrl Pts',(-8.12446802825442,38.8515818366449,23.9737323767569));
#11105=CARTESIAN_POINT('Ctrl Pts',(-8.12446802825442,38.8515818366449,24.7737323767569));
#11106=CARTESIAN_POINT('Ctrl Pts',(-8.16074675366895,38.7896923206784,23.9737323767569));
#11107=CARTESIAN_POINT('Ctrl Pts',(-8.16074675366895,38.7896923206784,24.7737323767569));
#11108=CARTESIAN_POINT('Ctrl Pts',(-8.24096079931208,38.652851557894,23.9737323767569));
#11109=CARTESIAN_POINT('Ctrl Pts',(-8.24096079931208,38.652851557894,24.7737323767569));
#11110=CARTESIAN_POINT('Ctrl Pts',(-8.27763861025259,38.4983047778564,23.9737323767569));
#11111=CARTESIAN_POINT('Ctrl Pts',(-8.27763861025259,38.4983047778564,24.7737323767569));
#11112=CARTESIAN_POINT('Ctrl Pts',(-8.29772800178042,38.4136554846209,23.9737323767569));
#11113=CARTESIAN_POINT('Ctrl Pts',(-8.29772800178042,38.4136554846209,24.7737323767569));
#11114=CARTESIAN_POINT('',(-8.12446802825442,38.8515818366449,23.9737323767569));
#11115=CARTESIAN_POINT('Ctrl Pts',(-8.29772800178042,38.4136554846209,23.9737323767569));
#11116=CARTESIAN_POINT('Ctrl Pts',(-8.27763861025259,38.4983047778564,23.9737323767569));
#11117=CARTESIAN_POINT('Ctrl Pts',(-8.24096079931208,38.652851557894,23.9737323767569));
#11118=CARTESIAN_POINT('Ctrl Pts',(-8.16074675366895,38.7896923206784,23.9737323767569));
#11119=CARTESIAN_POINT('Ctrl Pts',(-8.12446802825442,38.8515818366449,23.9737323767569));
#11120=CARTESIAN_POINT('',(-8.12446802825442,38.8515818366449,24.7737323767569));
#11121=CARTESIAN_POINT('Ctrl Pts',(-8.12446802825442,38.8515818366449,24.7737323767569));
#11122=CARTESIAN_POINT('Ctrl Pts',(-8.16074675366895,38.7896923206784,24.7737323767569));
#11123=CARTESIAN_POINT('Ctrl Pts',(-8.24096079931208,38.652851557894,24.7737323767569));
#11124=CARTESIAN_POINT('Ctrl Pts',(-8.27763861025259,38.4983047778564,24.7737323767569));
#11125=CARTESIAN_POINT('Ctrl Pts',(-8.29772800178042,38.4136554846209,24.7737323767569));
#11126=CARTESIAN_POINT('',(-8.12446802825442,38.8515818366449,23.9737323767569));
#11127=CARTESIAN_POINT('Ctrl Pts',(-7.79841035575381,39.1285258778971,23.9737323767569));
#11128=CARTESIAN_POINT('Ctrl Pts',(-7.79841035575381,39.1285258778971,24.7737323767569));
#11129=CARTESIAN_POINT('Ctrl Pts',(-7.86399224971412,39.0893097951579,23.9737323767569));
#11130=CARTESIAN_POINT('Ctrl Pts',(-7.86399224971412,39.0893097951579,24.7737323767569));
#11131=CARTESIAN_POINT('Ctrl Pts',(-7.98820052365488,39.0150368266052,23.9737323767569));
#11132=CARTESIAN_POINT('Ctrl Pts',(-7.98820052365488,39.0150368266052,24.7737323767569));
#11133=CARTESIAN_POINT('Ctrl Pts',(-8.08077351885862,38.903994079869,23.9737323767569));
#11134=CARTESIAN_POINT('Ctrl Pts',(-8.08077351885862,38.903994079869,24.7737323767569));
#11135=CARTESIAN_POINT('Ctrl Pts',(-8.12446802825442,38.8515818366449,23.9737323767569));
#11136=CARTESIAN_POINT('Ctrl Pts',(-8.12446802825442,38.8515818366449,24.7737323767569));
#11137=CARTESIAN_POINT('',(-7.79841035575381,39.1285258778971,23.9737323767569));
#11138=CARTESIAN_POINT('Ctrl Pts',(-8.12446802825442,38.8515818366449,23.9737323767569));
#11139=CARTESIAN_POINT('Ctrl Pts',(-8.08077351885862,38.903994079869,23.9737323767569));
#11140=CARTESIAN_POINT('Ctrl Pts',(-7.98820052365488,39.0150368266052,23.9737323767569));
#11141=CARTESIAN_POINT('Ctrl Pts',(-7.86399224971412,39.0893097951579,23.9737323767569));
#11142=CARTESIAN_POINT('Ctrl Pts',(-7.79841035575381,39.1285258778971,23.9737323767569));
#11143=CARTESIAN_POINT('',(-7.79841035575381,39.1285258778971,24.7737323767569));
#11144=CARTESIAN_POINT('Ctrl Pts',(-7.79841035575381,39.1285258778971,24.7737323767569));
#11145=CARTESIAN_POINT('Ctrl Pts',(-7.86399224971412,39.0893097951579,24.7737323767569));
#11146=CARTESIAN_POINT('Ctrl Pts',(-7.98820052365488,39.0150368266052,24.7737323767569));
#11147=CARTESIAN_POINT('Ctrl Pts',(-8.08077351885862,38.903994079869,24.7737323767569));
#11148=CARTESIAN_POINT('Ctrl Pts',(-8.12446802825442,38.8515818366449,24.7737323767569));
#11149=CARTESIAN_POINT('',(-7.79841035575381,39.1285258778971,23.9737323767569));
#11150=CARTESIAN_POINT('Ctrl Pts',(-7.37821906775943,39.2594945678156,23.9737323767569));
#11151=CARTESIAN_POINT('Ctrl Pts',(-7.37821906775943,39.2594945678156,24.7737323767569));
#11152=CARTESIAN_POINT('Ctrl Pts',(-7.45892500649911,39.2443457095607,23.9737323767569));
#11153=CARTESIAN_POINT('Ctrl Pts',(-7.45892500649911,39.2443457095607,24.7737323767569));
#11154=CARTESIAN_POINT('Ctrl Pts',(-7.60425516831871,39.2170666015305,23.9737323767569));
#11155=CARTESIAN_POINT('Ctrl Pts',(-7.60425516831871,39.2170666015305,24.7737323767569));
#11156=CARTESIAN_POINT('Ctrl Pts',(-7.73864914547505,39.1557788237142,23.9737323767569));
#11157=CARTESIAN_POINT('Ctrl Pts',(-7.73864914547505,39.1557788237142,24.7737323767569));
#11158=CARTESIAN_POINT('Ctrl Pts',(-7.79841035575381,39.1285258778971,23.9737323767569));
#11159=CARTESIAN_POINT('Ctrl Pts',(-7.79841035575381,39.1285258778971,24.7737323767569));
#11160=CARTESIAN_POINT('',(-7.37821906775943,39.2594945678156,23.9737323767569));
#11161=CARTESIAN_POINT('Ctrl Pts',(-7.79841035575381,39.1285258778971,23.9737323767569));
#11162=CARTESIAN_POINT('Ctrl Pts',(-7.73864914547505,39.1557788237142,23.9737323767569));
#11163=CARTESIAN_POINT('Ctrl Pts',(-7.60425516831871,39.2170666015305,23.9737323767569));
#11164=CARTESIAN_POINT('Ctrl Pts',(-7.45892500649911,39.2443457095607,23.9737323767569));
#11165=CARTESIAN_POINT('Ctrl Pts',(-7.37821906775943,39.2594945678156,23.9737323767569));
#11166=CARTESIAN_POINT('',(-7.37821906775943,39.2594945678156,24.7737323767569));
#11167=CARTESIAN_POINT('Ctrl Pts',(-7.37821906775943,39.2594945678156,24.7737323767569));
#11168=CARTESIAN_POINT('Ctrl Pts',(-7.45892500649911,39.2443457095607,24.7737323767569));
#11169=CARTESIAN_POINT('Ctrl Pts',(-7.60425516831871,39.2170666015305,24.7737323767569));
#11170=CARTESIAN_POINT('Ctrl Pts',(-7.73864914547505,39.1557788237142,24.7737323767569));
#11171=CARTESIAN_POINT('Ctrl Pts',(-7.79841035575381,39.1285258778971,24.7737323767569));
#11172=CARTESIAN_POINT('',(-7.37821906775943,39.2594945678156,23.9737323767569));
#11173=CARTESIAN_POINT('Ctrl Pts',(-6.79977506370059,39.305879200403,23.9737323767569));
#11174=CARTESIAN_POINT('Ctrl Pts',(-6.79977506370059,39.305879200403,24.7737323767569));
#11175=CARTESIAN_POINT('Ctrl Pts',(-6.90000127045694,39.3042253230355,23.9737323767569));
#11176=CARTESIAN_POINT('Ctrl Pts',(-6.90000127045694,39.3042253230355,24.7737323767569));
#11177=CARTESIAN_POINT('Ctrl Pts',(-7.0938174450318,39.3010270758408,23.9737323767569));
#11178=CARTESIAN_POINT('Ctrl Pts',(-7.0938174450318,39.3010270758408,24.7737323767569));
#11179=CARTESIAN_POINT('Ctrl Pts',(-7.28560748160139,39.2730190737887,23.9737323767569));
#11180=CARTESIAN_POINT('Ctrl Pts',(-7.28560748160139,39.2730190737887,24.7737323767569));
#11181=CARTESIAN_POINT('Ctrl Pts',(-7.37821906775943,39.2594945678156,23.9737323767569));
#11182=CARTESIAN_POINT('Ctrl Pts',(-7.37821906775943,39.2594945678156,24.7737323767569));
#11183=CARTESIAN_POINT('',(-6.79977506370059,39.305879200403,23.9737323767569));
#11184=CARTESIAN_POINT('Ctrl Pts',(-7.37821906775943,39.2594945678156,23.9737323767569));
#11185=CARTESIAN_POINT('Ctrl Pts',(-7.28560748160139,39.2730190737887,23.9737323767569));
#11186=CARTESIAN_POINT('Ctrl Pts',(-7.0938174450318,39.3010270758408,23.9737323767569));
#11187=CARTESIAN_POINT('Ctrl Pts',(-6.90000127045694,39.3042253230355,23.9737323767569));
#11188=CARTESIAN_POINT('Ctrl Pts',(-6.79977506370059,39.305879200403,23.9737323767569));
#11189=CARTESIAN_POINT('',(-6.79977506370059,39.305879200403,24.7737323767569));
#11190=CARTESIAN_POINT('Ctrl Pts',(-6.79977506370059,39.305879200403,24.7737323767569));
#11191=CARTESIAN_POINT('Ctrl Pts',(-6.90000127045694,39.3042253230355,24.7737323767569));
#11192=CARTESIAN_POINT('Ctrl Pts',(-7.0938174450318,39.3010270758408,24.7737323767569));
#11193=CARTESIAN_POINT('Ctrl Pts',(-7.28560748160139,39.2730190737887,24.7737323767569));
#11194=CARTESIAN_POINT('Ctrl Pts',(-7.37821906775943,39.2594945678156,24.7737323767569));
#11195=CARTESIAN_POINT('',(-6.79977506370059,39.305879200403,23.9737323767569));
#11196=CARTESIAN_POINT('Ctrl Pts',(-5.99759191245547,39.2499447116297,23.9737323767569));
#11197=CARTESIAN_POINT('Ctrl Pts',(-5.99759191245547,39.2499447116297,24.7737323767569));
#11198=CARTESIAN_POINT('Ctrl Pts',(-6.11474778439516,39.2661997859899,23.9737323767569));
#11199=CARTESIAN_POINT('Ctrl Pts',(-6.11474778439516,39.2661997859899,24.7737323767569));
#11200=CARTESIAN_POINT('Ctrl Pts',(-6.38077265346556,39.3031100488457,23.9737323767569));
#11201=CARTESIAN_POINT('Ctrl Pts',(-6.38077265346556,39.3031100488457,24.7737323767569));
#11202=CARTESIAN_POINT('Ctrl Pts',(-6.64943187068552,39.3048855949323,23.9737323767569));
#11203=CARTESIAN_POINT('Ctrl Pts',(-6.64943187068552,39.3048855949323,24.7737323767569));
#11204=CARTESIAN_POINT('Ctrl Pts',(-6.79977506370059,39.305879200403,23.9737323767569));
#11205=CARTESIAN_POINT('Ctrl Pts',(-6.79977506370059,39.305879200403,24.7737323767569));
#11206=CARTESIAN_POINT('',(-5.99759191245547,39.2499447116297,23.9737323767569));
#11207=CARTESIAN_POINT('Ctrl Pts',(-6.79977506370059,39.305879200403,23.9737323767569));
#11208=CARTESIAN_POINT('Ctrl Pts',(-6.64943187068552,39.3048855949323,23.9737323767569));
#11209=CARTESIAN_POINT('Ctrl Pts',(-6.38077265346556,39.3031100488457,23.9737323767569));
#11210=CARTESIAN_POINT('Ctrl Pts',(-6.11474778439516,39.2661997859899,23.9737323767569));
#11211=CARTESIAN_POINT('Ctrl Pts',(-5.99759191245547,39.2499447116297,23.9737323767569));
#11212=CARTESIAN_POINT('',(-5.99759191245547,39.2499447116297,24.7737323767569));
#11213=CARTESIAN_POINT('Ctrl Pts',(-5.99759191245547,39.2499447116297,24.7737323767569));
#11214=CARTESIAN_POINT('Ctrl Pts',(-6.11474778439516,39.2661997859899,24.7737323767569));
#11215=CARTESIAN_POINT('Ctrl Pts',(-6.38077265346556,39.3031100488457,24.7737323767569));
#11216=CARTESIAN_POINT('Ctrl Pts',(-6.64943187068552,39.3048855949323,24.7737323767569));
#11217=CARTESIAN_POINT('Ctrl Pts',(-6.79977506370059,39.305879200403,24.7737323767569));
#11218=CARTESIAN_POINT('',(-5.99759191245547,39.2499447116297,23.9737323767569));
#11219=CARTESIAN_POINT('Ctrl Pts',(-5.49281686515322,39.0166569003504,23.9737323767569));
#11220=CARTESIAN_POINT('Ctrl Pts',(-5.49281686515322,39.0166569003504,24.7737323767569));
#11221=CARTESIAN_POINT('Ctrl Pts',(-5.56602452930066,39.0710146811085,23.9737323767569));
#11222=CARTESIAN_POINT('Ctrl Pts',(-5.56602452930066,39.0710146811085,24.7737323767569));
#11223=CARTESIAN_POINT('Ctrl Pts',(-5.717895375241,39.1837810457141,23.9737323767569));
#11224=CARTESIAN_POINT('Ctrl Pts',(-5.717895375241,39.1837810457141,24.7737323767569));
#11225=CARTESIAN_POINT('Ctrl Pts',(-5.90215342222439,39.2273682419815,23.9737323767569));
#11226=CARTESIAN_POINT('Ctrl Pts',(-5.90215342222439,39.2273682419815,24.7737323767569));
#11227=CARTESIAN_POINT('Ctrl Pts',(-5.99759191245547,39.2499447116297,23.9737323767569));
#11228=CARTESIAN_POINT('Ctrl Pts',(-5.99759191245547,39.2499447116297,24.7737323767569));
#11229=CARTESIAN_POINT('',(-5.49281686515322,39.0166569003504,23.9737323767569));
#11230=CARTESIAN_POINT('Ctrl Pts',(-5.99759191245547,39.2499447116297,23.9737323767569));
#11231=CARTESIAN_POINT('Ctrl Pts',(-5.90215342222439,39.2273682419815,23.9737323767569));
#11232=CARTESIAN_POINT('Ctrl Pts',(-5.717895375241,39.1837810457141,23.9737323767569));
#11233=CARTESIAN_POINT('Ctrl Pts',(-5.56602452930066,39.0710146811085,23.9737323767569));
#11234=CARTESIAN_POINT('Ctrl Pts',(-5.49281686515322,39.0166569003504,23.9737323767569));
#11235=CARTESIAN_POINT('',(-5.49281686515322,39.0166569003504,24.7737323767569));
#11236=CARTESIAN_POINT('Ctrl Pts',(-5.49281686515322,39.0166569003504,24.7737323767569));
#11237=CARTESIAN_POINT('Ctrl Pts',(-5.56602452930066,39.0710146811085,24.7737323767569));
#11238=CARTESIAN_POINT('Ctrl Pts',(-5.717895375241,39.1837810457141,24.7737323767569));
#11239=CARTESIAN_POINT('Ctrl Pts',(-5.90215342222439,39.2273682419815,24.7737323767569));
#11240=CARTESIAN_POINT('Ctrl Pts',(-5.99759191245547,39.2499447116297,24.7737323767569));
#11241=CARTESIAN_POINT('',(-5.49281686515322,39.0166569003504,23.9737323767569));
#11242=CARTESIAN_POINT('Ctrl Pts',(-5.26907891005984,38.6687714108866,23.9737323767569));
#11243=CARTESIAN_POINT('Ctrl Pts',(-5.26907891005984,38.6687714108866,24.7737323767569));
#11244=CARTESIAN_POINT('Ctrl Pts',(-5.29717472851572,38.7380234236938,23.9737323767569));
#11245=CARTESIAN_POINT('Ctrl Pts',(-5.29717472851572,38.7380234236938,24.7737323767569));
#11246=CARTESIAN_POINT('Ctrl Pts',(-5.34999978439991,38.8682293279061,23.9737323767569));
#11247=CARTESIAN_POINT('Ctrl Pts',(-5.34999978439991,38.8682293279061,24.7737323767569));
#11248=CARTESIAN_POINT('Ctrl Pts',(-5.44727770351668,38.9693287574055,23.9737323767569));
#11249=CARTESIAN_POINT('Ctrl Pts',(-5.44727770351668,38.9693287574055,24.7737323767569));
#11250=CARTESIAN_POINT('Ctrl Pts',(-5.49281686515322,39.0166569003504,23.9737323767569));
#11251=CARTESIAN_POINT('Ctrl Pts',(-5.49281686515322,39.0166569003504,24.7737323767569));
#11252=CARTESIAN_POINT('',(-5.26907891005984,38.6687714108866,23.9737323767569));
#11253=CARTESIAN_POINT('Ctrl Pts',(-5.49281686515322,39.0166569003504,23.9737323767569));
#11254=CARTESIAN_POINT('Ctrl Pts',(-5.44727770351668,38.9693287574055,23.9737323767569));
#11255=CARTESIAN_POINT('Ctrl Pts',(-5.34999978439991,38.8682293279061,23.9737323767569));
#11256=CARTESIAN_POINT('Ctrl Pts',(-5.29717472851572,38.7380234236938,23.9737323767569));
#11257=CARTESIAN_POINT('Ctrl Pts',(-5.26907891005984,38.6687714108866,23.9737323767569));
#11258=CARTESIAN_POINT('',(-5.26907891005984,38.6687714108866,24.7737323767569));
#11259=CARTESIAN_POINT('Ctrl Pts',(-5.26907891005984,38.6687714108866,24.7737323767569));
#11260=CARTESIAN_POINT('Ctrl Pts',(-5.29717472851572,38.7380234236938,24.7737323767569));
#11261=CARTESIAN_POINT('Ctrl Pts',(-5.34999978439991,38.8682293279061,24.7737323767569));
#11262=CARTESIAN_POINT('Ctrl Pts',(-5.44727770351668,38.9693287574055,24.7737323767569));
#11263=CARTESIAN_POINT('Ctrl Pts',(-5.49281686515322,39.0166569003504,24.7737323767569));
#11264=CARTESIAN_POINT('',(-5.26907891005984,38.6687714108866,23.9737323767569));
#11265=CARTESIAN_POINT('Ctrl Pts',(-5.1872238513898,38.2390305647295,23.9737323767569));
#11266=CARTESIAN_POINT('Ctrl Pts',(-5.1872238513898,38.2390305647295,24.7737323767569));
#11267=CARTESIAN_POINT('Ctrl Pts',(-5.19115063360146,38.3094895502237,23.9737323767569));
#11268=CARTESIAN_POINT('Ctrl Pts',(-5.19115063360146,38.3094895502237,24.7737323767569));
#11269=CARTESIAN_POINT('Ctrl Pts',(-5.19933289715933,38.4563054310792,23.9737323767569));
#11270=CARTESIAN_POINT('Ctrl Pts',(-5.19933289715933,38.4563054310792,24.7737323767569));
#11271=CARTESIAN_POINT('Ctrl Pts',(-5.24521583366141,38.5960777657969,23.9737323767569));
#11272=CARTESIAN_POINT('Ctrl Pts',(-5.24521583366141,38.5960777657969,24.7737323767569));
#11273=CARTESIAN_POINT('Ctrl Pts',(-5.26907891005984,38.6687714108866,23.9737323767569));
#11274=CARTESIAN_POINT('Ctrl Pts',(-5.26907891005984,38.6687714108866,24.7737323767569));
#11275=CARTESIAN_POINT('',(-5.1872238513898,38.2390305647295,23.9737323767569));
#11276=CARTESIAN_POINT('Ctrl Pts',(-5.26907891005984,38.6687714108866,23.9737323767569));
#11277=CARTESIAN_POINT('Ctrl Pts',(-5.24521583366141,38.5960777657969,23.9737323767569));
#11278=CARTESIAN_POINT('Ctrl Pts',(-5.19933289715933,38.4563054310792,23.9737323767569));
#11279=CARTESIAN_POINT('Ctrl Pts',(-5.19115063360146,38.3094895502237,23.9737323767569));
#11280=CARTESIAN_POINT('Ctrl Pts',(-5.1872238513898,38.2390305647295,23.9737323767569));
#11281=CARTESIAN_POINT('',(-5.1872238513898,38.2390305647295,24.7737323767569));
#11282=CARTESIAN_POINT('Ctrl Pts',(-5.1872238513898,38.2390305647295,24.7737323767569));
#11283=CARTESIAN_POINT('Ctrl Pts',(-5.19115063360146,38.3094895502237,24.7737323767569));
#11284=CARTESIAN_POINT('Ctrl Pts',(-5.19933289715933,38.4563054310792,24.7737323767569));
#11285=CARTESIAN_POINT('Ctrl Pts',(-5.24521583366141,38.5960777657969,24.7737323767569));
#11286=CARTESIAN_POINT('Ctrl Pts',(-5.26907891005984,38.6687714108866,24.7737323767569));
#11287=CARTESIAN_POINT('',(-5.1872238513898,38.2390305647295,23.9737323767569));
#11288=CARTESIAN_POINT('Origin',(-5.1872238513898,36.9593581804674,23.9737323767569));
#11289=CARTESIAN_POINT('',(-5.1872238513898,36.9593581804674,23.9737323767569));
#11290=CARTESIAN_POINT('',(-5.1872238513898,38.2390305647295,23.9737323767569));
#11291=CARTESIAN_POINT('',(-5.1872238513898,36.9593581804674,24.7737323767569));
#11292=CARTESIAN_POINT('',(-5.1872238513898,38.2390305647295,24.7737323767569));
#11293=CARTESIAN_POINT('',(-5.1872238513898,36.9593581804674,23.9737323767569));
#11294=CARTESIAN_POINT('Ctrl Pts',(-5.16130298346988,36.6387579092424,23.9737323767569));
#11295=CARTESIAN_POINT('Ctrl Pts',(-5.16130298346988,36.6387579092424,24.7737323767569));
#11296=CARTESIAN_POINT('Ctrl Pts',(-5.16882913174183,36.684709581178,23.9737323767569));
#11297=CARTESIAN_POINT('Ctrl Pts',(-5.16882913174183,36.684709581178,24.7737323767569));
#11298=CARTESIAN_POINT('Ctrl Pts',(-5.18620643246336,36.7908084770579,23.9737323767569));
#11299=CARTESIAN_POINT('Ctrl Pts',(-5.18620643246336,36.7908084770579,24.7737323767569));
#11300=CARTESIAN_POINT('Ctrl Pts',(-5.1868557530301,36.8983775286035,23.9737323767569));
#11301=CARTESIAN_POINT('Ctrl Pts',(-5.1868557530301,36.8983775286035,24.7737323767569));
#11302=CARTESIAN_POINT('Ctrl Pts',(-5.1872238513898,36.9593581804674,23.9737323767569));
#11303=CARTESIAN_POINT('Ctrl Pts',(-5.1872238513898,36.9593581804674,24.7737323767569));
#11304=CARTESIAN_POINT('',(-5.16130298346988,36.6387579092424,23.9737323767569));
#11305=CARTESIAN_POINT('Ctrl Pts',(-5.1872238513898,36.9593581804674,23.9737323767569));
#11306=CARTESIAN_POINT('Ctrl Pts',(-5.1868557530301,36.8983775286035,23.9737323767569));
#11307=CARTESIAN_POINT('Ctrl Pts',(-5.18620643246336,36.7908084770579,23.9737323767569));
#11308=CARTESIAN_POINT('Ctrl Pts',(-5.16882913174183,36.684709581178,23.9737323767569));
#11309=CARTESIAN_POINT('Ctrl Pts',(-5.16130298346988,36.6387579092424,23.9737323767569));
#11310=CARTESIAN_POINT('',(-5.16130298346988,36.6387579092424,24.7737323767569));
#11311=CARTESIAN_POINT('Ctrl Pts',(-5.16130298346988,36.6387579092424,24.7737323767569));
#11312=CARTESIAN_POINT('Ctrl Pts',(-5.16882913174183,36.684709581178,24.7737323767569));
#11313=CARTESIAN_POINT('Ctrl Pts',(-5.18620643246336,36.7908084770579,24.7737323767569));
#11314=CARTESIAN_POINT('Ctrl Pts',(-5.1868557530301,36.8983775286035,24.7737323767569));
#11315=CARTESIAN_POINT('Ctrl Pts',(-5.1872238513898,36.9593581804674,24.7737323767569));
#11316=CARTESIAN_POINT('',(-5.16130298346988,36.6387579092424,23.9737323767569));
#11317=CARTESIAN_POINT('Ctrl Pts',(-5.04806965560427,36.3427141556185,23.9737323767569));
#11318=CARTESIAN_POINT('Ctrl Pts',(-5.04806965560427,36.3427141556185,24.7737323767569));
#11319=CARTESIAN_POINT('Ctrl Pts',(-5.0737988987595,36.3967465651775,23.9737323767569));
#11320=CARTESIAN_POINT('Ctrl Pts',(-5.0737988987595,36.3967465651775,24.7737323767569));
#11321=CARTESIAN_POINT('Ctrl Pts',(-5.11939027475119,36.4924902248367,23.9737323767569));
#11322=CARTESIAN_POINT('Ctrl Pts',(-5.11939027475119,36.4924902248367,24.7737323767569));
#11323=CARTESIAN_POINT('Ctrl Pts',(-5.14858440194521,36.5943723869173,23.9737323767569));
#11324=CARTESIAN_POINT('Ctrl Pts',(-5.14858440194521,36.5943723869173,24.7737323767569));
#11325=CARTESIAN_POINT('Ctrl Pts',(-5.16130298346988,36.6387579092424,23.9737323767569));
#11326=CARTESIAN_POINT('Ctrl Pts',(-5.16130298346988,36.6387579092424,24.7737323767569));
#11327=CARTESIAN_POINT('',(-5.04806965560427,36.3427141556185,23.9737323767569));
#11328=CARTESIAN_POINT('Ctrl Pts',(-5.16130298346988,36.6387579092424,23.9737323767569));
#11329=CARTESIAN_POINT('Ctrl Pts',(-5.14858440194521,36.5943723869173,23.9737323767569));
#11330=CARTESIAN_POINT('Ctrl Pts',(-5.11939027475119,36.4924902248367,23.9737323767569));
#11331=CARTESIAN_POINT('Ctrl Pts',(-5.0737988987595,36.3967465651775,23.9737323767569));
#11332=CARTESIAN_POINT('Ctrl Pts',(-5.04806965560427,36.3427141556185,23.9737323767569));
#11333=CARTESIAN_POINT('',(-5.04806965560427,36.3427141556185,24.7737323767569));
#11334=CARTESIAN_POINT('Ctrl Pts',(-5.04806965560427,36.3427141556185,24.7737323767569));
#11335=CARTESIAN_POINT('Ctrl Pts',(-5.0737988987595,36.3967465651775,24.7737323767569));
#11336=CARTESIAN_POINT('Ctrl Pts',(-5.11939027475119,36.4924902248367,24.7737323767569));
#11337=CARTESIAN_POINT('Ctrl Pts',(-5.14858440194521,36.5943723869173,24.7737323767569));
#11338=CARTESIAN_POINT('Ctrl Pts',(-5.16130298346988,36.6387579092424,24.7737323767569));
#11339=CARTESIAN_POINT('',(-5.04806965560427,36.3427141556185,23.9737323767569));
#11340=CARTESIAN_POINT('Origin',(-6.09036058158389,36.3427141556185,23.9737323767569));
#11341=CARTESIAN_POINT('',(-6.09036058158389,36.3427141556185,23.9737323767569));
#11342=CARTESIAN_POINT('',(-5.04806965560427,36.3427141556185,23.9737323767569));
#11343=CARTESIAN_POINT('',(-6.09036058158389,36.3427141556185,24.7737323767569));
#11344=CARTESIAN_POINT('',(-5.04806965560427,36.3427141556185,24.7737323767569));
#11345=CARTESIAN_POINT('',(-6.09036058158389,36.3427141556185,23.9737323767569));
#11346=CARTESIAN_POINT('Ctrl Pts',(-6.17221683234683,36.5132460245531,23.9737323767569));
#11347=CARTESIAN_POINT('Ctrl Pts',(-6.17221683234683,36.5132460245531,24.7737323767569));
#11348=CARTESIAN_POINT('Ctrl Pts',(-6.16264310474569,36.4890551540638,23.9737323767569));
#11349=CARTESIAN_POINT('Ctrl Pts',(-6.16264310474569,36.4890551540638,24.7737323767569));
#11350=CARTESIAN_POINT('Ctrl Pts',(-6.13939508535553,36.4303121179519,23.9737323767569));
#11351=CARTESIAN_POINT('Ctrl Pts',(-6.13939508535553,36.4303121179519,24.7737323767569));
#11352=CARTESIAN_POINT('Ctrl Pts',(-6.10852066124546,36.3751563310624,23.9737323767569));
#11353=CARTESIAN_POINT('Ctrl Pts',(-6.10852066124546,36.3751563310624,24.7737323767569));
#11354=CARTESIAN_POINT('Ctrl Pts',(-6.09036058158389,36.3427141556185,23.9737323767569));
#11355=CARTESIAN_POINT('Ctrl Pts',(-6.09036058158389,36.3427141556185,24.7737323767569));
#11356=CARTESIAN_POINT('',(-6.17221683234683,36.5132460245531,23.9737323767569));
#11357=CARTESIAN_POINT('Ctrl Pts',(-6.09036058158389,36.3427141556185,23.9737323767569));
#11358=CARTESIAN_POINT('Ctrl Pts',(-6.10852066124546,36.3751563310624,23.9737323767569));
#11359=CARTESIAN_POINT('Ctrl Pts',(-6.13939508535553,36.4303121179519,23.9737323767569));
#11360=CARTESIAN_POINT('Ctrl Pts',(-6.16264310474569,36.4890551540638,23.9737323767569));
#11361=CARTESIAN_POINT('Ctrl Pts',(-6.17221683234683,36.5132460245531,23.9737323767569));
#11362=CARTESIAN_POINT('',(-6.17221683234683,36.5132460245531,24.7737323767569));
#11363=CARTESIAN_POINT('Ctrl Pts',(-6.17221683234683,36.5132460245531,24.7737323767569));
#11364=CARTESIAN_POINT('Ctrl Pts',(-6.16264310474569,36.4890551540638,24.7737323767569));
#11365=CARTESIAN_POINT('Ctrl Pts',(-6.13939508535553,36.4303121179519,24.7737323767569));
#11366=CARTESIAN_POINT('Ctrl Pts',(-6.10852066124546,36.3751563310624,24.7737323767569));
#11367=CARTESIAN_POINT('Ctrl Pts',(-6.09036058158389,36.3427141556185,24.7737323767569));
#11368=CARTESIAN_POINT('',(-6.17221683234683,36.5132460245531,23.9737323767569));
#11369=CARTESIAN_POINT('Ctrl Pts',(-6.21041625709048,36.6974208006304,23.9737323767569));
#11370=CARTESIAN_POINT('Ctrl Pts',(-6.21041625709048,36.6974208006304,24.7737323767569));
#11371=CARTESIAN_POINT('Ctrl Pts',(-6.20483546768188,36.6609860700494,23.9737323767569));
#11372=CARTESIAN_POINT('Ctrl Pts',(-6.20483546768188,36.6609860700494,24.7737323767569));
#11373=CARTESIAN_POINT('Ctrl Pts',(-6.19532622415367,36.5989040417534,23.9737323767569));
#11374=CARTESIAN_POINT('Ctrl Pts',(-6.19532622415367,36.5989040417534,24.7737323767569));
#11375=CARTESIAN_POINT('Ctrl Pts',(-6.17897276538124,36.5382877838907,23.9737323767569));
#11376=CARTESIAN_POINT('Ctrl Pts',(-6.17897276538124,36.5382877838907,24.7737323767569));
#11377=CARTESIAN_POINT('Ctrl Pts',(-6.17221683234683,36.5132460245531,23.9737323767569));
#11378=CARTESIAN_POINT('Ctrl Pts',(-6.17221683234683,36.5132460245531,24.7737323767569));
#11379=CARTESIAN_POINT('',(-6.21041625709048,36.6974208006304,23.9737323767569));
#11380=CARTESIAN_POINT('Ctrl Pts',(-6.17221683234683,36.5132460245531,23.9737323767569));
#11381=CARTESIAN_POINT('Ctrl Pts',(-6.17897276538124,36.5382877838907,23.9737323767569));
#11382=CARTESIAN_POINT('Ctrl Pts',(-6.19532622415367,36.5989040417534,23.9737323767569));
#11383=CARTESIAN_POINT('Ctrl Pts',(-6.20483546768188,36.6609860700494,23.9737323767569));
#11384=CARTESIAN_POINT('Ctrl Pts',(-6.21041625709048,36.6974208006304,23.9737323767569));
#11385=CARTESIAN_POINT('',(-6.21041625709048,36.6974208006304,24.7737323767569));
#11386=CARTESIAN_POINT('Ctrl Pts',(-6.21041625709048,36.6974208006304,24.7737323767569));
#11387=CARTESIAN_POINT('Ctrl Pts',(-6.20483546768188,36.6609860700494,24.7737323767569));
#11388=CARTESIAN_POINT('Ctrl Pts',(-6.19532622415367,36.5989040417534,24.7737323767569));
#11389=CARTESIAN_POINT('Ctrl Pts',(-6.17897276538124,36.5382877838907,24.7737323767569));
#11390=CARTESIAN_POINT('Ctrl Pts',(-6.17221683234683,36.5132460245531,24.7737323767569));
#11391=CARTESIAN_POINT('',(-6.21041625709048,36.6974208006304,23.9737323767569));
#11392=CARTESIAN_POINT('Ctrl Pts',(-6.64424985618106,36.3972845920961,23.9737323767569));
#11393=CARTESIAN_POINT('Ctrl Pts',(-6.64424985618106,36.3972845920961,24.7737323767569));
#11394=CARTESIAN_POINT('Ctrl Pts',(-6.57017221078901,36.4343745736141,23.9737323767569));
#11395=CARTESIAN_POINT('Ctrl Pts',(-6.57017221078901,36.4343745736141,24.7737323767569));
#11396=CARTESIAN_POINT('Ctrl Pts',(-6.41149678596315,36.513821868989,23.9737323767569));
#11397=CARTESIAN_POINT('Ctrl Pts',(-6.41149678596315,36.513821868989,24.7737323767569));
#11398=CARTESIAN_POINT('Ctrl Pts',(-6.28034161644837,36.6335746324075,23.9737323767569));
#11399=CARTESIAN_POINT('Ctrl Pts',(-6.28034161644837,36.6335746324075,24.7737323767569));
#11400=CARTESIAN_POINT('Ctrl Pts',(-6.21041625709048,36.6974208006304,23.9737323767569));
#11401=CARTESIAN_POINT('Ctrl Pts',(-6.21041625709048,36.6974208006304,24.7737323767569));
#11402=CARTESIAN_POINT('',(-6.64424985618106,36.3972845920961,23.9737323767569));
#11403=CARTESIAN_POINT('Ctrl Pts',(-6.21041625709048,36.6974208006304,23.9737323767569));
#11404=CARTESIAN_POINT('Ctrl Pts',(-6.28034161644837,36.6335746324075,23.9737323767569));
#11405=CARTESIAN_POINT('Ctrl Pts',(-6.41149678596315,36.513821868989,23.9737323767569));
#11406=CARTESIAN_POINT('Ctrl Pts',(-6.57017221078901,36.4343745736141,23.9737323767569));
#11407=CARTESIAN_POINT('Ctrl Pts',(-6.64424985618106,36.3972845920961,23.9737323767569));
#11408=CARTESIAN_POINT('',(-6.64424985618106,36.3972845920961,24.7737323767569));
#11409=CARTESIAN_POINT('Ctrl Pts',(-6.64424985618106,36.3972845920961,24.7737323767569));
#11410=CARTESIAN_POINT('Ctrl Pts',(-6.57017221078901,36.4343745736141,24.7737323767569));
#11411=CARTESIAN_POINT('Ctrl Pts',(-6.41149678596315,36.513821868989,24.7737323767569));
#11412=CARTESIAN_POINT('Ctrl Pts',(-6.28034161644837,36.6335746324075,24.7737323767569));
#11413=CARTESIAN_POINT('Ctrl Pts',(-6.21041625709048,36.6974208006304,24.7737323767569));
#11414=CARTESIAN_POINT('',(-6.64424985618106,36.3972845920961,23.9737323767569));
#11415=CARTESIAN_POINT('Ctrl Pts',(-7.3291060325574,36.2772301086824,23.9737323767569));
#11416=CARTESIAN_POINT('Ctrl Pts',(-7.3291060325574,36.2772301086824,24.7737323767569));
#11417=CARTESIAN_POINT('Ctrl Pts',(-7.20589769552587,36.2811004290435,23.9737323767569));
#11418=CARTESIAN_POINT('Ctrl Pts',(-7.20589769552587,36.2811004290435,24.7737323767569));
#11419=CARTESIAN_POINT('Ctrl Pts',(-6.97171567574526,36.2884567448674,23.9737323767569));
#11420=CARTESIAN_POINT('Ctrl Pts',(-6.97171567574526,36.2884567448674,24.7737323767569));
#11421=CARTESIAN_POINT('Ctrl Pts',(-6.74953592767037,36.3622945081888,23.9737323767569));
#11422=CARTESIAN_POINT('Ctrl Pts',(-6.74953592767037,36.3622945081888,24.7737323767569));
#11423=CARTESIAN_POINT('Ctrl Pts',(-6.64424985618106,36.3972845920961,23.9737323767569));
#11424=CARTESIAN_POINT('Ctrl Pts',(-6.64424985618106,36.3972845920961,24.7737323767569));
#11425=CARTESIAN_POINT('',(-7.3291060325574,36.2772301086824,23.9737323767569));
#11426=CARTESIAN_POINT('Ctrl Pts',(-6.64424985618106,36.3972845920961,23.9737323767569));
#11427=CARTESIAN_POINT('Ctrl Pts',(-6.74953592767037,36.3622945081888,23.9737323767569));
#11428=CARTESIAN_POINT('Ctrl Pts',(-6.97171567574526,36.2884567448674,23.9737323767569));
#11429=CARTESIAN_POINT('Ctrl Pts',(-7.20589769552587,36.2811004290435,23.9737323767569));
#11430=CARTESIAN_POINT('Ctrl Pts',(-7.3291060325574,36.2772301086824,23.9737323767569));
#11431=CARTESIAN_POINT('',(-7.3291060325574,36.2772301086824,24.7737323767569));
#11432=CARTESIAN_POINT('Ctrl Pts',(-7.3291060325574,36.2772301086824,24.7737323767569));
#11433=CARTESIAN_POINT('Ctrl Pts',(-7.20589769552587,36.2811004290435,24.7737323767569));
#11434=CARTESIAN_POINT('Ctrl Pts',(-6.97171567574526,36.2884567448674,24.7737323767569));
#11435=CARTESIAN_POINT('Ctrl Pts',(-6.74953592767037,36.3622945081888,24.7737323767569));
#11436=CARTESIAN_POINT('Ctrl Pts',(-6.64424985618106,36.3972845920961,24.7737323767569));
#11437=CARTESIAN_POINT('',(-7.3291060325574,36.2772301086824,23.9737323767569));
#11438=CARTESIAN_POINT('Ctrl Pts',(-8.11628192634097,36.5173390755098,23.9737323767569));
#11439=CARTESIAN_POINT('Ctrl Pts',(-8.11628192634097,36.5173390755098,24.7737323767569));
#11440=CARTESIAN_POINT('Ctrl Pts',(-8.00908681810685,36.4474862108698,23.9737323767569));
#11441=CARTESIAN_POINT('Ctrl Pts',(-8.00908681810685,36.4474862108698,24.7737323767569));
#11442=CARTESIAN_POINT('Ctrl Pts',(-7.7711034887372,36.2924062117273,23.9737323767569));
#11443=CARTESIAN_POINT('Ctrl Pts',(-7.7711034887372,36.2924062117273,24.7737323767569));
#11444=CARTESIAN_POINT('Ctrl Pts',(-7.48586449443168,36.2826124531672,23.9737323767569));
#11445=CARTESIAN_POINT('Ctrl Pts',(-7.48586449443168,36.2826124531672,24.7737323767569));
#11446=CARTESIAN_POINT('Ctrl Pts',(-7.3291060325574,36.2772301086824,23.9737323767569));
#11447=CARTESIAN_POINT('Ctrl Pts',(-7.3291060325574,36.2772301086824,24.7737323767569));
#11448=CARTESIAN_POINT('',(-8.11628192634097,36.5173390755098,23.9737323767569));
#11449=CARTESIAN_POINT('Ctrl Pts',(-7.3291060325574,36.2772301086824,23.9737323767569));
#11450=CARTESIAN_POINT('Ctrl Pts',(-7.48586449443168,36.2826124531672,23.9737323767569));
#11451=CARTESIAN_POINT('Ctrl Pts',(-7.7711034887372,36.2924062117273,23.9737323767569));
#11452=CARTESIAN_POINT('Ctrl Pts',(-8.00908681810685,36.4474862108698,23.9737323767569));
#11453=CARTESIAN_POINT('Ctrl Pts',(-8.11628192634097,36.5173390755098,23.9737323767569));
#11454=CARTESIAN_POINT('',(-8.11628192634097,36.5173390755098,24.7737323767569));
#11455=CARTESIAN_POINT('Ctrl Pts',(-8.11628192634097,36.5173390755098,24.7737323767569));
#11456=CARTESIAN_POINT('Ctrl Pts',(-8.00908681810685,36.4474862108698,24.7737323767569));
#11457=CARTESIAN_POINT('Ctrl Pts',(-7.7711034887372,36.2924062117273,24.7737323767569));
#11458=CARTESIAN_POINT('Ctrl Pts',(-7.48586449443168,36.2826124531672,24.7737323767569));
#11459=CARTESIAN_POINT('Ctrl Pts',(-7.3291060325574,36.2772301086824,24.7737323767569));
#11460=CARTESIAN_POINT('',(-8.11628192634097,36.5173390755098,23.9737323767569));
#11461=CARTESIAN_POINT('Ctrl Pts',(-8.3850404617261,37.1094265827578,23.9737323767569));
#11462=CARTESIAN_POINT('Ctrl Pts',(-8.3850404617261,37.1094265827578,24.7737323767569));
#11463=CARTESIAN_POINT('Ctrl Pts',(-8.37354265762529,36.9964956420135,23.9737323767569));
#11464=CARTESIAN_POINT('Ctrl Pts',(-8.37354265762529,36.9964956420135,24.7737323767569));
#11465=CARTESIAN_POINT('Ctrl Pts',(-8.35039073656234,36.7690984622781,23.9737323767569));
#11466=CARTESIAN_POINT('Ctrl Pts',(-8.35039073656234,36.7690984622781,24.7737323767569));
#11467=CARTESIAN_POINT('Ctrl Pts',(-8.19466865493732,36.6016357523565,23.9737323767569));
#11468=CARTESIAN_POINT('Ctrl Pts',(-8.19466865493732,36.6016357523565,24.7737323767569));
#11469=CARTESIAN_POINT('Ctrl Pts',(-8.11628192634097,36.5173390755098,23.9737323767569));
#11470=CARTESIAN_POINT('Ctrl Pts',(-8.11628192634097,36.5173390755098,24.7737323767569));
#11471=CARTESIAN_POINT('',(-8.3850404617261,37.1094265827578,23.9737323767569));
#11472=CARTESIAN_POINT('Ctrl Pts',(-8.11628192634097,36.5173390755098,23.9737323767569));
#11473=CARTESIAN_POINT('Ctrl Pts',(-8.19466865493732,36.6016357523565,23.9737323767569));
#11474=CARTESIAN_POINT('Ctrl Pts',(-8.35039073656234,36.7690984622781,23.9737323767569));
#11475=CARTESIAN_POINT('Ctrl Pts',(-8.37354265762529,36.9964956420135,23.9737323767569));
#11476=CARTESIAN_POINT('Ctrl Pts',(-8.3850404617261,37.1094265827578,23.9737323767569));
#11477=CARTESIAN_POINT('',(-8.3850404617261,37.1094265827578,24.7737323767569));
#11478=CARTESIAN_POINT('Ctrl Pts',(-8.3850404617261,37.1094265827578,24.7737323767569));
#11479=CARTESIAN_POINT('Ctrl Pts',(-8.37354265762529,36.9964956420135,24.7737323767569));
#11480=CARTESIAN_POINT('Ctrl Pts',(-8.35039073656234,36.7690984622781,24.7737323767569));
#11481=CARTESIAN_POINT('Ctrl Pts',(-8.19466865493732,36.6016357523565,24.7737323767569));
#11482=CARTESIAN_POINT('Ctrl Pts',(-8.11628192634097,36.5173390755098,24.7737323767569));
#11483=CARTESIAN_POINT('',(-8.3850404617261,37.1094265827578,23.9737323767569));
#11484=CARTESIAN_POINT('Ctrl Pts',(-8.19131702155581,37.6524004587572,23.9737323767569));
#11485=CARTESIAN_POINT('Ctrl Pts',(-8.19131702155581,37.6524004587572,24.7737323767569));
#11486=CARTESIAN_POINT('Ctrl Pts',(-8.24779711924689,37.5746205033186,23.9737323767569));
#11487=CARTESIAN_POINT('Ctrl Pts',(-8.24779711924689,37.5746205033186,24.7737323767569));
#11488=CARTESIAN_POINT('Ctrl Pts',(-8.36521609755678,37.4129203067192,23.9737323767569));
#11489=CARTESIAN_POINT('Ctrl Pts',(-8.36521609755678,37.4129203067192,24.7737323767569));
#11490=CARTESIAN_POINT('Ctrl Pts',(-8.37826714336091,37.2131201790149,23.9737323767569));
#11491=CARTESIAN_POINT('Ctrl Pts',(-8.37826714336091,37.2131201790149,24.7737323767569));
#11492=CARTESIAN_POINT('Ctrl Pts',(-8.3850404617261,37.1094265827578,23.9737323767569));
#11493=CARTESIAN_POINT('Ctrl Pts',(-8.3850404617261,37.1094265827578,24.7737323767569));
#11494=CARTESIAN_POINT('',(-8.19131702155581,37.6524004587572,23.9737323767569));
#11495=CARTESIAN_POINT('Ctrl Pts',(-8.3850404617261,37.1094265827578,23.9737323767569));
#11496=CARTESIAN_POINT('Ctrl Pts',(-8.37826714336091,37.2131201790149,23.9737323767569));
#11497=CARTESIAN_POINT('Ctrl Pts',(-8.36521609755678,37.4129203067192,23.9737323767569));
#11498=CARTESIAN_POINT('Ctrl Pts',(-8.24779711924689,37.5746205033186,23.9737323767569));
#11499=CARTESIAN_POINT('Ctrl Pts',(-8.19131702155581,37.6524004587572,23.9737323767569));
#11500=CARTESIAN_POINT('',(-8.19131702155581,37.6524004587572,24.7737323767569));
#11501=CARTESIAN_POINT('Ctrl Pts',(-8.19131702155581,37.6524004587572,24.7737323767569));
#11502=CARTESIAN_POINT('Ctrl Pts',(-8.24779711924689,37.5746205033186,24.7737323767569));
#11503=CARTESIAN_POINT('Ctrl Pts',(-8.36521609755678,37.4129203067192,24.7737323767569));
#11504=CARTESIAN_POINT('Ctrl Pts',(-8.37826714336091,37.2131201790149,24.7737323767569));
#11505=CARTESIAN_POINT('Ctrl Pts',(-8.3850404617261,37.1094265827578,24.7737323767569));
#11506=CARTESIAN_POINT('',(-8.19131702155581,37.6524004587572,23.9737323767569));
#11507=CARTESIAN_POINT('Ctrl Pts',(-7.47644513816348,37.9689076790255,23.9737323767569));
#11508=CARTESIAN_POINT('Ctrl Pts',(-7.47644513816348,37.9689076790255,24.7737323767569));
#11509=CARTESIAN_POINT('Ctrl Pts',(-7.62858137746026,37.9373346712191,23.9737323767569));
#11510=CARTESIAN_POINT('Ctrl Pts',(-7.62858137746026,37.9373346712191,24.7737323767569));
#11511=CARTESIAN_POINT('Ctrl Pts',(-7.89097596699337,37.8828796218373,23.9737323767569));
#11512=CARTESIAN_POINT('Ctrl Pts',(-7.89097596699337,37.8828796218373,24.7737323767569));
#11513=CARTESIAN_POINT('Ctrl Pts',(-8.10245388470579,37.7205932718899,23.9737323767569));
#11514=CARTESIAN_POINT('Ctrl Pts',(-8.10245388470579,37.7205932718899,24.7737323767569));
#11515=CARTESIAN_POINT('Ctrl Pts',(-8.19131702155581,37.6524004587572,23.9737323767569));
#11516=CARTESIAN_POINT('Ctrl Pts',(-8.19131702155581,37.6524004587572,24.7737323767569));
#11517=CARTESIAN_POINT('',(-7.47644513816348,37.9689076790255,23.9737323767569));
#11518=CARTESIAN_POINT('Ctrl Pts',(-8.19131702155581,37.6524004587572,23.9737323767569));
#11519=CARTESIAN_POINT('Ctrl Pts',(-8.10245388470579,37.7205932718899,23.9737323767569));
#11520=CARTESIAN_POINT('Ctrl Pts',(-7.89097596699337,37.8828796218373,23.9737323767569));
#11521=CARTESIAN_POINT('Ctrl Pts',(-7.62858137746026,37.9373346712191,23.9737323767569));
#11522=CARTESIAN_POINT('Ctrl Pts',(-7.47644513816348,37.9689076790255,23.9737323767569));
#11523=CARTESIAN_POINT('',(-7.47644513816348,37.9689076790255,24.7737323767569));
#11524=CARTESIAN_POINT('Ctrl Pts',(-7.47644513816348,37.9689076790255,24.7737323767569));
#11525=CARTESIAN_POINT('Ctrl Pts',(-7.62858137746026,37.9373346712191,24.7737323767569));
#11526=CARTESIAN_POINT('Ctrl Pts',(-7.89097596699337,37.8828796218373,24.7737323767569));
#11527=CARTESIAN_POINT('Ctrl Pts',(-8.10245388470579,37.7205932718899,24.7737323767569));
#11528=CARTESIAN_POINT('Ctrl Pts',(-8.19131702155581,37.6524004587572,24.7737323767569));
#11529=CARTESIAN_POINT('',(-7.47644513816348,37.9689076790255,23.9737323767569));
#11530=CARTESIAN_POINT('Ctrl Pts',(-6.66607707709781,38.1448969492357,23.9737323767569));
#11531=CARTESIAN_POINT('Ctrl Pts',(-6.66607707709781,38.1448969492357,24.7737323767569));
#11532=CARTESIAN_POINT('Ctrl Pts',(-6.76442809864987,38.121351147982,23.9737323767569));
#11533=CARTESIAN_POINT('Ctrl Pts',(-6.76442809864987,38.121351147982,24.7737323767569));
#11534=CARTESIAN_POINT('Ctrl Pts',(-7.03329122475473,38.0569837664153,23.9737323767569));
#11535=CARTESIAN_POINT('Ctrl Pts',(-7.03329122475473,38.0569837664153,24.7737323767569));
#11536=CARTESIAN_POINT('Ctrl Pts',(-7.30446660786938,38.003088119737,23.9737323767569));
#11537=CARTESIAN_POINT('Ctrl Pts',(-7.30446660786938,38.003088119737,24.7737323767569));
#11538=CARTESIAN_POINT('Ctrl Pts',(-7.47644513816348,37.9689076790255,23.9737323767569));
#11539=CARTESIAN_POINT('Ctrl Pts',(-7.47644513816348,37.9689076790255,24.7737323767569));
#11540=CARTESIAN_POINT('',(-6.66607707709781,38.1448969492357,23.9737323767569));
#11541=CARTESIAN_POINT('Ctrl Pts',(-7.47644513816348,37.9689076790255,23.9737323767569));
#11542=CARTESIAN_POINT('Ctrl Pts',(-7.30446660786938,38.003088119737,23.9737323767569));
#11543=CARTESIAN_POINT('Ctrl Pts',(-7.03329122475473,38.0569837664153,23.9737323767569));
#11544=CARTESIAN_POINT('Ctrl Pts',(-6.76442809864987,38.121351147982,23.9737323767569));
#11545=CARTESIAN_POINT('Ctrl Pts',(-6.66607707709781,38.1448969492357,23.9737323767569));
#11546=CARTESIAN_POINT('',(-6.66607707709781,38.1448969492357,24.7737323767569));
#11547=CARTESIAN_POINT('Ctrl Pts',(-6.66607707709781,38.1448969492357,24.7737323767569));
#11548=CARTESIAN_POINT('Ctrl Pts',(-6.76442809864987,38.121351147982,24.7737323767569));
#11549=CARTESIAN_POINT('Ctrl Pts',(-7.03329122475473,38.0569837664153,24.7737323767569));
#11550=CARTESIAN_POINT('Ctrl Pts',(-7.30446660786938,38.003088119737,24.7737323767569));
#11551=CARTESIAN_POINT('Ctrl Pts',(-7.47644513816348,37.9689076790255,24.7737323767569));
#11552=CARTESIAN_POINT('',(-6.66607707709781,38.1448969492357,23.9737323767569));
#11553=CARTESIAN_POINT('Ctrl Pts',(-6.2731716033887,38.2772299894731,23.9737323767569));
#11554=CARTESIAN_POINT('Ctrl Pts',(-6.2731716033887,38.2772299894731,24.7737323767569));
#11555=CARTESIAN_POINT('Ctrl Pts',(-6.34014967141973,38.251591089818,23.9737323767569));
#11556=CARTESIAN_POINT('Ctrl Pts',(-6.34014967141973,38.251591089818,24.7737323767569));
#11557=CARTESIAN_POINT('Ctrl Pts',(-6.46932656563835,38.2021427625372,23.9737323767569));
#11558=CARTESIAN_POINT('Ctrl Pts',(-6.46932656563835,38.2021427625372,24.7737323767569));
#11559=CARTESIAN_POINT('Ctrl Pts',(-6.60213139559437,38.1635023521779,23.9737323767569));
#11560=CARTESIAN_POINT('Ctrl Pts',(-6.60213139559437,38.1635023521779,24.7737323767569));
#11561=CARTESIAN_POINT('Ctrl Pts',(-6.66607707709781,38.1448969492357,23.9737323767569));
#11562=CARTESIAN_POINT('Ctrl Pts',(-6.66607707709781,38.1448969492357,24.7737323767569));
#11563=CARTESIAN_POINT('',(-6.2731716033887,38.2772299894731,23.9737323767569));
#11564=CARTESIAN_POINT('Ctrl Pts',(-6.66607707709781,38.1448969492357,23.9737323767569));
#11565=CARTESIAN_POINT('Ctrl Pts',(-6.60213139559437,38.1635023521779,23.9737323767569));
#11566=CARTESIAN_POINT('Ctrl Pts',(-6.46932656563835,38.2021427625372,23.9737323767569));
#11567=CARTESIAN_POINT('Ctrl Pts',(-6.34014967141973,38.251591089818,23.9737323767569));
#11568=CARTESIAN_POINT('Ctrl Pts',(-6.2731716033887,38.2772299894731,23.9737323767569));
#11569=CARTESIAN_POINT('',(-6.2731716033887,38.2772299894731,24.7737323767569));
#11570=CARTESIAN_POINT('Ctrl Pts',(-6.2731716033887,38.2772299894731,24.7737323767569));
#11571=CARTESIAN_POINT('Ctrl Pts',(-6.34014967141973,38.251591089818,24.7737323767569));
#11572=CARTESIAN_POINT('Ctrl Pts',(-6.46932656563835,38.2021427625372,24.7737323767569));
#11573=CARTESIAN_POINT('Ctrl Pts',(-6.60213139559437,38.1635023521779,24.7737323767569));
#11574=CARTESIAN_POINT('Ctrl Pts',(-6.66607707709781,38.1448969492357,24.7737323767569));
#11575=CARTESIAN_POINT('',(-6.2731716033887,38.2772299894731,23.9737323767569));
#11576=CARTESIAN_POINT('Ctrl Pts',(-6.35775536269656,38.563723588888,23.9737323767569));
#11577=CARTESIAN_POINT('Ctrl Pts',(-6.35775536269656,38.563723588888,24.7737323767569));
#11578=CARTESIAN_POINT('Ctrl Pts',(-6.33322533530897,38.5273173224184,23.9737323767569));
#11579=CARTESIAN_POINT('Ctrl Pts',(-6.33322533530897,38.5273173224184,24.7737323767569));
#11580=CARTESIAN_POINT('Ctrl Pts',(-6.27542656735938,38.4415352189443,23.9737323767569));
#11581=CARTESIAN_POINT('Ctrl Pts',(-6.27542656735938,38.4415352189443,24.7737323767569));
#11582=CARTESIAN_POINT('Ctrl Pts',(-6.27399538579522,38.3372539007626,23.9737323767569));
#11583=CARTESIAN_POINT('Ctrl Pts',(-6.27399538579522,38.3372539007626,24.7737323767569));
#11584=CARTESIAN_POINT('Ctrl Pts',(-6.2731716033887,38.2772299894731,23.9737323767569));
#11585=CARTESIAN_POINT('Ctrl Pts',(-6.2731716033887,38.2772299894731,24.7737323767569));
#11586=CARTESIAN_POINT('',(-6.35775536269656,38.563723588888,23.9737323767569));
#11587=CARTESIAN_POINT('Ctrl Pts',(-6.2731716033887,38.2772299894731,23.9737323767569));
#11588=CARTESIAN_POINT('Ctrl Pts',(-6.27399538579522,38.3372539007626,23.9737323767569));
#11589=CARTESIAN_POINT('Ctrl Pts',(-6.27542656735938,38.4415352189443,23.9737323767569));
#11590=CARTESIAN_POINT('Ctrl Pts',(-6.33322533530897,38.5273173224184,23.9737323767569));
#11591=CARTESIAN_POINT('Ctrl Pts',(-6.35775536269656,38.563723588888,23.9737323767569));
#11592=CARTESIAN_POINT('',(-6.35775536269656,38.563723588888,24.7737323767569));
#11593=CARTESIAN_POINT('Ctrl Pts',(-6.35775536269656,38.563723588888,24.7737323767569));
#11594=CARTESIAN_POINT('Ctrl Pts',(-6.33322533530897,38.5273173224184,24.7737323767569));
#11595=CARTESIAN_POINT('Ctrl Pts',(-6.27542656735938,38.4415352189443,24.7737323767569));
#11596=CARTESIAN_POINT('Ctrl Pts',(-6.27399538579522,38.3372539007626,24.7737323767569));
#11597=CARTESIAN_POINT('Ctrl Pts',(-6.2731716033887,38.2772299894731,24.7737323767569));
#11598=CARTESIAN_POINT('',(-6.35775536269656,38.563723588888,23.9737323767569));
#11599=CARTESIAN_POINT('Ctrl Pts',(-6.65516346663943,38.6455789455812,23.9737323767569));
#11600=CARTESIAN_POINT('Ctrl Pts',(-6.65516346663943,38.6455789455812,24.7737323767569));
#11601=CARTESIAN_POINT('Ctrl Pts',(-6.5929975141508,38.6449681920092,23.9737323767569));
#11602=CARTESIAN_POINT('Ctrl Pts',(-6.5929975141508,38.6449681920092,24.7737323767569));
#11603=CARTESIAN_POINT('Ctrl Pts',(-6.48578721936172,38.6439148972735,23.9737323767569));
#11604=CARTESIAN_POINT('Ctrl Pts',(-6.48578721936172,38.6439148972735,24.7737323767569));
#11605=CARTESIAN_POINT('Ctrl Pts',(-6.39563342596761,38.5874480863055,23.9737323767569));
#11606=CARTESIAN_POINT('Ctrl Pts',(-6.39563342596761,38.5874480863055,24.7737323767569));
#11607=CARTESIAN_POINT('Ctrl Pts',(-6.35775536269656,38.563723588888,23.9737323767569));
#11608=CARTESIAN_POINT('Ctrl Pts',(-6.35775536269656,38.563723588888,24.7737323767569));
#11609=CARTESIAN_POINT('',(-6.65516346663943,38.6455789455812,23.9737323767569));
#11610=CARTESIAN_POINT('Ctrl Pts',(-6.35775536269656,38.563723588888,23.9737323767569));
#11611=CARTESIAN_POINT('Ctrl Pts',(-6.39563342596761,38.5874480863055,23.9737323767569));
#11612=CARTESIAN_POINT('Ctrl Pts',(-6.48578721936172,38.6439148972735,23.9737323767569));
#11613=CARTESIAN_POINT('Ctrl Pts',(-6.5929975141508,38.6449681920092,23.9737323767569));
#11614=CARTESIAN_POINT('Ctrl Pts',(-6.65516346663943,38.6455789455812,23.9737323767569));
#11615=CARTESIAN_POINT('',(-6.65516346663943,38.6455789455812,24.7737323767569));
#11616=CARTESIAN_POINT('Ctrl Pts',(-6.65516346663943,38.6455789455812,24.7737323767569));
#11617=CARTESIAN_POINT('Ctrl Pts',(-6.5929975141508,38.6449681920092,24.7737323767569));
#11618=CARTESIAN_POINT('Ctrl Pts',(-6.48578721936172,38.6439148972735,24.7737323767569));
#11619=CARTESIAN_POINT('Ctrl Pts',(-6.39563342596761,38.5874480863055,24.7737323767569));
#11620=CARTESIAN_POINT('Ctrl Pts',(-6.35775536269656,38.563723588888,24.7737323767569));
#11621=CARTESIAN_POINT('',(-6.65516346663943,38.6455789455812,23.9737323767569));
#11622=CARTESIAN_POINT('Ctrl Pts',(-7.06444114417544,38.5582664856356,23.9737323767569));
#11623=CARTESIAN_POINT('Ctrl Pts',(-7.06444114417544,38.5582664856356,24.7737323767569));
#11624=CARTESIAN_POINT('Ctrl Pts',(-7.00841775046328,38.5836156164964,23.9737323767569));
#11625=CARTESIAN_POINT('Ctrl Pts',(-7.00841775046328,38.5836156164964,24.7737323767569));
#11626=CARTESIAN_POINT('Ctrl Pts',(-6.87886825843487,38.6422333975478,23.9737323767569));
#11627=CARTESIAN_POINT('Ctrl Pts',(-6.87886825843487,38.6422333975478,24.7737323767569));
#11628=CARTESIAN_POINT('Ctrl Pts',(-6.73615862951179,38.6443676473981,23.9737323767569));
#11629=CARTESIAN_POINT('Ctrl Pts',(-6.73615862951179,38.6443676473981,24.7737323767569));
#11630=CARTESIAN_POINT('Ctrl Pts',(-6.65516346663943,38.6455789455812,23.9737323767569));
#11631=CARTESIAN_POINT('Ctrl Pts',(-6.65516346663943,38.6455789455812,24.7737323767569));
#11632=CARTESIAN_POINT('',(-7.06444114417544,38.5582664856356,23.9737323767569));
#11633=CARTESIAN_POINT('Ctrl Pts',(-6.65516346663943,38.6455789455812,23.9737323767569));
#11634=CARTESIAN_POINT('Ctrl Pts',(-6.73615862951179,38.6443676473981,23.9737323767569));
#11635=CARTESIAN_POINT('Ctrl Pts',(-6.87886825843487,38.6422333975478,23.9737323767569));
#11636=CARTESIAN_POINT('Ctrl Pts',(-7.00841775046328,38.5836156164964,23.9737323767569));
#11637=CARTESIAN_POINT('Ctrl Pts',(-7.06444114417544,38.5582664856356,23.9737323767569));
#11638=CARTESIAN_POINT('',(-7.06444114417544,38.5582664856356,24.7737323767569));
#11639=CARTESIAN_POINT('Ctrl Pts',(-7.06444114417544,38.5582664856356,24.7737323767569));
#11640=CARTESIAN_POINT('Ctrl Pts',(-7.00841775046328,38.5836156164964,24.7737323767569));
#11641=CARTESIAN_POINT('Ctrl Pts',(-6.87886825843487,38.6422333975478,24.7737323767569));
#11642=CARTESIAN_POINT('Ctrl Pts',(-6.73615862951179,38.6443676473981,24.7737323767569));
#11643=CARTESIAN_POINT('Ctrl Pts',(-6.65516346663943,38.6455789455812,24.7737323767569));
#11644=CARTESIAN_POINT('',(-7.06444114417544,38.5582664856356,23.9737323767569));
#11645=CARTESIAN_POINT('Ctrl Pts',(-7.23633617133609,38.3017865070742,23.9737323767569));
#11646=CARTESIAN_POINT('Ctrl Pts',(-7.23633617133609,38.3017865070742,24.7737323767569));
#11647=CARTESIAN_POINT('Ctrl Pts',(-7.21549089937978,38.3576122416459,23.9737323767569));
#11648=CARTESIAN_POINT('Ctrl Pts',(-7.21549089937978,38.3576122416459,24.7737323767569));
#11649=CARTESIAN_POINT('Ctrl Pts',(-7.17831105379485,38.4571836070565,23.9737323767569));
#11650=CARTESIAN_POINT('Ctrl Pts',(-7.17831105379485,38.4571836070565,24.7737323767569));
#11651=CARTESIAN_POINT('Ctrl Pts',(-7.09919843856633,38.5274122645301,23.9737323767569));
#11652=CARTESIAN_POINT('Ctrl Pts',(-7.09919843856633,38.5274122645301,24.7737323767569));
#11653=CARTESIAN_POINT('Ctrl Pts',(-7.06444114417544,38.5582664856356,23.9737323767569));
#11654=CARTESIAN_POINT('Ctrl Pts',(-7.06444114417544,38.5582664856356,24.7737323767569));
#11655=CARTESIAN_POINT('Ctrl Pts',(-7.06444114417544,38.5582664856356,23.9737323767569));
#11656=CARTESIAN_POINT('Ctrl Pts',(-7.09919843856633,38.5274122645301,23.9737323767569));
#11657=CARTESIAN_POINT('Ctrl Pts',(-7.17831105379485,38.4571836070565,23.9737323767569));
#11658=CARTESIAN_POINT('Ctrl Pts',(-7.21549089937978,38.3576122416459,23.9737323767569));
#11659=CARTESIAN_POINT('Ctrl Pts',(-7.23633617133609,38.3017865070742,23.9737323767569));
#11660=CARTESIAN_POINT('Ctrl Pts',(-7.23633617133609,38.3017865070742,24.7737323767569));
#11661=CARTESIAN_POINT('Ctrl Pts',(-7.21549089937978,38.3576122416459,24.7737323767569));
#11662=CARTESIAN_POINT('Ctrl Pts',(-7.17831105379485,38.4571836070565,24.7737323767569));
#11663=CARTESIAN_POINT('Ctrl Pts',(-7.09919843856633,38.5274122645301,24.7737323767569));
#11664=CARTESIAN_POINT('Ctrl Pts',(-7.06444114417544,38.5582664856356,24.7737323767569));
#11665=CARTESIAN_POINT('Origin',(0.245244205288975,33.814747209255,24.7737323767569));
#11666=CARTESIAN_POINT('Origin',(0.245244205288975,33.814747209255,23.9737323767569));
#11667=CARTESIAN_POINT('Ctrl Pts',(0.339378416829197,37.2131100544374,23.9737323767569));
#11668=CARTESIAN_POINT('Ctrl Pts',(0.339378416829197,37.2131100544374,24.7737323767569));
#11669=CARTESIAN_POINT('Ctrl Pts',(0.293801421815472,37.2898913417478,23.9737323767569));
#11670=CARTESIAN_POINT('Ctrl Pts',(0.293801421815472,37.2898913417478,24.7737323767569));
#11671=CARTESIAN_POINT('Ctrl Pts',(0.189595031560739,37.4654426431733,23.9737323767569));
#11672=CARTESIAN_POINT('Ctrl Pts',(0.189595031560739,37.4654426431733,24.7737323767569));
#11673=CARTESIAN_POINT('Ctrl Pts',(0.185047834039369,37.6706448309767,23.9737323767569));
#11674=CARTESIAN_POINT('Ctrl Pts',(0.185047834039369,37.6706448309767,24.7737323767569));
#11675=CARTESIAN_POINT('Ctrl Pts',(0.182489455037205,37.7860972532671,23.9737323767569));
#11676=CARTESIAN_POINT('Ctrl Pts',(0.182489455037205,37.7860972532671,24.7737323767569));
#11677=CARTESIAN_POINT('',(0.182489455037205,37.7860972532671,23.9737323767569));
#11678=CARTESIAN_POINT('',(0.339378416829197,37.2131100544374,23.9737323767569));
#11679=CARTESIAN_POINT('Ctrl Pts',(0.182489455037205,37.7860972532671,23.9737323767569));
#11680=CARTESIAN_POINT('Ctrl Pts',(0.185047834039369,37.6706448309767,23.9737323767569));
#11681=CARTESIAN_POINT('Ctrl Pts',(0.189595031560739,37.4654426431733,23.9737323767569));
#11682=CARTESIAN_POINT('Ctrl Pts',(0.293801421815472,37.2898913417478,23.9737323767569));
#11683=CARTESIAN_POINT('Ctrl Pts',(0.339378416829197,37.2131100544374,23.9737323767569));
#11684=CARTESIAN_POINT('',(0.182489455037205,37.7860972532671,24.7737323767569));
#11685=CARTESIAN_POINT('',(0.182489455037205,37.7860972532671,23.9737323767569));
#11686=CARTESIAN_POINT('',(0.339378416829197,37.2131100544374,24.7737323767569));
#11687=CARTESIAN_POINT('Ctrl Pts',(0.339378416829197,37.2131100544374,24.7737323767569));
#11688=CARTESIAN_POINT('Ctrl Pts',(0.293801421815472,37.2898913417478,24.7737323767569));
#11689=CARTESIAN_POINT('Ctrl Pts',(0.189595031560739,37.4654426431733,24.7737323767569));
#11690=CARTESIAN_POINT('Ctrl Pts',(0.185047834039369,37.6706448309767,24.7737323767569));
#11691=CARTESIAN_POINT('Ctrl Pts',(0.182489455037205,37.7860972532671,24.7737323767569));
#11692=CARTESIAN_POINT('',(0.339378416829197,37.2131100544374,23.9737323767569));
#11693=CARTESIAN_POINT('Ctrl Pts',(0.73364883690366,37.0275709280413,23.9737323767569));
#11694=CARTESIAN_POINT('Ctrl Pts',(0.73364883690366,37.0275709280413,24.7737323767569));
#11695=CARTESIAN_POINT('Ctrl Pts',(0.657702255929431,37.035507422685,23.9737323767569));
#11696=CARTESIAN_POINT('Ctrl Pts',(0.657702255929431,37.035507422685,24.7737323767569));
#11697=CARTESIAN_POINT('Ctrl Pts',(0.504781972266723,37.0514877472322,23.9737323767569));
#11698=CARTESIAN_POINT('Ctrl Pts',(0.504781972266723,37.0514877472322,24.7737323767569));
#11699=CARTESIAN_POINT('Ctrl Pts',(0.394759265636684,37.1589952530018,23.9737323767569));
#11700=CARTESIAN_POINT('Ctrl Pts',(0.394759265636684,37.1589952530018,24.7737323767569));
#11701=CARTESIAN_POINT('Ctrl Pts',(0.339378416829197,37.2131100544374,23.9737323767569));
#11702=CARTESIAN_POINT('Ctrl Pts',(0.339378416829197,37.2131100544374,24.7737323767569));
#11703=CARTESIAN_POINT('',(0.73364883690366,37.0275709280413,23.9737323767569));
#11704=CARTESIAN_POINT('Ctrl Pts',(0.339378416829197,37.2131100544374,23.9737323767569));
#11705=CARTESIAN_POINT('Ctrl Pts',(0.394759265636684,37.1589952530018,23.9737323767569));
#11706=CARTESIAN_POINT('Ctrl Pts',(0.504781972266723,37.0514877472322,23.9737323767569));
#11707=CARTESIAN_POINT('Ctrl Pts',(0.657702255929431,37.035507422685,23.9737323767569));
#11708=CARTESIAN_POINT('Ctrl Pts',(0.73364883690366,37.0275709280413,23.9737323767569));
#11709=CARTESIAN_POINT('',(0.73364883690366,37.0275709280413,24.7737323767569));
#11710=CARTESIAN_POINT('Ctrl Pts',(0.73364883690366,37.0275709280413,24.7737323767569));
#11711=CARTESIAN_POINT('Ctrl Pts',(0.657702255929431,37.035507422685,24.7737323767569));
#11712=CARTESIAN_POINT('Ctrl Pts',(0.504781972266723,37.0514877472322,24.7737323767569));
#11713=CARTESIAN_POINT('Ctrl Pts',(0.394759265636684,37.1589952530018,24.7737323767569));
#11714=CARTESIAN_POINT('Ctrl Pts',(0.339378416829197,37.2131100544374,24.7737323767569));
#11715=CARTESIAN_POINT('',(0.73364883690366,37.0275709280413,23.9737323767569));
#11716=CARTESIAN_POINT('Ctrl Pts',(1.12791925697812,37.2103813537996,23.9737323767569));
#11717=CARTESIAN_POINT('Ctrl Pts',(1.12791925697812,37.2103813537996,24.7737323767569));
#11718=CARTESIAN_POINT('Ctrl Pts',(1.07290430015041,37.1570618906698,23.9737323767569));
#11719=CARTESIAN_POINT('Ctrl Pts',(1.07290430015041,37.1570618906698,24.7737323767569));
#11720=CARTESIAN_POINT('Ctrl Pts',(0.96274484881322,37.0502974189212,23.9737323767569));
#11721=CARTESIAN_POINT('Ctrl Pts',(0.96274484881322,37.0502974189212,24.7737323767569));
#11722=CARTESIAN_POINT('Ctrl Pts',(0.810074016630522,37.0351523614132,23.9737323767569));
#11723=CARTESIAN_POINT('Ctrl Pts',(0.810074016630522,37.0351523614132,24.7737323767569));
#11724=CARTESIAN_POINT('Ctrl Pts',(0.73364883690366,37.0275709280413,23.9737323767569));
#11725=CARTESIAN_POINT('Ctrl Pts',(0.73364883690366,37.0275709280413,24.7737323767569));
#11726=CARTESIAN_POINT('',(1.12791925697812,37.2103813537996,23.9737323767569));
#11727=CARTESIAN_POINT('Ctrl Pts',(0.73364883690366,37.0275709280413,23.9737323767569));
#11728=CARTESIAN_POINT('Ctrl Pts',(0.810074016630522,37.0351523614132,23.9737323767569));
#11729=CARTESIAN_POINT('Ctrl Pts',(0.96274484881322,37.0502974189212,23.9737323767569));
#11730=CARTESIAN_POINT('Ctrl Pts',(1.07290430015041,37.1570618906698,23.9737323767569));
#11731=CARTESIAN_POINT('Ctrl Pts',(1.12791925697812,37.2103813537996,23.9737323767569));
#11732=CARTESIAN_POINT('',(1.12791925697812,37.2103813537996,24.7737323767569));
#11733=CARTESIAN_POINT('Ctrl Pts',(1.12791925697812,37.2103813537996,24.7737323767569));
#11734=CARTESIAN_POINT('Ctrl Pts',(1.07290430015041,37.1570618906698,24.7737323767569));
#11735=CARTESIAN_POINT('Ctrl Pts',(0.96274484881322,37.0502974189212,24.7737323767569));
#11736=CARTESIAN_POINT('Ctrl Pts',(0.810074016630522,37.0351523614132,24.7737323767569));
#11737=CARTESIAN_POINT('Ctrl Pts',(0.73364883690366,37.0275709280413,24.7737323767569));
#11738=CARTESIAN_POINT('',(1.12791925697812,37.2103813537996,23.9737323767569));
#11739=CARTESIAN_POINT('Ctrl Pts',(1.28208071022519,37.7970114597719,23.9737323767569));
#11740=CARTESIAN_POINT('Ctrl Pts',(1.28208071022519,37.7970114597719,24.7737323767569));
#11741=CARTESIAN_POINT('Ctrl Pts',(1.28012565953878,37.6776771445654,23.9737323767569));
#11742=CARTESIAN_POINT('Ctrl Pts',(1.28012565953878,37.6776771445654,24.7737323767569));
#11743=CARTESIAN_POINT('Ctrl Pts',(1.27669520027854,37.4682853832624,23.9737323767569));
#11744=CARTESIAN_POINT('Ctrl Pts',(1.27669520027854,37.4682853832624,24.7737323767569));
#11745=CARTESIAN_POINT('Ctrl Pts',(1.1726626764401,37.2879443516553,23.9737323767569));
#11746=CARTESIAN_POINT('Ctrl Pts',(1.1726626764401,37.2879443516553,24.7737323767569));
#11747=CARTESIAN_POINT('Ctrl Pts',(1.12791925697812,37.2103813537996,23.9737323767569));
#11748=CARTESIAN_POINT('Ctrl Pts',(1.12791925697812,37.2103813537996,24.7737323767569));
#11749=CARTESIAN_POINT('',(1.28208071022519,37.7970114597719,23.9737323767569));
#11750=CARTESIAN_POINT('Ctrl Pts',(1.12791925697812,37.2103813537996,23.9737323767569));
#11751=CARTESIAN_POINT('Ctrl Pts',(1.1726626764401,37.2879443516553,23.9737323767569));
#11752=CARTESIAN_POINT('Ctrl Pts',(1.27669520027854,37.4682853832624,23.9737323767569));
#11753=CARTESIAN_POINT('Ctrl Pts',(1.28012565953878,37.6776771445654,23.9737323767569));
#11754=CARTESIAN_POINT('Ctrl Pts',(1.28208071022519,37.7970114597719,23.9737323767569));
#11755=CARTESIAN_POINT('',(1.28208071022519,37.7970114597719,24.7737323767569));
#11756=CARTESIAN_POINT('Ctrl Pts',(1.28208071022519,37.7970114597719,24.7737323767569));
#11757=CARTESIAN_POINT('Ctrl Pts',(1.28012565953878,37.6776771445654,24.7737323767569));
#11758=CARTESIAN_POINT('Ctrl Pts',(1.27669520027854,37.4682853832624,24.7737323767569));
#11759=CARTESIAN_POINT('Ctrl Pts',(1.1726626764401,37.2879443516553,24.7737323767569));
#11760=CARTESIAN_POINT('Ctrl Pts',(1.12791925697812,37.2103813537996,24.7737323767569));
#11761=CARTESIAN_POINT('',(1.28208071022519,37.7970114597719,23.9737323767569));
#11762=CARTESIAN_POINT('Ctrl Pts',(1.12655550270566,38.3577206978243,23.9737323767569));
#11763=CARTESIAN_POINT('Ctrl Pts',(1.12655550270566,38.3577206978243,24.7737323767569));
#11764=CARTESIAN_POINT('Ctrl Pts',(1.1717506041397,38.282194394273,23.9737323767569));
#11765=CARTESIAN_POINT('Ctrl Pts',(1.1717506041397,38.282194394273,24.7737323767569));
#11766=CARTESIAN_POINT('Ctrl Pts',(1.2744571176787,38.1105597906963,23.9737323767569));
#11767=CARTESIAN_POINT('Ctrl Pts',(1.2744571176787,38.1105597906963,24.7737323767569));
#11768=CARTESIAN_POINT('Ctrl Pts',(1.27934416516696,37.9095619574902,23.9737323767569));
#11769=CARTESIAN_POINT('Ctrl Pts',(1.27934416516696,37.9095619574902,24.7737323767569));
#11770=CARTESIAN_POINT('Ctrl Pts',(1.28208071022519,37.7970114597719,23.9737323767569));
#11771=CARTESIAN_POINT('Ctrl Pts',(1.28208071022519,37.7970114597719,24.7737323767569));
#11772=CARTESIAN_POINT('',(1.12655550270566,38.3577206978243,23.9737323767569));
#11773=CARTESIAN_POINT('Ctrl Pts',(1.28208071022519,37.7970114597719,23.9737323767569));
#11774=CARTESIAN_POINT('Ctrl Pts',(1.27934416516696,37.9095619574902,23.9737323767569));
#11775=CARTESIAN_POINT('Ctrl Pts',(1.2744571176787,38.1105597906963,23.9737323767569));
#11776=CARTESIAN_POINT('Ctrl Pts',(1.1717506041397,38.282194394273,23.9737323767569));
#11777=CARTESIAN_POINT('Ctrl Pts',(1.12655550270566,38.3577206978243,23.9737323767569));
#11778=CARTESIAN_POINT('',(1.12655550270566,38.3577206978243,24.7737323767569));
#11779=CARTESIAN_POINT('Ctrl Pts',(1.12655550270566,38.3577206978243,24.7737323767569));
#11780=CARTESIAN_POINT('Ctrl Pts',(1.1717506041397,38.282194394273,24.7737323767569));
#11781=CARTESIAN_POINT('Ctrl Pts',(1.2744571176787,38.1105597906963,24.7737323767569));
#11782=CARTESIAN_POINT('Ctrl Pts',(1.27934416516696,37.9095619574902,24.7737323767569));
#11783=CARTESIAN_POINT('Ctrl Pts',(1.28208071022519,37.7970114597719,24.7737323767569));
#11784=CARTESIAN_POINT('',(1.12655550270566,38.3577206978243,23.9737323767569));
#11785=CARTESIAN_POINT('Ctrl Pts',(0.741833746724216,38.5418954739016,23.9737323767569));
#11786=CARTESIAN_POINT('Ctrl Pts',(0.741833746724216,38.5418954739016,24.7737323767569));
#11787=CARTESIAN_POINT('Ctrl Pts',(0.815527887207308,38.5337846538092,23.9737323767569));
#11788=CARTESIAN_POINT('Ctrl Pts',(0.815527887207308,38.5337846538092,24.7737323767569));
#11789=CARTESIAN_POINT('Ctrl Pts',(0.965091582057052,38.5173235863035,23.9737323767569));
#11790=CARTESIAN_POINT('Ctrl Pts',(0.965091582057052,38.5173235863035,24.7737323767569));
#11791=CARTESIAN_POINT('Ctrl Pts',(1.07221482426322,38.4114350459368,23.9737323767569));
#11792=CARTESIAN_POINT('Ctrl Pts',(1.07221482426322,38.4114350459368,24.7737323767569));
#11793=CARTESIAN_POINT('Ctrl Pts',(1.12655550270566,38.3577206978243,23.9737323767569));
#11794=CARTESIAN_POINT('Ctrl Pts',(1.12655550270566,38.3577206978243,24.7737323767569));
#11795=CARTESIAN_POINT('',(0.741833746724216,38.5418954739016,23.9737323767569));
#11796=CARTESIAN_POINT('Ctrl Pts',(1.12655550270566,38.3577206978243,23.9737323767569));
#11797=CARTESIAN_POINT('Ctrl Pts',(1.07221482426322,38.4114350459368,23.9737323767569));
#11798=CARTESIAN_POINT('Ctrl Pts',(0.965091582057052,38.5173235863035,23.9737323767569));
#11799=CARTESIAN_POINT('Ctrl Pts',(0.815527887207308,38.5337846538092,23.9737323767569));
#11800=CARTESIAN_POINT('Ctrl Pts',(0.741833746724216,38.5418954739016,23.9737323767569));
#11801=CARTESIAN_POINT('',(0.741833746724216,38.5418954739016,24.7737323767569));
#11802=CARTESIAN_POINT('Ctrl Pts',(0.741833746724216,38.5418954739016,24.7737323767569));
#11803=CARTESIAN_POINT('Ctrl Pts',(0.815527887207308,38.5337846538092,24.7737323767569));
#11804=CARTESIAN_POINT('Ctrl Pts',(0.965091582057052,38.5173235863035,24.7737323767569));
#11805=CARTESIAN_POINT('Ctrl Pts',(1.07221482426322,38.4114350459368,24.7737323767569));
#11806=CARTESIAN_POINT('Ctrl Pts',(1.12655550270566,38.3577206978243,24.7737323767569));
#11807=CARTESIAN_POINT('',(0.741833746724216,38.5418954739016,23.9737323767569));
#11808=CARTESIAN_POINT('Ctrl Pts',(0.340742171101658,38.3549925932329,23.9737323767569));
#11809=CARTESIAN_POINT('Ctrl Pts',(0.340742171101658,38.3549925932329,24.7737323767569));
#11810=CARTESIAN_POINT('Ctrl Pts',(0.396918819469496,38.4095057656933,23.9737323767569));
#11811=CARTESIAN_POINT('Ctrl Pts',(0.396918819469496,38.4095057656933,24.7737323767569));
#11812=CARTESIAN_POINT('Ctrl Pts',(0.508998419250331,38.5182665182419,23.9737323767569));
#11813=CARTESIAN_POINT('Ctrl Pts',(0.508998419250331,38.5182665182419,24.7737323767569));
#11814=CARTESIAN_POINT('Ctrl Pts',(0.664348425144694,38.5340319883741,23.9737323767569));
#11815=CARTESIAN_POINT('Ctrl Pts',(0.664348425144694,38.5340319883741,24.7737323767569));
#11816=CARTESIAN_POINT('Ctrl Pts',(0.741833746724216,38.5418954739016,23.9737323767569));
#11817=CARTESIAN_POINT('Ctrl Pts',(0.741833746724216,38.5418954739016,24.7737323767569));
#11818=CARTESIAN_POINT('',(0.340742171101658,38.3549925932329,23.9737323767569));
#11819=CARTESIAN_POINT('Ctrl Pts',(0.741833746724216,38.5418954739016,23.9737323767569));
#11820=CARTESIAN_POINT('Ctrl Pts',(0.664348425144694,38.5340319883741,23.9737323767569));
#11821=CARTESIAN_POINT('Ctrl Pts',(0.508998419250331,38.5182665182419,23.9737323767569));
#11822=CARTESIAN_POINT('Ctrl Pts',(0.396918819469496,38.4095057656933,23.9737323767569));
#11823=CARTESIAN_POINT('Ctrl Pts',(0.340742171101658,38.3549925932329,23.9737323767569));
#11824=CARTESIAN_POINT('',(0.340742171101658,38.3549925932329,24.7737323767569));
#11825=CARTESIAN_POINT('Ctrl Pts',(0.340742171101658,38.3549925932329,24.7737323767569));
#11826=CARTESIAN_POINT('Ctrl Pts',(0.396918819469496,38.4095057656933,24.7737323767569));
#11827=CARTESIAN_POINT('Ctrl Pts',(0.508998419250331,38.5182665182419,24.7737323767569));
#11828=CARTESIAN_POINT('Ctrl Pts',(0.664348425144694,38.5340319883741,24.7737323767569));
#11829=CARTESIAN_POINT('Ctrl Pts',(0.741833746724216,38.5418954739016,24.7737323767569));
#11830=CARTESIAN_POINT('',(0.340742171101658,38.3549925932329,23.9737323767569));
#11831=CARTESIAN_POINT('Ctrl Pts',(0.182489455037205,37.7860972532671,23.9737323767569));
#11832=CARTESIAN_POINT('Ctrl Pts',(0.182489455037205,37.7860972532671,24.7737323767569));
#11833=CARTESIAN_POINT('Ctrl Pts',(0.185286496845762,37.9002978980447,23.9737323767569));
#11834=CARTESIAN_POINT('Ctrl Pts',(0.185286496845762,37.9002978980447,24.7737323767569));
#11835=CARTESIAN_POINT('Ctrl Pts',(0.190283055331437,38.1043027859905,23.9737323767569));
#11836=CARTESIAN_POINT('Ctrl Pts',(0.190283055331437,38.1043027859905,24.7737323767569));
#11837=CARTESIAN_POINT('Ctrl Pts',(0.294753583312506,38.2783679889396,23.9737323767569));
#11838=CARTESIAN_POINT('Ctrl Pts',(0.294753583312506,38.2783679889396,24.7737323767569));
#11839=CARTESIAN_POINT('Ctrl Pts',(0.340742171101658,38.3549925932329,23.9737323767569));
#11840=CARTESIAN_POINT('Ctrl Pts',(0.340742171101658,38.3549925932329,24.7737323767569));
#11841=CARTESIAN_POINT('Ctrl Pts',(0.340742171101658,38.3549925932329,23.9737323767569));
#11842=CARTESIAN_POINT('Ctrl Pts',(0.294753583312506,38.2783679889396,23.9737323767569));
#11843=CARTESIAN_POINT('Ctrl Pts',(0.190283055331437,38.1043027859905,23.9737323767569));
#11844=CARTESIAN_POINT('Ctrl Pts',(0.185286496845762,37.9002978980447,23.9737323767569));
#11845=CARTESIAN_POINT('Ctrl Pts',(0.182489455037205,37.7860972532671,23.9737323767569));
#11846=CARTESIAN_POINT('Ctrl Pts',(0.182489455037205,37.7860972532671,24.7737323767569));
#11847=CARTESIAN_POINT('Ctrl Pts',(0.185286496845762,37.9002978980447,24.7737323767569));
#11848=CARTESIAN_POINT('Ctrl Pts',(0.190283055331437,38.1043027859905,24.7737323767569));
#11849=CARTESIAN_POINT('Ctrl Pts',(0.294753583312506,38.2783679889396,24.7737323767569));
#11850=CARTESIAN_POINT('Ctrl Pts',(0.340742171101658,38.3549925932329,24.7737323767569));
#11851=CARTESIAN_POINT('Ctrl Pts',(-0.483268201060207,38.8761383542459,
23.9737323767569));
#11852=CARTESIAN_POINT('Ctrl Pts',(-0.483268201060207,38.8761383542459,
24.7737323767569));
#11853=CARTESIAN_POINT('Ctrl Pts',(-0.613769417438235,38.721167381072,23.9737323767569));
#11854=CARTESIAN_POINT('Ctrl Pts',(-0.613769417438235,38.721167381072,24.7737323767569));
#11855=CARTESIAN_POINT('Ctrl Pts',(-0.879762497371646,38.4052990114209,
23.9737323767569));
#11856=CARTESIAN_POINT('Ctrl Pts',(-0.879762497371646,38.4052990114209,
24.7737323767569));
#11857=CARTESIAN_POINT('Ctrl Pts',(-0.913538998121179,37.9932560634174,
23.9737323767569));
#11858=CARTESIAN_POINT('Ctrl Pts',(-0.913538998121179,37.9932560634174,
24.7737323767569));
#11859=CARTESIAN_POINT('Ctrl Pts',(-0.930744111246975,37.7833691486757,
23.9737323767569));
#11860=CARTESIAN_POINT('Ctrl Pts',(-0.930744111246975,37.7833691486757,
24.7737323767569));
#11861=CARTESIAN_POINT('',(-0.930744111246975,37.7833691486757,23.9737323767569));
#11862=CARTESIAN_POINT('',(-0.483268201060207,38.8761383542459,23.9737323767569));
#11863=CARTESIAN_POINT('Ctrl Pts',(-0.930744111246975,37.7833691486757,
23.9737323767569));
#11864=CARTESIAN_POINT('Ctrl Pts',(-0.913538998121179,37.9932560634174,
23.9737323767569));
#11865=CARTESIAN_POINT('Ctrl Pts',(-0.879762497371646,38.4052990114209,
23.9737323767569));
#11866=CARTESIAN_POINT('Ctrl Pts',(-0.613769417438235,38.721167381072,23.9737323767569));
#11867=CARTESIAN_POINT('Ctrl Pts',(-0.483268201060207,38.8761383542459,
23.9737323767569));
#11868=CARTESIAN_POINT('',(-0.930744111246975,37.7833691486757,24.7737323767569));
#11869=CARTESIAN_POINT('',(-0.930744111246975,37.7833691486757,23.9737323767569));
#11870=CARTESIAN_POINT('',(-0.483268201060207,38.8761383542459,24.7737323767569));
#11871=CARTESIAN_POINT('Ctrl Pts',(-0.483268201060207,38.8761383542459,
24.7737323767569));
#11872=CARTESIAN_POINT('Ctrl Pts',(-0.613769417438235,38.721167381072,24.7737323767569));
#11873=CARTESIAN_POINT('Ctrl Pts',(-0.879762497371646,38.4052990114209,
24.7737323767569));
#11874=CARTESIAN_POINT('Ctrl Pts',(-0.913538998121179,37.9932560634174,
24.7737323767569));
#11875=CARTESIAN_POINT('Ctrl Pts',(-0.930744111246975,37.7833691486757,
24.7737323767569));
#11876=CARTESIAN_POINT('',(-0.483268201060207,38.8761383542459,23.9737323767569));
#11877=CARTESIAN_POINT('Ctrl Pts',(0.725463927083103,39.305879200403,23.9737323767569));
#11878=CARTESIAN_POINT('Ctrl Pts',(0.725463927083103,39.305879200403,24.7737323767569));
#11879=CARTESIAN_POINT('Ctrl Pts',(0.489628142804794,39.2924148746407,23.9737323767569));
#11880=CARTESIAN_POINT('Ctrl Pts',(0.489628142804794,39.2924148746407,24.7737323767569));
#11881=CARTESIAN_POINT('Ctrl Pts',(0.0433368253136912,39.2669352312439,
23.9737323767569));
#11882=CARTESIAN_POINT('Ctrl Pts',(0.0433368253136912,39.2669352312439,
24.7737323767569));
#11883=CARTESIAN_POINT('Ctrl Pts',(-0.314516814587211,39.001369811448,23.9737323767569));
#11884=CARTESIAN_POINT('Ctrl Pts',(-0.314516814587211,39.001369811448,24.7737323767569));
#11885=CARTESIAN_POINT('Ctrl Pts',(-0.483268201060207,38.8761383542459,
23.9737323767569));
#11886=CARTESIAN_POINT('Ctrl Pts',(-0.483268201060207,38.8761383542459,
24.7737323767569));
#11887=CARTESIAN_POINT('',(0.725463927083103,39.305879200403,23.9737323767569));
#11888=CARTESIAN_POINT('Ctrl Pts',(-0.483268201060207,38.8761383542459,
23.9737323767569));
#11889=CARTESIAN_POINT('Ctrl Pts',(-0.314516814587211,39.001369811448,23.9737323767569));
#11890=CARTESIAN_POINT('Ctrl Pts',(0.0433368253136912,39.2669352312439,
23.9737323767569));
#11891=CARTESIAN_POINT('Ctrl Pts',(0.489628142804794,39.2924148746407,23.9737323767569));
#11892=CARTESIAN_POINT('Ctrl Pts',(0.725463927083103,39.305879200403,23.9737323767569));
#11893=CARTESIAN_POINT('',(0.725463927083103,39.305879200403,24.7737323767569));
#11894=CARTESIAN_POINT('Ctrl Pts',(0.725463927083103,39.305879200403,24.7737323767569));
#11895=CARTESIAN_POINT('Ctrl Pts',(0.489628142804794,39.2924148746407,24.7737323767569));
#11896=CARTESIAN_POINT('Ctrl Pts',(0.0433368253136912,39.2669352312439,
24.7737323767569));
#11897=CARTESIAN_POINT('Ctrl Pts',(-0.314516814587211,39.001369811448,24.7737323767569));
#11898=CARTESIAN_POINT('Ctrl Pts',(-0.483268201060207,38.8761383542459,
24.7737323767569));
#11899=CARTESIAN_POINT('',(0.725463927083103,39.305879200403,23.9737323767569));
#11900=CARTESIAN_POINT('Ctrl Pts',(2.04060703545102,38.8011041531008,23.9737323767569));
#11901=CARTESIAN_POINT('Ctrl Pts',(2.04060703545102,38.8011041531008,24.7737323767569));
#11902=CARTESIAN_POINT('Ctrl Pts',(1.86527113089011,38.9481199855653,23.9737323767569));
#11903=CARTESIAN_POINT('Ctrl Pts',(1.86527113089011,38.9481199855653,24.7737323767569));
#11904=CARTESIAN_POINT('Ctrl Pts',(1.48688771716616,39.2653873056769,23.9737323767569));
#11905=CARTESIAN_POINT('Ctrl Pts',(1.48688771716616,39.2653873056769,24.7737323767569));
#11906=CARTESIAN_POINT('Ctrl Pts',(0.991368607945589,39.2917386068402,23.9737323767569));
#11907=CARTESIAN_POINT('Ctrl Pts',(0.991368607945589,39.2917386068402,24.7737323767569));
#11908=CARTESIAN_POINT('Ctrl Pts',(0.725463927083103,39.305879200403,23.9737323767569));
#11909=CARTESIAN_POINT('Ctrl Pts',(0.725463927083103,39.305879200403,24.7737323767569));
#11910=CARTESIAN_POINT('',(2.04060703545102,38.8011041531008,23.9737323767569));
#11911=CARTESIAN_POINT('Ctrl Pts',(0.725463927083103,39.305879200403,23.9737323767569));
#11912=CARTESIAN_POINT('Ctrl Pts',(0.991368607945589,39.2917386068402,23.9737323767569));
#11913=CARTESIAN_POINT('Ctrl Pts',(1.48688771716616,39.2653873056769,23.9737323767569));
#11914=CARTESIAN_POINT('Ctrl Pts',(1.86527113089011,38.9481199855653,23.9737323767569));
#11915=CARTESIAN_POINT('Ctrl Pts',(2.04060703545102,38.8011041531008,23.9737323767569));
#11916=CARTESIAN_POINT('',(2.04060703545102,38.8011041531008,24.7737323767569));
#11917=CARTESIAN_POINT('Ctrl Pts',(2.04060703545102,38.8011041531008,24.7737323767569));
#11918=CARTESIAN_POINT('Ctrl Pts',(1.86527113089011,38.9481199855653,24.7737323767569));
#11919=CARTESIAN_POINT('Ctrl Pts',(1.48688771716616,39.2653873056769,24.7737323767569));
#11920=CARTESIAN_POINT('Ctrl Pts',(0.991368607945589,39.2917386068402,24.7737323767569));
#11921=CARTESIAN_POINT('Ctrl Pts',(0.725463927083103,39.305879200403,24.7737323767569));
#11922=CARTESIAN_POINT('',(2.04060703545102,38.8011041531008,23.9737323767569));
#11923=CARTESIAN_POINT('Ctrl Pts',(2.39804178505429,37.7997401604097,23.9737323767569));
#11924=CARTESIAN_POINT('Ctrl Pts',(2.39804178505429,37.7997401604097,24.7737323767569));
#11925=CARTESIAN_POINT('Ctrl Pts',(2.38475649709119,37.9883041796142,23.9737323767569));
#11926=CARTESIAN_POINT('Ctrl Pts',(2.38475649709119,37.9883041796142,24.7737323767569));
#11927=CARTESIAN_POINT('Ctrl Pts',(2.3588581627634,38.3558907931004,23.9737323767569));
#11928=CARTESIAN_POINT('Ctrl Pts',(2.3588581627634,38.3558907931004,24.7737323767569));
#11929=CARTESIAN_POINT('Ctrl Pts',(2.14483898331229,38.6552901975664,23.9737323767569));
#11930=CARTESIAN_POINT('Ctrl Pts',(2.14483898331229,38.6552901975664,24.7737323767569));
#11931=CARTESIAN_POINT('Ctrl Pts',(2.04060703545102,38.8011041531008,23.9737323767569));
#11932=CARTESIAN_POINT('Ctrl Pts',(2.04060703545102,38.8011041531008,24.7737323767569));
#11933=CARTESIAN_POINT('',(2.39804178505429,37.7997401604097,23.9737323767569));
#11934=CARTESIAN_POINT('Ctrl Pts',(2.04060703545102,38.8011041531008,23.9737323767569));
#11935=CARTESIAN_POINT('Ctrl Pts',(2.14483898331229,38.6552901975664,23.9737323767569));
#11936=CARTESIAN_POINT('Ctrl Pts',(2.3588581627634,38.3558907931004,23.9737323767569));
#11937=CARTESIAN_POINT('Ctrl Pts',(2.38475649709119,37.9883041796142,23.9737323767569));
#11938=CARTESIAN_POINT('Ctrl Pts',(2.39804178505429,37.7997401604097,23.9737323767569));
#11939=CARTESIAN_POINT('',(2.39804178505429,37.7997401604097,24.7737323767569));
#11940=CARTESIAN_POINT('Ctrl Pts',(2.39804178505429,37.7997401604097,24.7737323767569));
#11941=CARTESIAN_POINT('Ctrl Pts',(2.38475649709119,37.9883041796142,24.7737323767569));
#11942=CARTESIAN_POINT('Ctrl Pts',(2.3588581627634,38.3558907931004,24.7737323767569));
#11943=CARTESIAN_POINT('Ctrl Pts',(2.14483898331229,38.6552901975664,24.7737323767569));
#11944=CARTESIAN_POINT('Ctrl Pts',(2.04060703545102,38.8011041531008,24.7737323767569));
#11945=CARTESIAN_POINT('',(2.39804178505429,37.7997401604097,23.9737323767569));
#11946=CARTESIAN_POINT('Ctrl Pts',(1.9546595218707,36.7042419561785,23.9737323767569));
#11947=CARTESIAN_POINT('Ctrl Pts',(1.9546595218707,36.7042419561785,24.7737323767569));
#11948=CARTESIAN_POINT('Ctrl Pts',(2.0839597877939,36.8591266160502,23.9737323767569));
#11949=CARTESIAN_POINT('Ctrl Pts',(2.0839597877939,36.8591266160502,24.7737323767569));
#11950=CARTESIAN_POINT('Ctrl Pts',(2.34872270073989,37.1762776553423,23.9737323767569));
#11951=CARTESIAN_POINT('Ctrl Pts',(2.34872270073989,37.1762776553423,24.7737323767569));
#11952=CARTESIAN_POINT('Ctrl Pts',(2.38134896385994,37.5887194518311,23.9737323767569));
#11953=CARTESIAN_POINT('Ctrl Pts',(2.38134896385994,37.5887194518311,24.7737323767569));
#11954=CARTESIAN_POINT('Ctrl Pts',(2.39804178505429,37.7997401604097,23.9737323767569));
#11955=CARTESIAN_POINT('Ctrl Pts',(2.39804178505429,37.7997401604097,24.7737323767569));
#11956=CARTESIAN_POINT('',(1.9546595218707,36.7042419561785,23.9737323767569));
#11957=CARTESIAN_POINT('Ctrl Pts',(2.39804178505429,37.7997401604097,23.9737323767569));
#11958=CARTESIAN_POINT('Ctrl Pts',(2.38134896385994,37.5887194518311,23.9737323767569));
#11959=CARTESIAN_POINT('Ctrl Pts',(2.34872270073989,37.1762776553423,23.9737323767569));
#11960=CARTESIAN_POINT('Ctrl Pts',(2.0839597877939,36.8591266160502,23.9737323767569));
#11961=CARTESIAN_POINT('Ctrl Pts',(1.9546595218707,36.7042419561785,23.9737323767569));
#11962=CARTESIAN_POINT('',(1.9546595218707,36.7042419561785,24.7737323767569));
#11963=CARTESIAN_POINT('Ctrl Pts',(1.9546595218707,36.7042419561785,24.7737323767569));
#11964=CARTESIAN_POINT('Ctrl Pts',(2.0839597877939,36.8591266160502,24.7737323767569));
#11965=CARTESIAN_POINT('Ctrl Pts',(2.34872270073989,37.1762776553423,24.7737323767569));
#11966=CARTESIAN_POINT('Ctrl Pts',(2.38134896385994,37.5887194518311,24.7737323767569));
#11967=CARTESIAN_POINT('Ctrl Pts',(2.39804178505429,37.7997401604097,24.7737323767569));
#11968=CARTESIAN_POINT('',(1.9546595218707,36.7042419561785,23.9737323767569));
#11969=CARTESIAN_POINT('Ctrl Pts',(0.728191435628025,36.2772301086824,23.9737323767569));
#11970=CARTESIAN_POINT('Ctrl Pts',(0.728191435628025,36.2772301086824,24.7737323767569));
#11971=CARTESIAN_POINT('Ctrl Pts',(0.969284793929814,36.2897561515122,23.9737323767569));
#11972=CARTESIAN_POINT('Ctrl Pts',(0.969284793929814,36.2897561515122,24.7737323767569));
#11973=CARTESIAN_POINT('Ctrl Pts',(1.42127018685457,36.3132391227149,23.9737323767569));
#11974=CARTESIAN_POINT('Ctrl Pts',(1.42127018685457,36.3132391227149,24.7737323767569));
#11975=CARTESIAN_POINT('Ctrl Pts',(1.78496365136281,36.5798458315472,23.9737323767569));
#11976=CARTESIAN_POINT('Ctrl Pts',(1.78496365136281,36.5798458315472,24.7737323767569));
#11977=CARTESIAN_POINT('Ctrl Pts',(1.9546595218707,36.7042419561785,23.9737323767569));
#11978=CARTESIAN_POINT('Ctrl Pts',(1.9546595218707,36.7042419561785,24.7737323767569));
#11979=CARTESIAN_POINT('',(0.728191435628025,36.2772301086824,23.9737323767569));
#11980=CARTESIAN_POINT('Ctrl Pts',(1.9546595218707,36.7042419561785,23.9737323767569));
#11981=CARTESIAN_POINT('Ctrl Pts',(1.78496365136281,36.5798458315472,23.9737323767569));
#11982=CARTESIAN_POINT('Ctrl Pts',(1.42127018685457,36.3132391227149,23.9737323767569));
#11983=CARTESIAN_POINT('Ctrl Pts',(0.969284793929814,36.2897561515122,23.9737323767569));
#11984=CARTESIAN_POINT('Ctrl Pts',(0.728191435628025,36.2772301086824,23.9737323767569));
#11985=CARTESIAN_POINT('',(0.728191435628025,36.2772301086824,24.7737323767569));
#11986=CARTESIAN_POINT('Ctrl Pts',(0.728191435628025,36.2772301086824,24.7737323767569));
#11987=CARTESIAN_POINT('Ctrl Pts',(0.969284793929814,36.2897561515122,24.7737323767569));
#11988=CARTESIAN_POINT('Ctrl Pts',(1.42127018685457,36.3132391227149,24.7737323767569));
#11989=CARTESIAN_POINT('Ctrl Pts',(1.78496365136281,36.5798458315472,24.7737323767569));
#11990=CARTESIAN_POINT('Ctrl Pts',(1.9546595218707,36.7042419561785,24.7737323767569));
#11991=CARTESIAN_POINT('',(0.728191435628025,36.2772301086824,23.9737323767569));
#11992=CARTESIAN_POINT('Ctrl Pts',(-0.401411950297268,36.6319367536943,
23.9737323767569));
#11993=CARTESIAN_POINT('Ctrl Pts',(-0.401411950297268,36.6319367536943,
24.7737323767569));
#11994=CARTESIAN_POINT('Ctrl Pts',(-0.240211446432532,36.5285842202173,
23.9737323767569));
#11995=CARTESIAN_POINT('Ctrl Pts',(-0.240211446432532,36.5285842202173,
24.7737323767569));
#11996=CARTESIAN_POINT('Ctrl Pts',(0.10311528505051,36.3084627773032,23.9737323767569));
#11997=CARTESIAN_POINT('Ctrl Pts',(0.10311528505051,36.3084627773032,24.7737323767569));
#11998=CARTESIAN_POINT('Ctrl Pts',(0.511535007479722,36.2880556031741,23.9737323767569));
#11999=CARTESIAN_POINT('Ctrl Pts',(0.511535007479722,36.2880556031741,24.7737323767569));
#12000=CARTESIAN_POINT('Ctrl Pts',(0.728191435628025,36.2772301086824,23.9737323767569));
#12001=CARTESIAN_POINT('Ctrl Pts',(0.728191435628025,36.2772301086824,24.7737323767569));
#12002=CARTESIAN_POINT('',(-0.401411950297268,36.6319367536943,23.9737323767569));
#12003=CARTESIAN_POINT('Ctrl Pts',(0.728191435628025,36.2772301086824,23.9737323767569));
#12004=CARTESIAN_POINT('Ctrl Pts',(0.511535007479722,36.2880556031741,23.9737323767569));
#12005=CARTESIAN_POINT('Ctrl Pts',(0.10311528505051,36.3084627773032,23.9737323767569));
#12006=CARTESIAN_POINT('Ctrl Pts',(-0.240211446432532,36.5285842202173,
23.9737323767569));
#12007=CARTESIAN_POINT('Ctrl Pts',(-0.401411950297268,36.6319367536943,
23.9737323767569));
#12008=CARTESIAN_POINT('',(-0.401411950297268,36.6319367536943,24.7737323767569));
#12009=CARTESIAN_POINT('Ctrl Pts',(-0.401411950297268,36.6319367536943,
24.7737323767569));
#12010=CARTESIAN_POINT('Ctrl Pts',(-0.240211446432532,36.5285842202173,
24.7737323767569));
#12011=CARTESIAN_POINT('Ctrl Pts',(0.10311528505051,36.3084627773032,24.7737323767569));
#12012=CARTESIAN_POINT('Ctrl Pts',(0.511535007479722,36.2880556031741,24.7737323767569));
#12013=CARTESIAN_POINT('Ctrl Pts',(0.728191435628025,36.2772301086824,24.7737323767569));
#12014=CARTESIAN_POINT('',(-0.401411950297268,36.6319367536943,23.9737323767569));
#12015=CARTESIAN_POINT('Ctrl Pts',(-0.930744111246975,37.7833691486757,
23.9737323767569));
#12016=CARTESIAN_POINT('Ctrl Pts',(-0.930744111246975,37.7833691486757,
24.7737323767569));
#12017=CARTESIAN_POINT('Ctrl Pts',(-0.909587103613205,37.5581084137365,
23.9737323767569));
#12018=CARTESIAN_POINT('Ctrl Pts',(-0.909587103613205,37.5581084137365,
24.7737323767569));
#12019=CARTESIAN_POINT('Ctrl Pts',(-0.867693093743518,37.1120587825146,
23.9737323767569));
#12020=CARTESIAN_POINT('Ctrl Pts',(-0.867693093743518,37.1120587825146,
24.7737323767569));
#12021=CARTESIAN_POINT('Ctrl Pts',(-0.555796699787012,36.7909041925148,
23.9737323767569));
#12022=CARTESIAN_POINT('Ctrl Pts',(-0.555796699787012,36.7909041925148,
24.7737323767569));
#12023=CARTESIAN_POINT('Ctrl Pts',(-0.401411950297268,36.6319367536943,
23.9737323767569));
#12024=CARTESIAN_POINT('Ctrl Pts',(-0.401411950297268,36.6319367536943,
24.7737323767569));
#12025=CARTESIAN_POINT('Ctrl Pts',(-0.401411950297268,36.6319367536943,
23.9737323767569));
#12026=CARTESIAN_POINT('Ctrl Pts',(-0.555796699787012,36.7909041925148,
23.9737323767569));
#12027=CARTESIAN_POINT('Ctrl Pts',(-0.867693093743518,37.1120587825146,
23.9737323767569));
#12028=CARTESIAN_POINT('Ctrl Pts',(-0.909587103613205,37.5581084137365,
23.9737323767569));
#12029=CARTESIAN_POINT('Ctrl Pts',(-0.930744111246975,37.7833691486757,
23.9737323767569));
#12030=CARTESIAN_POINT('Ctrl Pts',(-0.930744111246975,37.7833691486757,
24.7737323767569));
#12031=CARTESIAN_POINT('Ctrl Pts',(-0.909587103613205,37.5581084137365,
24.7737323767569));
#12032=CARTESIAN_POINT('Ctrl Pts',(-0.867693093743518,37.1120587825146,
24.7737323767569));
#12033=CARTESIAN_POINT('Ctrl Pts',(-0.555796699787012,36.7909041925148,
24.7737323767569));
#12034=CARTESIAN_POINT('Ctrl Pts',(-0.401411950297268,36.6319367536943,
24.7737323767569));
#12035=CARTESIAN_POINT('Origin',(0.245244205288975,33.814747209255,24.7737323767569));
#12036=CARTESIAN_POINT('Origin',(0.245244205288975,33.814747209255,23.9737323767569));
#12037=CARTESIAN_POINT('Ctrl Pts',(7.95738607674131,37.2131100544374,23.9737323767569));
#12038=CARTESIAN_POINT('Ctrl Pts',(7.95738607674131,37.2131100544374,24.7737323767569));
#12039=CARTESIAN_POINT('Ctrl Pts',(7.91180908172758,37.2898913417478,23.9737323767569));
#12040=CARTESIAN_POINT('Ctrl Pts',(7.91180908172758,37.2898913417478,24.7737323767569));
#12041=CARTESIAN_POINT('Ctrl Pts',(7.80760269147285,37.4654426431733,23.9737323767569));
#12042=CARTESIAN_POINT('Ctrl Pts',(7.80760269147285,37.4654426431733,24.7737323767569));
#12043=CARTESIAN_POINT('Ctrl Pts',(7.80305549395148,37.6706448309767,23.9737323767569));
#12044=CARTESIAN_POINT('Ctrl Pts',(7.80305549395148,37.6706448309767,24.7737323767569));
#12045=CARTESIAN_POINT('Ctrl Pts',(7.80049711494931,37.7860972532671,23.9737323767569));
#12046=CARTESIAN_POINT('Ctrl Pts',(7.80049711494931,37.7860972532671,24.7737323767569));
#12047=CARTESIAN_POINT('',(7.80049711494931,37.7860972532671,23.9737323767569));
#12048=CARTESIAN_POINT('',(7.95738607674131,37.2131100544374,23.9737323767569));
#12049=CARTESIAN_POINT('Ctrl Pts',(7.80049711494931,37.7860972532671,23.9737323767569));
#12050=CARTESIAN_POINT('Ctrl Pts',(7.80305549395148,37.6706448309767,23.9737323767569));
#12051=CARTESIAN_POINT('Ctrl Pts',(7.80760269147285,37.4654426431733,23.9737323767569));
#12052=CARTESIAN_POINT('Ctrl Pts',(7.91180908172758,37.2898913417478,23.9737323767569));
#12053=CARTESIAN_POINT('Ctrl Pts',(7.95738607674131,37.2131100544374,23.9737323767569));
#12054=CARTESIAN_POINT('',(7.80049711494931,37.7860972532671,24.7737323767569));
#12055=CARTESIAN_POINT('',(7.80049711494931,37.7860972532671,23.9737323767569));
#12056=CARTESIAN_POINT('',(7.95738607674131,37.2131100544374,24.7737323767569));
#12057=CARTESIAN_POINT('Ctrl Pts',(7.95738607674131,37.2131100544374,24.7737323767569));
#12058=CARTESIAN_POINT('Ctrl Pts',(7.91180908172758,37.2898913417478,24.7737323767569));
#12059=CARTESIAN_POINT('Ctrl Pts',(7.80760269147285,37.4654426431733,24.7737323767569));
#12060=CARTESIAN_POINT('Ctrl Pts',(7.80305549395148,37.6706448309767,24.7737323767569));
#12061=CARTESIAN_POINT('Ctrl Pts',(7.80049711494931,37.7860972532671,24.7737323767569));
#12062=CARTESIAN_POINT('',(7.95738607674131,37.2131100544374,23.9737323767569));
#12063=CARTESIAN_POINT('Ctrl Pts',(8.35165649681577,37.0275709280413,23.9737323767569));
#12064=CARTESIAN_POINT('Ctrl Pts',(8.35165649681577,37.0275709280413,24.7737323767569));
#12065=CARTESIAN_POINT('Ctrl Pts',(8.27570991584155,37.035507422685,23.9737323767569));
#12066=CARTESIAN_POINT('Ctrl Pts',(8.27570991584155,37.035507422685,24.7737323767569));
#12067=CARTESIAN_POINT('Ctrl Pts',(8.12278963217883,37.0514877472322,23.9737323767569));
#12068=CARTESIAN_POINT('Ctrl Pts',(8.12278963217883,37.0514877472322,24.7737323767569));
#12069=CARTESIAN_POINT('Ctrl Pts',(8.0127669255488,37.1589952530018,23.9737323767569));
#12070=CARTESIAN_POINT('Ctrl Pts',(8.0127669255488,37.1589952530018,24.7737323767569));
#12071=CARTESIAN_POINT('Ctrl Pts',(7.95738607674131,37.2131100544374,23.9737323767569));
#12072=CARTESIAN_POINT('Ctrl Pts',(7.95738607674131,37.2131100544374,24.7737323767569));
#12073=CARTESIAN_POINT('',(8.35165649681577,37.0275709280413,23.9737323767569));
#12074=CARTESIAN_POINT('Ctrl Pts',(7.95738607674131,37.2131100544374,23.9737323767569));
#12075=CARTESIAN_POINT('Ctrl Pts',(8.0127669255488,37.1589952530018,23.9737323767569));
#12076=CARTESIAN_POINT('Ctrl Pts',(8.12278963217883,37.0514877472322,23.9737323767569));
#12077=CARTESIAN_POINT('Ctrl Pts',(8.27570991584155,37.035507422685,23.9737323767569));
#12078=CARTESIAN_POINT('Ctrl Pts',(8.35165649681577,37.0275709280413,23.9737323767569));
#12079=CARTESIAN_POINT('',(8.35165649681577,37.0275709280413,24.7737323767569));
#12080=CARTESIAN_POINT('Ctrl Pts',(8.35165649681577,37.0275709280413,24.7737323767569));
#12081=CARTESIAN_POINT('Ctrl Pts',(8.27570991584155,37.035507422685,24.7737323767569));
#12082=CARTESIAN_POINT('Ctrl Pts',(8.12278963217883,37.0514877472322,24.7737323767569));
#12083=CARTESIAN_POINT('Ctrl Pts',(8.0127669255488,37.1589952530018,24.7737323767569));
#12084=CARTESIAN_POINT('Ctrl Pts',(7.95738607674131,37.2131100544374,24.7737323767569));
#12085=CARTESIAN_POINT('',(8.35165649681577,37.0275709280413,23.9737323767569));
#12086=CARTESIAN_POINT('Ctrl Pts',(8.74592691689023,37.2103813537996,23.9737323767569));
#12087=CARTESIAN_POINT('Ctrl Pts',(8.74592691689023,37.2103813537996,24.7737323767569));
#12088=CARTESIAN_POINT('Ctrl Pts',(8.69091196006252,37.1570618906698,23.9737323767569));
#12089=CARTESIAN_POINT('Ctrl Pts',(8.69091196006252,37.1570618906698,24.7737323767569));
#12090=CARTESIAN_POINT('Ctrl Pts',(8.58075250872533,37.0502974189212,23.9737323767569));
#12091=CARTESIAN_POINT('Ctrl Pts',(8.58075250872533,37.0502974189212,24.7737323767569));
#12092=CARTESIAN_POINT('Ctrl Pts',(8.42808167654263,37.0351523614132,23.9737323767569));
#12093=CARTESIAN_POINT('Ctrl Pts',(8.42808167654263,37.0351523614132,24.7737323767569));
#12094=CARTESIAN_POINT('Ctrl Pts',(8.35165649681577,37.0275709280413,23.9737323767569));
#12095=CARTESIAN_POINT('Ctrl Pts',(8.35165649681577,37.0275709280413,24.7737323767569));
#12096=CARTESIAN_POINT('',(8.74592691689023,37.2103813537996,23.9737323767569));
#12097=CARTESIAN_POINT('Ctrl Pts',(8.35165649681577,37.0275709280413,23.9737323767569));
#12098=CARTESIAN_POINT('Ctrl Pts',(8.42808167654263,37.0351523614132,23.9737323767569));
#12099=CARTESIAN_POINT('Ctrl Pts',(8.58075250872533,37.0502974189212,23.9737323767569));
#12100=CARTESIAN_POINT('Ctrl Pts',(8.69091196006252,37.1570618906698,23.9737323767569));
#12101=CARTESIAN_POINT('Ctrl Pts',(8.74592691689023,37.2103813537996,23.9737323767569));
#12102=CARTESIAN_POINT('',(8.74592691689023,37.2103813537996,24.7737323767569));
#12103=CARTESIAN_POINT('Ctrl Pts',(8.74592691689023,37.2103813537996,24.7737323767569));
#12104=CARTESIAN_POINT('Ctrl Pts',(8.69091196006252,37.1570618906698,24.7737323767569));
#12105=CARTESIAN_POINT('Ctrl Pts',(8.58075250872533,37.0502974189212,24.7737323767569));
#12106=CARTESIAN_POINT('Ctrl Pts',(8.42808167654263,37.0351523614132,24.7737323767569));
#12107=CARTESIAN_POINT('Ctrl Pts',(8.35165649681577,37.0275709280413,24.7737323767569));
#12108=CARTESIAN_POINT('',(8.74592691689023,37.2103813537996,23.9737323767569));
#12109=CARTESIAN_POINT('Ctrl Pts',(8.9000883701373,37.7970114597719,23.9737323767569));
#12110=CARTESIAN_POINT('Ctrl Pts',(8.9000883701373,37.7970114597719,24.7737323767569));
#12111=CARTESIAN_POINT('Ctrl Pts',(8.89813208825904,37.6776772785445,23.9737323767569));
#12112=CARTESIAN_POINT('Ctrl Pts',(8.89813208825904,37.6776772785445,24.7737323767569));
#12113=CARTESIAN_POINT('Ctrl Pts',(8.89469947558279,37.46828617405,23.9737323767569));
#12114=CARTESIAN_POINT('Ctrl Pts',(8.89469947558279,37.46828617405,24.7737323767569));
#12115=CARTESIAN_POINT('Ctrl Pts',(8.79066923495648,37.2879444447343,23.9737323767569));
#12116=CARTESIAN_POINT('Ctrl Pts',(8.79066923495648,37.2879444447343,24.7737323767569));
#12117=CARTESIAN_POINT('Ctrl Pts',(8.74592691689023,37.2103813537996,23.9737323767569));
#12118=CARTESIAN_POINT('Ctrl Pts',(8.74592691689023,37.2103813537996,24.7737323767569));
#12119=CARTESIAN_POINT('',(8.9000883701373,37.7970114597719,23.9737323767569));
#12120=CARTESIAN_POINT('Ctrl Pts',(8.74592691689023,37.2103813537996,23.9737323767569));
#12121=CARTESIAN_POINT('Ctrl Pts',(8.79066923495648,37.2879444447343,23.9737323767569));
#12122=CARTESIAN_POINT('Ctrl Pts',(8.89469947558279,37.46828617405,23.9737323767569));
#12123=CARTESIAN_POINT('Ctrl Pts',(8.89813208825904,37.6776772785445,23.9737323767569));
#12124=CARTESIAN_POINT('Ctrl Pts',(8.9000883701373,37.7970114597719,23.9737323767569));
#12125=CARTESIAN_POINT('',(8.9000883701373,37.7970114597719,24.7737323767569));
#12126=CARTESIAN_POINT('Ctrl Pts',(8.9000883701373,37.7970114597719,24.7737323767569));
#12127=CARTESIAN_POINT('Ctrl Pts',(8.89813208825904,37.6776772785445,24.7737323767569));
#12128=CARTESIAN_POINT('Ctrl Pts',(8.89469947558279,37.46828617405,24.7737323767569));
#12129=CARTESIAN_POINT('Ctrl Pts',(8.79066923495648,37.2879444447343,24.7737323767569));
#12130=CARTESIAN_POINT('Ctrl Pts',(8.74592691689023,37.2103813537996,24.7737323767569));
#12131=CARTESIAN_POINT('',(8.9000883701373,37.7970114597719,23.9737323767569));
#12132=CARTESIAN_POINT('Ctrl Pts',(8.74456316261777,38.3577206978243,23.9737323767569));
#12133=CARTESIAN_POINT('Ctrl Pts',(8.74456316261777,38.3577206978243,24.7737323767569));
#12134=CARTESIAN_POINT('Ctrl Pts',(8.78975826405181,38.282194394273,23.9737323767569));
#12135=CARTESIAN_POINT('Ctrl Pts',(8.78975826405181,38.282194394273,24.7737323767569));
#12136=CARTESIAN_POINT('Ctrl Pts',(8.89246477759081,38.1105597906963,23.9737323767569));
#12137=CARTESIAN_POINT('Ctrl Pts',(8.89246477759081,38.1105597906963,24.7737323767569));
#12138=CARTESIAN_POINT('Ctrl Pts',(8.89735182507907,37.9095619574902,23.9737323767569));
#12139=CARTESIAN_POINT('Ctrl Pts',(8.89735182507907,37.9095619574902,24.7737323767569));
#12140=CARTESIAN_POINT('Ctrl Pts',(8.9000883701373,37.7970114597719,23.9737323767569));
#12141=CARTESIAN_POINT('Ctrl Pts',(8.9000883701373,37.7970114597719,24.7737323767569));
#12142=CARTESIAN_POINT('',(8.74456316261777,38.3577206978243,23.9737323767569));
#12143=CARTESIAN_POINT('Ctrl Pts',(8.9000883701373,37.7970114597719,23.9737323767569));
#12144=CARTESIAN_POINT('Ctrl Pts',(8.89735182507907,37.9095619574902,23.9737323767569));
#12145=CARTESIAN_POINT('Ctrl Pts',(8.89246477759081,38.1105597906963,23.9737323767569));
#12146=CARTESIAN_POINT('Ctrl Pts',(8.78975826405181,38.282194394273,23.9737323767569));
#12147=CARTESIAN_POINT('Ctrl Pts',(8.74456316261777,38.3577206978243,23.9737323767569));
#12148=CARTESIAN_POINT('',(8.74456316261777,38.3577206978243,24.7737323767569));
#12149=CARTESIAN_POINT('Ctrl Pts',(8.74456316261777,38.3577206978243,24.7737323767569));
#12150=CARTESIAN_POINT('Ctrl Pts',(8.78975826405181,38.282194394273,24.7737323767569));
#12151=CARTESIAN_POINT('Ctrl Pts',(8.89246477759081,38.1105597906963,24.7737323767569));
#12152=CARTESIAN_POINT('Ctrl Pts',(8.89735182507907,37.9095619574902,24.7737323767569));
#12153=CARTESIAN_POINT('Ctrl Pts',(8.9000883701373,37.7970114597719,24.7737323767569));
#12154=CARTESIAN_POINT('',(8.74456316261777,38.3577206978243,23.9737323767569));
#12155=CARTESIAN_POINT('Ctrl Pts',(8.35984140663633,38.5418954739016,23.9737323767569));
#12156=CARTESIAN_POINT('Ctrl Pts',(8.35984140663633,38.5418954739016,24.7737323767569));
#12157=CARTESIAN_POINT('Ctrl Pts',(8.43353649485214,38.5337849358783,23.9737323767569));
#12158=CARTESIAN_POINT('Ctrl Pts',(8.43353649485214,38.5337849358783,24.7737323767569));
#12159=CARTESIAN_POINT('Ctrl Pts',(8.58310065629807,38.5173246011709,23.9737323767569));
#12160=CARTESIAN_POINT('Ctrl Pts',(8.58310065629807,38.5173246011709,24.7737323767569));
#12161=CARTESIAN_POINT('Ctrl Pts',(8.69022330126817,38.4114350503163,23.9737323767569));
#12162=CARTESIAN_POINT('Ctrl Pts',(8.69022330126817,38.4114350503163,24.7737323767569));
#12163=CARTESIAN_POINT('Ctrl Pts',(8.74456316261777,38.3577206978243,23.9737323767569));
#12164=CARTESIAN_POINT('Ctrl Pts',(8.74456316261777,38.3577206978243,24.7737323767569));
#12165=CARTESIAN_POINT('',(8.35984140663633,38.5418954739016,23.9737323767569));
#12166=CARTESIAN_POINT('Ctrl Pts',(8.74456316261777,38.3577206978243,23.9737323767569));
#12167=CARTESIAN_POINT('Ctrl Pts',(8.69022330126817,38.4114350503163,23.9737323767569));
#12168=CARTESIAN_POINT('Ctrl Pts',(8.58310065629807,38.5173246011709,23.9737323767569));
#12169=CARTESIAN_POINT('Ctrl Pts',(8.43353649485214,38.5337849358783,23.9737323767569));
#12170=CARTESIAN_POINT('Ctrl Pts',(8.35984140663633,38.5418954739016,23.9737323767569));
#12171=CARTESIAN_POINT('',(8.35984140663633,38.5418954739016,24.7737323767569));
#12172=CARTESIAN_POINT('Ctrl Pts',(8.35984140663633,38.5418954739016,24.7737323767569));
#12173=CARTESIAN_POINT('Ctrl Pts',(8.43353649485214,38.5337849358783,24.7737323767569));
#12174=CARTESIAN_POINT('Ctrl Pts',(8.58310065629807,38.5173246011709,24.7737323767569));
#12175=CARTESIAN_POINT('Ctrl Pts',(8.69022330126817,38.4114350503163,24.7737323767569));
#12176=CARTESIAN_POINT('Ctrl Pts',(8.74456316261777,38.3577206978243,24.7737323767569));
#12177=CARTESIAN_POINT('',(8.35984140663633,38.5418954739016,23.9737323767569));
#12178=CARTESIAN_POINT('Ctrl Pts',(7.95874983101377,38.3549925932329,23.9737323767569));
#12179=CARTESIAN_POINT('Ctrl Pts',(7.95874983101377,38.3549925932329,24.7737323767569));
#12180=CARTESIAN_POINT('Ctrl Pts',(8.0149264793816,38.4095057656933,23.9737323767569));
#12181=CARTESIAN_POINT('Ctrl Pts',(8.0149264793816,38.4095057656933,24.7737323767569));
#12182=CARTESIAN_POINT('Ctrl Pts',(8.12700607916244,38.5182665182419,23.9737323767569));
#12183=CARTESIAN_POINT('Ctrl Pts',(8.12700607916244,38.5182665182419,24.7737323767569));
#12184=CARTESIAN_POINT('Ctrl Pts',(8.2823560850568,38.5340319883741,23.9737323767569));
#12185=CARTESIAN_POINT('Ctrl Pts',(8.2823560850568,38.5340319883741,24.7737323767569));
#12186=CARTESIAN_POINT('Ctrl Pts',(8.35984140663633,38.5418954739016,23.9737323767569));
#12187=CARTESIAN_POINT('Ctrl Pts',(8.35984140663633,38.5418954739016,24.7737323767569));
#12188=CARTESIAN_POINT('',(7.95874983101377,38.3549925932329,23.9737323767569));
#12189=CARTESIAN_POINT('Ctrl Pts',(8.35984140663633,38.5418954739016,23.9737323767569));
#12190=CARTESIAN_POINT('Ctrl Pts',(8.2823560850568,38.5340319883741,23.9737323767569));
#12191=CARTESIAN_POINT('Ctrl Pts',(8.12700607916244,38.5182665182419,23.9737323767569));
#12192=CARTESIAN_POINT('Ctrl Pts',(8.0149264793816,38.4095057656933,23.9737323767569));
#12193=CARTESIAN_POINT('Ctrl Pts',(7.95874983101377,38.3549925932329,23.9737323767569));
#12194=CARTESIAN_POINT('',(7.95874983101377,38.3549925932329,24.7737323767569));
#12195=CARTESIAN_POINT('Ctrl Pts',(7.95874983101377,38.3549925932329,24.7737323767569));
#12196=CARTESIAN_POINT('Ctrl Pts',(8.0149264793816,38.4095057656933,24.7737323767569));
#12197=CARTESIAN_POINT('Ctrl Pts',(8.12700607916244,38.5182665182419,24.7737323767569));
#12198=CARTESIAN_POINT('Ctrl Pts',(8.2823560850568,38.5340319883741,24.7737323767569));
#12199=CARTESIAN_POINT('Ctrl Pts',(8.35984140663633,38.5418954739016,24.7737323767569));
#12200=CARTESIAN_POINT('',(7.95874983101377,38.3549925932329,23.9737323767569));
#12201=CARTESIAN_POINT('Ctrl Pts',(7.80049711494931,37.7860972532671,23.9737323767569));
#12202=CARTESIAN_POINT('Ctrl Pts',(7.80049711494931,37.7860972532671,24.7737323767569));
#12203=CARTESIAN_POINT('Ctrl Pts',(7.80329415675787,37.9002978980447,23.9737323767569));
#12204=CARTESIAN_POINT('Ctrl Pts',(7.80329415675787,37.9002978980447,24.7737323767569));
#12205=CARTESIAN_POINT('Ctrl Pts',(7.80829071524355,38.1043027859905,23.9737323767569));
#12206=CARTESIAN_POINT('Ctrl Pts',(7.80829071524355,38.1043027859905,24.7737323767569));
#12207=CARTESIAN_POINT('Ctrl Pts',(7.91276124322461,38.2783679889396,23.9737323767569));
#12208=CARTESIAN_POINT('Ctrl Pts',(7.91276124322461,38.2783679889396,24.7737323767569));
#12209=CARTESIAN_POINT('Ctrl Pts',(7.95874983101377,38.3549925932329,23.9737323767569));
#12210=CARTESIAN_POINT('Ctrl Pts',(7.95874983101377,38.3549925932329,24.7737323767569));
#12211=CARTESIAN_POINT('Ctrl Pts',(7.95874983101377,38.3549925932329,23.9737323767569));
#12212=CARTESIAN_POINT('Ctrl Pts',(7.91276124322461,38.2783679889396,23.9737323767569));
#12213=CARTESIAN_POINT('Ctrl Pts',(7.80829071524355,38.1043027859905,23.9737323767569));
#12214=CARTESIAN_POINT('Ctrl Pts',(7.80329415675787,37.9002978980447,23.9737323767569));
#12215=CARTESIAN_POINT('Ctrl Pts',(7.80049711494931,37.7860972532671,23.9737323767569));
#12216=CARTESIAN_POINT('Ctrl Pts',(7.80049711494931,37.7860972532671,24.7737323767569));
#12217=CARTESIAN_POINT('Ctrl Pts',(7.80329415675787,37.9002978980447,24.7737323767569));
#12218=CARTESIAN_POINT('Ctrl Pts',(7.80829071524355,38.1043027859905,24.7737323767569));
#12219=CARTESIAN_POINT('Ctrl Pts',(7.91276124322461,38.2783679889396,24.7737323767569));
#12220=CARTESIAN_POINT('Ctrl Pts',(7.95874983101377,38.3549925932329,24.7737323767569));
#12221=CARTESIAN_POINT('Ctrl Pts',(7.1347394588519,38.8761383542459,23.9737323767569));
#12222=CARTESIAN_POINT('Ctrl Pts',(7.1347394588519,38.8761383542459,24.7737323767569));
#12223=CARTESIAN_POINT('Ctrl Pts',(7.00423824247387,38.721167381072,23.9737323767569));
#12224=CARTESIAN_POINT('Ctrl Pts',(7.00423824247387,38.721167381072,24.7737323767569));
#12225=CARTESIAN_POINT('Ctrl Pts',(6.73824516254045,38.4052990114209,23.9737323767569));
#12226=CARTESIAN_POINT('Ctrl Pts',(6.73824516254045,38.4052990114209,24.7737323767569));
#12227=CARTESIAN_POINT('Ctrl Pts',(6.70446866179093,37.9932560634174,23.9737323767569));
#12228=CARTESIAN_POINT('Ctrl Pts',(6.70446866179093,37.9932560634174,24.7737323767569));
#12229=CARTESIAN_POINT('Ctrl Pts',(6.68726354866513,37.7833691486757,23.9737323767569));
#12230=CARTESIAN_POINT('Ctrl Pts',(6.68726354866513,37.7833691486757,24.7737323767569));
#12231=CARTESIAN_POINT('',(6.68726354866513,37.7833691486757,23.9737323767569));
#12232=CARTESIAN_POINT('',(7.1347394588519,38.8761383542459,23.9737323767569));
#12233=CARTESIAN_POINT('Ctrl Pts',(6.68726354866513,37.7833691486757,23.9737323767569));
#12234=CARTESIAN_POINT('Ctrl Pts',(6.70446866179093,37.9932560634174,23.9737323767569));
#12235=CARTESIAN_POINT('Ctrl Pts',(6.73824516254045,38.4052990114209,23.9737323767569));
#12236=CARTESIAN_POINT('Ctrl Pts',(7.00423824247387,38.721167381072,23.9737323767569));
#12237=CARTESIAN_POINT('Ctrl Pts',(7.1347394588519,38.8761383542459,23.9737323767569));
#12238=CARTESIAN_POINT('',(6.68726354866513,37.7833691486757,24.7737323767569));
#12239=CARTESIAN_POINT('',(6.68726354866513,37.7833691486757,23.9737323767569));
#12240=CARTESIAN_POINT('',(7.1347394588519,38.8761383542459,24.7737323767569));
#12241=CARTESIAN_POINT('Ctrl Pts',(7.1347394588519,38.8761383542459,24.7737323767569));
#12242=CARTESIAN_POINT('Ctrl Pts',(7.00423824247387,38.721167381072,24.7737323767569));
#12243=CARTESIAN_POINT('Ctrl Pts',(6.73824516254045,38.4052990114209,24.7737323767569));
#12244=CARTESIAN_POINT('Ctrl Pts',(6.70446866179093,37.9932560634174,24.7737323767569));
#12245=CARTESIAN_POINT('Ctrl Pts',(6.68726354866513,37.7833691486757,24.7737323767569));
#12246=CARTESIAN_POINT('',(7.1347394588519,38.8761383542459,23.9737323767569));
#12247=CARTESIAN_POINT('Ctrl Pts',(8.34347158699521,39.305879200403,23.9737323767569));
#12248=CARTESIAN_POINT('Ctrl Pts',(8.34347158699521,39.305879200403,24.7737323767569));
#12249=CARTESIAN_POINT('Ctrl Pts',(8.10763580271691,39.2924148746407,23.9737323767569));
#12250=CARTESIAN_POINT('Ctrl Pts',(8.10763580271691,39.2924148746407,24.7737323767569));
#12251=CARTESIAN_POINT('Ctrl Pts',(7.6613444852258,39.2669352312439,23.9737323767569));
#12252=CARTESIAN_POINT('Ctrl Pts',(7.6613444852258,39.2669352312439,24.7737323767569));
#12253=CARTESIAN_POINT('Ctrl Pts',(7.3034908453249,39.001369811448,23.9737323767569));
#12254=CARTESIAN_POINT('Ctrl Pts',(7.3034908453249,39.001369811448,24.7737323767569));
#12255=CARTESIAN_POINT('Ctrl Pts',(7.1347394588519,38.8761383542459,23.9737323767569));
#12256=CARTESIAN_POINT('Ctrl Pts',(7.1347394588519,38.8761383542459,24.7737323767569));
#12257=CARTESIAN_POINT('',(8.34347158699521,39.305879200403,23.9737323767569));
#12258=CARTESIAN_POINT('Ctrl Pts',(7.1347394588519,38.8761383542459,23.9737323767569));
#12259=CARTESIAN_POINT('Ctrl Pts',(7.3034908453249,39.001369811448,23.9737323767569));
#12260=CARTESIAN_POINT('Ctrl Pts',(7.6613444852258,39.2669352312439,23.9737323767569));
#12261=CARTESIAN_POINT('Ctrl Pts',(8.10763580271691,39.2924148746407,23.9737323767569));
#12262=CARTESIAN_POINT('Ctrl Pts',(8.34347158699521,39.305879200403,23.9737323767569));
#12263=CARTESIAN_POINT('',(8.34347158699521,39.305879200403,24.7737323767569));
#12264=CARTESIAN_POINT('Ctrl Pts',(8.34347158699521,39.305879200403,24.7737323767569));
#12265=CARTESIAN_POINT('Ctrl Pts',(8.10763580271691,39.2924148746407,24.7737323767569));
#12266=CARTESIAN_POINT('Ctrl Pts',(7.6613444852258,39.2669352312439,24.7737323767569));
#12267=CARTESIAN_POINT('Ctrl Pts',(7.3034908453249,39.001369811448,24.7737323767569));
#12268=CARTESIAN_POINT('Ctrl Pts',(7.1347394588519,38.8761383542459,24.7737323767569));
#12269=CARTESIAN_POINT('',(8.34347158699521,39.305879200403,23.9737323767569));
#12270=CARTESIAN_POINT('Ctrl Pts',(9.65861469536313,38.8011041531008,23.9737323767569));
#12271=CARTESIAN_POINT('Ctrl Pts',(9.65861469536313,38.8011041531008,24.7737323767569));
#12272=CARTESIAN_POINT('Ctrl Pts',(9.48327879080222,38.9481199855653,23.9737323767569));
#12273=CARTESIAN_POINT('Ctrl Pts',(9.48327879080222,38.9481199855653,24.7737323767569));
#12274=CARTESIAN_POINT('Ctrl Pts',(9.10489537707828,39.2653873056769,23.9737323767569));
#12275=CARTESIAN_POINT('Ctrl Pts',(9.10489537707828,39.2653873056769,24.7737323767569));
#12276=CARTESIAN_POINT('Ctrl Pts',(8.6093762678577,39.2917386068402,23.9737323767569));
#12277=CARTESIAN_POINT('Ctrl Pts',(8.6093762678577,39.2917386068402,24.7737323767569));
#12278=CARTESIAN_POINT('Ctrl Pts',(8.34347158699521,39.305879200403,23.9737323767569));
#12279=CARTESIAN_POINT('Ctrl Pts',(8.34347158699521,39.305879200403,24.7737323767569));
#12280=CARTESIAN_POINT('',(9.65861469536313,38.8011041531008,23.9737323767569));
#12281=CARTESIAN_POINT('Ctrl Pts',(8.34347158699521,39.305879200403,23.9737323767569));
#12282=CARTESIAN_POINT('Ctrl Pts',(8.6093762678577,39.2917386068402,23.9737323767569));
#12283=CARTESIAN_POINT('Ctrl Pts',(9.10489537707828,39.2653873056769,23.9737323767569));
#12284=CARTESIAN_POINT('Ctrl Pts',(9.48327879080222,38.9481199855653,23.9737323767569));
#12285=CARTESIAN_POINT('Ctrl Pts',(9.65861469536313,38.8011041531008,23.9737323767569));
#12286=CARTESIAN_POINT('',(9.65861469536313,38.8011041531008,24.7737323767569));
#12287=CARTESIAN_POINT('Ctrl Pts',(9.65861469536313,38.8011041531008,24.7737323767569));
#12288=CARTESIAN_POINT('Ctrl Pts',(9.48327879080222,38.9481199855653,24.7737323767569));
#12289=CARTESIAN_POINT('Ctrl Pts',(9.10489537707828,39.2653873056769,24.7737323767569));
#12290=CARTESIAN_POINT('Ctrl Pts',(8.6093762678577,39.2917386068402,24.7737323767569));
#12291=CARTESIAN_POINT('Ctrl Pts',(8.34347158699521,39.305879200403,24.7737323767569));
#12292=CARTESIAN_POINT('',(9.65861469536313,38.8011041531008,23.9737323767569));
#12293=CARTESIAN_POINT('Ctrl Pts',(10.0160494449664,37.7997401604097,23.9737323767569));
#12294=CARTESIAN_POINT('Ctrl Pts',(10.0160494449664,37.7997401604097,24.7737323767569));
#12295=CARTESIAN_POINT('Ctrl Pts',(10.0027641570033,37.9883041796142,23.9737323767569));
#12296=CARTESIAN_POINT('Ctrl Pts',(10.0027641570033,37.9883041796142,24.7737323767569));
#12297=CARTESIAN_POINT('Ctrl Pts',(9.97686582267552,38.3558907931004,23.9737323767569));
#12298=CARTESIAN_POINT('Ctrl Pts',(9.97686582267552,38.3558907931004,24.7737323767569));
#12299=CARTESIAN_POINT('Ctrl Pts',(9.7628466432244,38.6552901975664,23.9737323767569));
#12300=CARTESIAN_POINT('Ctrl Pts',(9.7628466432244,38.6552901975664,24.7737323767569));
#12301=CARTESIAN_POINT('Ctrl Pts',(9.65861469536313,38.8011041531008,23.9737323767569));
#12302=CARTESIAN_POINT('Ctrl Pts',(9.65861469536313,38.8011041531008,24.7737323767569));
#12303=CARTESIAN_POINT('',(10.0160494449664,37.7997401604097,23.9737323767569));
#12304=CARTESIAN_POINT('Ctrl Pts',(9.65861469536313,38.8011041531008,23.9737323767569));
#12305=CARTESIAN_POINT('Ctrl Pts',(9.7628466432244,38.6552901975664,23.9737323767569));
#12306=CARTESIAN_POINT('Ctrl Pts',(9.97686582267552,38.3558907931004,23.9737323767569));
#12307=CARTESIAN_POINT('Ctrl Pts',(10.0027641570033,37.9883041796142,23.9737323767569));
#12308=CARTESIAN_POINT('Ctrl Pts',(10.0160494449664,37.7997401604097,23.9737323767569));
#12309=CARTESIAN_POINT('',(10.0160494449664,37.7997401604097,24.7737323767569));
#12310=CARTESIAN_POINT('Ctrl Pts',(10.0160494449664,37.7997401604097,24.7737323767569));
#12311=CARTESIAN_POINT('Ctrl Pts',(10.0027641570033,37.9883041796142,24.7737323767569));
#12312=CARTESIAN_POINT('Ctrl Pts',(9.97686582267552,38.3558907931004,24.7737323767569));
#12313=CARTESIAN_POINT('Ctrl Pts',(9.7628466432244,38.6552901975664,24.7737323767569));
#12314=CARTESIAN_POINT('Ctrl Pts',(9.65861469536313,38.8011041531008,24.7737323767569));
#12315=CARTESIAN_POINT('',(10.0160494449664,37.7997401604097,23.9737323767569));
#12316=CARTESIAN_POINT('Ctrl Pts',(9.57266718178281,36.7042419561785,23.9737323767569));
#12317=CARTESIAN_POINT('Ctrl Pts',(9.57266718178281,36.7042419561785,24.7737323767569));
#12318=CARTESIAN_POINT('Ctrl Pts',(9.70196744770601,36.8591266160502,23.9737323767569));
#12319=CARTESIAN_POINT('Ctrl Pts',(9.70196744770601,36.8591266160502,24.7737323767569));
#12320=CARTESIAN_POINT('Ctrl Pts',(9.966730360652,37.1762776553423,23.9737323767569));
#12321=CARTESIAN_POINT('Ctrl Pts',(9.966730360652,37.1762776553423,24.7737323767569));
#12322=CARTESIAN_POINT('Ctrl Pts',(9.99935662377205,37.5887194518311,23.9737323767569));
#12323=CARTESIAN_POINT('Ctrl Pts',(9.99935662377205,37.5887194518311,24.7737323767569));
#12324=CARTESIAN_POINT('Ctrl Pts',(10.0160494449664,37.7997401604097,23.9737323767569));
#12325=CARTESIAN_POINT('Ctrl Pts',(10.0160494449664,37.7997401604097,24.7737323767569));
#12326=CARTESIAN_POINT('',(9.57266718178281,36.7042419561785,23.9737323767569));
#12327=CARTESIAN_POINT('Ctrl Pts',(10.0160494449664,37.7997401604097,23.9737323767569));
#12328=CARTESIAN_POINT('Ctrl Pts',(9.99935662377205,37.5887194518311,23.9737323767569));
#12329=CARTESIAN_POINT('Ctrl Pts',(9.966730360652,37.1762776553423,23.9737323767569));
#12330=CARTESIAN_POINT('Ctrl Pts',(9.70196744770601,36.8591266160502,23.9737323767569));
#12331=CARTESIAN_POINT('Ctrl Pts',(9.57266718178281,36.7042419561785,23.9737323767569));
#12332=CARTESIAN_POINT('',(9.57266718178281,36.7042419561785,24.7737323767569));
#12333=CARTESIAN_POINT('Ctrl Pts',(9.57266718178281,36.7042419561785,24.7737323767569));
#12334=CARTESIAN_POINT('Ctrl Pts',(9.70196744770601,36.8591266160502,24.7737323767569));
#12335=CARTESIAN_POINT('Ctrl Pts',(9.966730360652,37.1762776553423,24.7737323767569));
#12336=CARTESIAN_POINT('Ctrl Pts',(9.99935662377205,37.5887194518311,24.7737323767569));
#12337=CARTESIAN_POINT('Ctrl Pts',(10.0160494449664,37.7997401604097,24.7737323767569));
#12338=CARTESIAN_POINT('',(9.57266718178281,36.7042419561785,23.9737323767569));
#12339=CARTESIAN_POINT('Ctrl Pts',(8.34619909554013,36.2772301086824,23.9737323767569));
#12340=CARTESIAN_POINT('Ctrl Pts',(8.34619909554013,36.2772301086824,24.7737323767569));
#12341=CARTESIAN_POINT('Ctrl Pts',(8.58729245384192,36.2897561515122,23.9737323767569));
#12342=CARTESIAN_POINT('Ctrl Pts',(8.58729245384192,36.2897561515122,24.7737323767569));
#12343=CARTESIAN_POINT('Ctrl Pts',(9.03927784676667,36.3132391227149,23.9737323767569));
#12344=CARTESIAN_POINT('Ctrl Pts',(9.03927784676667,36.3132391227149,24.7737323767569));
#12345=CARTESIAN_POINT('Ctrl Pts',(9.40297131127491,36.5798458315472,23.9737323767569));
#12346=CARTESIAN_POINT('Ctrl Pts',(9.40297131127491,36.5798458315472,24.7737323767569));
#12347=CARTESIAN_POINT('Ctrl Pts',(9.57266718178281,36.7042419561785,23.9737323767569));
#12348=CARTESIAN_POINT('Ctrl Pts',(9.57266718178281,36.7042419561785,24.7737323767569));
#12349=CARTESIAN_POINT('',(8.34619909554013,36.2772301086824,23.9737323767569));
#12350=CARTESIAN_POINT('Ctrl Pts',(9.57266718178281,36.7042419561785,23.9737323767569));
#12351=CARTESIAN_POINT('Ctrl Pts',(9.40297131127491,36.5798458315472,23.9737323767569));
#12352=CARTESIAN_POINT('Ctrl Pts',(9.03927784676667,36.3132391227149,23.9737323767569));
#12353=CARTESIAN_POINT('Ctrl Pts',(8.58729245384192,36.2897561515122,23.9737323767569));
#12354=CARTESIAN_POINT('Ctrl Pts',(8.34619909554013,36.2772301086824,23.9737323767569));
#12355=CARTESIAN_POINT('',(8.34619909554013,36.2772301086824,24.7737323767569));
#12356=CARTESIAN_POINT('Ctrl Pts',(8.34619909554013,36.2772301086824,24.7737323767569));
#12357=CARTESIAN_POINT('Ctrl Pts',(8.58729245384192,36.2897561515122,24.7737323767569));
#12358=CARTESIAN_POINT('Ctrl Pts',(9.03927784676667,36.3132391227149,24.7737323767569));
#12359=CARTESIAN_POINT('Ctrl Pts',(9.40297131127491,36.5798458315472,24.7737323767569));
#12360=CARTESIAN_POINT('Ctrl Pts',(9.57266718178281,36.7042419561785,24.7737323767569));
#12361=CARTESIAN_POINT('',(8.34619909554013,36.2772301086824,23.9737323767569));
#12362=CARTESIAN_POINT('Ctrl Pts',(7.21659570961484,36.6319367536943,23.9737323767569));
#12363=CARTESIAN_POINT('Ctrl Pts',(7.21659570961484,36.6319367536943,24.7737323767569));
#12364=CARTESIAN_POINT('Ctrl Pts',(7.37779621347958,36.5285842202173,23.9737323767569));
#12365=CARTESIAN_POINT('Ctrl Pts',(7.37779621347958,36.5285842202173,24.7737323767569));
#12366=CARTESIAN_POINT('Ctrl Pts',(7.72112294496262,36.3084627773032,23.9737323767569));
#12367=CARTESIAN_POINT('Ctrl Pts',(7.72112294496262,36.3084627773032,24.7737323767569));
#12368=CARTESIAN_POINT('Ctrl Pts',(8.12954266739183,36.2880556031741,23.9737323767569));
#12369=CARTESIAN_POINT('Ctrl Pts',(8.12954266739183,36.2880556031741,24.7737323767569));
#12370=CARTESIAN_POINT('Ctrl Pts',(8.34619909554013,36.2772301086824,23.9737323767569));
#12371=CARTESIAN_POINT('Ctrl Pts',(8.34619909554013,36.2772301086824,24.7737323767569));
#12372=CARTESIAN_POINT('',(7.21659570961484,36.6319367536943,23.9737323767569));
#12373=CARTESIAN_POINT('Ctrl Pts',(8.34619909554013,36.2772301086824,23.9737323767569));
#12374=CARTESIAN_POINT('Ctrl Pts',(8.12954266739183,36.2880556031741,23.9737323767569));
#12375=CARTESIAN_POINT('Ctrl Pts',(7.72112294496262,36.3084627773032,23.9737323767569));
#12376=CARTESIAN_POINT('Ctrl Pts',(7.37779621347958,36.5285842202173,23.9737323767569));
#12377=CARTESIAN_POINT('Ctrl Pts',(7.21659570961484,36.6319367536943,23.9737323767569));
#12378=CARTESIAN_POINT('',(7.21659570961484,36.6319367536943,24.7737323767569));
#12379=CARTESIAN_POINT('Ctrl Pts',(7.21659570961484,36.6319367536943,24.7737323767569));
#12380=CARTESIAN_POINT('Ctrl Pts',(7.37779621347958,36.5285842202173,24.7737323767569));
#12381=CARTESIAN_POINT('Ctrl Pts',(7.72112294496262,36.3084627773032,24.7737323767569));
#12382=CARTESIAN_POINT('Ctrl Pts',(8.12954266739183,36.2880556031741,24.7737323767569));
#12383=CARTESIAN_POINT('Ctrl Pts',(8.34619909554013,36.2772301086824,24.7737323767569));
#12384=CARTESIAN_POINT('',(7.21659570961484,36.6319367536943,23.9737323767569));
#12385=CARTESIAN_POINT('Ctrl Pts',(6.68726354866513,37.7833691486757,23.9737323767569));
#12386=CARTESIAN_POINT('Ctrl Pts',(6.68726354866513,37.7833691486757,24.7737323767569));
#12387=CARTESIAN_POINT('Ctrl Pts',(6.70842161962917,37.5581085290936,23.9737323767569));
#12388=CARTESIAN_POINT('Ctrl Pts',(6.70842161962917,37.5581085290936,24.7737323767569));
#12389=CARTESIAN_POINT('Ctrl Pts',(6.75031767263054,37.1120597908521,23.9737323767569));
#12390=CARTESIAN_POINT('Ctrl Pts',(6.75031767263054,37.1120597908521,24.7737323767569));
#12391=CARTESIAN_POINT('Ctrl Pts',(7.0622121456403,36.7909043647405,23.9737323767569));
#12392=CARTESIAN_POINT('Ctrl Pts',(7.0622121456403,36.7909043647405,24.7737323767569));
#12393=CARTESIAN_POINT('Ctrl Pts',(7.21659570961484,36.6319367536943,23.9737323767569));
#12394=CARTESIAN_POINT('Ctrl Pts',(7.21659570961484,36.6319367536943,24.7737323767569));
#12395=CARTESIAN_POINT('Ctrl Pts',(7.21659570961484,36.6319367536943,23.9737323767569));
#12396=CARTESIAN_POINT('Ctrl Pts',(7.0622121456403,36.7909043647405,23.9737323767569));
#12397=CARTESIAN_POINT('Ctrl Pts',(6.75031767263054,37.1120597908521,23.9737323767569));
#12398=CARTESIAN_POINT('Ctrl Pts',(6.70842161962917,37.5581085290936,23.9737323767569));
#12399=CARTESIAN_POINT('Ctrl Pts',(6.68726354866513,37.7833691486757,23.9737323767569));
#12400=CARTESIAN_POINT('Ctrl Pts',(6.68726354866513,37.7833691486757,24.7737323767569));
#12401=CARTESIAN_POINT('Ctrl Pts',(6.70842161962917,37.5581085290936,24.7737323767569));
#12402=CARTESIAN_POINT('Ctrl Pts',(6.75031767263054,37.1120597908521,24.7737323767569));
#12403=CARTESIAN_POINT('Ctrl Pts',(7.0622121456403,36.7909043647405,24.7737323767569));
#12404=CARTESIAN_POINT('Ctrl Pts',(7.21659570961484,36.6319367536943,24.7737323767569));
#12405=CARTESIAN_POINT('Origin',(0.245244205288975,33.814747209255,24.7737323767569));
#12406=CARTESIAN_POINT('Origin',(0.245244205288975,33.814747209255,23.9737323767569));
#12407=CARTESIAN_POINT('Origin',(-13.2772645351361,30.3509000191134,23.9737323767569));
#12408=CARTESIAN_POINT('',(-14.8925444480847,30.3509000191134,23.9737323767569));
#12409=CARTESIAN_POINT('',(-13.2772645351361,30.3509000191134,23.9737323767569));
#12410=CARTESIAN_POINT('',(-14.8925444480847,30.3509000191134,23.9737323767569));
#12411=CARTESIAN_POINT('',(-14.8925444480847,30.3509000191134,24.7737323767569));
#12412=CARTESIAN_POINT('',(-14.8925444480847,30.3509000191134,23.9737323767569));
#12413=CARTESIAN_POINT('',(-13.2772645351361,30.3509000191134,24.7737323767569));
#12414=CARTESIAN_POINT('',(-14.8925444480847,30.3509000191134,24.7737323767569));
#12415=CARTESIAN_POINT('',(-13.2772645351361,30.3509000191134,23.9737323767569));
#12416=CARTESIAN_POINT('Origin',(-13.2772645351361,29.4914189228457,23.9737323767569));
#12417=CARTESIAN_POINT('',(-13.2772645351361,29.4914189228457,23.9737323767569));
#12418=CARTESIAN_POINT('',(-13.2772645351361,30.3509000191134,23.9737323767569));
#12419=CARTESIAN_POINT('',(-13.2772645351361,29.4914189228457,24.7737323767569));
#12420=CARTESIAN_POINT('',(-13.2772645351361,30.3509000191134,24.7737323767569));
#12421=CARTESIAN_POINT('',(-13.2772645351361,29.4914189228457,23.9737323767569));
#12422=CARTESIAN_POINT('Origin',(-14.8925444480847,29.4914189228457,23.9737323767569));
#12423=CARTESIAN_POINT('',(-14.8925444480847,29.4914189228457,23.9737323767569));
#12424=CARTESIAN_POINT('',(-13.2772645351361,29.4914189228457,23.9737323767569));
#12425=CARTESIAN_POINT('',(-14.8925444480847,29.4914189228457,24.7737323767569));
#12426=CARTESIAN_POINT('',(-13.2772645351361,29.4914189228457,24.7737323767569));
#12427=CARTESIAN_POINT('',(-14.8925444480847,29.4914189228457,23.9737323767569));
#12428=CARTESIAN_POINT('Origin',(-14.8925444480847,30.3509000191134,23.9737323767569));
#12429=CARTESIAN_POINT('',(-14.8925444480847,29.4914189228457,23.9737323767569));
#12430=CARTESIAN_POINT('',(-14.8925444480847,29.4914189228457,24.7737323767569));
#12431=CARTESIAN_POINT('Origin',(0.245244205288975,33.814747209255,24.7737323767569));
#12432=CARTESIAN_POINT('Origin',(0.245244205288975,33.814747209255,23.9737323767569));
#12433=CARTESIAN_POINT('Origin',(-10.9580287334394,30.8938744911593,23.9737323767569));
#12434=CARTESIAN_POINT('',(-11.4955458042096,30.8938744911593,23.9737323767569));
#12435=CARTESIAN_POINT('',(-10.9580287334394,30.8938744911593,23.9737323767569));
#12436=CARTESIAN_POINT('',(-11.4955458042096,30.8938744911593,23.9737323767569));
#12437=CARTESIAN_POINT('',(-11.4955458042096,30.8938744911593,24.7737323767569));
#12438=CARTESIAN_POINT('',(-11.4955458042096,30.8938744911593,23.9737323767569));
#12439=CARTESIAN_POINT('',(-10.9580287334394,30.8938744911593,24.7737323767569));
#12440=CARTESIAN_POINT('',(-11.4955458042096,30.8938744911593,24.7737323767569));
#12441=CARTESIAN_POINT('',(-10.9580287334394,30.8938744911593,23.9737323767569));
#12442=CARTESIAN_POINT('Ctrl Pts',(-10.5555734035443,30.9934655079287,23.9737323767569));
#12443=CARTESIAN_POINT('Ctrl Pts',(-10.5555734035443,30.9934655079287,24.7737323767569));
#12444=CARTESIAN_POINT('Ctrl Pts',(-10.6068830651071,30.9646276471434,23.9737323767569));
#12445=CARTESIAN_POINT('Ctrl Pts',(-10.6068830651071,30.9646276471434,24.7737323767569));
#12446=CARTESIAN_POINT('Ctrl Pts',(-10.7308479540295,30.894954955878,23.9737323767569));
#12447=CARTESIAN_POINT('Ctrl Pts',(-10.7308479540295,30.894954955878,24.7737323767569));
#12448=CARTESIAN_POINT('Ctrl Pts',(-10.8740807046625,30.8942737453723,23.9737323767569));
#12449=CARTESIAN_POINT('Ctrl Pts',(-10.8740807046625,30.8942737453723,24.7737323767569));
#12450=CARTESIAN_POINT('Ctrl Pts',(-10.9580287334394,30.8938744911593,23.9737323767569));
#12451=CARTESIAN_POINT('Ctrl Pts',(-10.9580287334394,30.8938744911593,24.7737323767569));
#12452=CARTESIAN_POINT('',(-10.5555734035443,30.9934655079287,23.9737323767569));
#12453=CARTESIAN_POINT('Ctrl Pts',(-10.9580287334394,30.8938744911593,23.9737323767569));
#12454=CARTESIAN_POINT('Ctrl Pts',(-10.8740807046625,30.8942737453723,23.9737323767569));
#12455=CARTESIAN_POINT('Ctrl Pts',(-10.7308479540295,30.894954955878,23.9737323767569));
#12456=CARTESIAN_POINT('Ctrl Pts',(-10.6068830651071,30.9646276471434,23.9737323767569));
#12457=CARTESIAN_POINT('Ctrl Pts',(-10.5555734035443,30.9934655079287,23.9737323767569));
#12458=CARTESIAN_POINT('',(-10.5555734035443,30.9934655079287,24.7737323767569));
#12459=CARTESIAN_POINT('Ctrl Pts',(-10.5555734035443,30.9934655079287,24.7737323767569));
#12460=CARTESIAN_POINT('Ctrl Pts',(-10.6068830651071,30.9646276471434,24.7737323767569));
#12461=CARTESIAN_POINT('Ctrl Pts',(-10.7308479540295,30.894954955878,24.7737323767569));
#12462=CARTESIAN_POINT('Ctrl Pts',(-10.8740807046625,30.8942737453723,24.7737323767569));
#12463=CARTESIAN_POINT('Ctrl Pts',(-10.9580287334394,30.8938744911593,24.7737323767569));
#12464=CARTESIAN_POINT('',(-10.5555734035443,30.9934655079287,23.9737323767569));
#12465=CARTESIAN_POINT('Ctrl Pts',(-10.4423400756787,31.2813225635927,23.9737323767569));
#12466=CARTESIAN_POINT('Ctrl Pts',(-10.4423400756787,31.2813225635927,24.7737323767569));
#12467=CARTESIAN_POINT('Ctrl Pts',(-10.4457440121509,31.223484603976,23.9737323767569));
#12468=CARTESIAN_POINT('Ctrl Pts',(-10.4457440121509,31.223484603976,24.7737323767569));
#12469=CARTESIAN_POINT('Ctrl Pts',(-10.4521469786373,31.1146886496145,23.9737323767569));
#12470=CARTESIAN_POINT('Ctrl Pts',(-10.4521469786373,31.1146886496145,24.7737323767569));
#12471=CARTESIAN_POINT('Ctrl Pts',(-10.5225826496608,31.0321330228886,23.9737323767569));
#12472=CARTESIAN_POINT('Ctrl Pts',(-10.5225826496608,31.0321330228886,24.7737323767569));
#12473=CARTESIAN_POINT('Ctrl Pts',(-10.5555734035443,30.9934655079287,23.9737323767569));
#12474=CARTESIAN_POINT('Ctrl Pts',(-10.5555734035443,30.9934655079287,24.7737323767569));
#12475=CARTESIAN_POINT('',(-10.4423400756787,31.2813225635927,23.9737323767569));
#12476=CARTESIAN_POINT('Ctrl Pts',(-10.5555734035443,30.9934655079287,23.9737323767569));
#12477=CARTESIAN_POINT('Ctrl Pts',(-10.5225826496608,31.0321330228886,23.9737323767569));
#12478=CARTESIAN_POINT('Ctrl Pts',(-10.4521469786373,31.1146886496145,23.9737323767569));
#12479=CARTESIAN_POINT('Ctrl Pts',(-10.4457440121509,31.223484603976,23.9737323767569));
#12480=CARTESIAN_POINT('Ctrl Pts',(-10.4423400756787,31.2813225635927,23.9737323767569));
#12481=CARTESIAN_POINT('',(-10.4423400756787,31.2813225635927,24.7737323767569));
#12482=CARTESIAN_POINT('Ctrl Pts',(-10.4423400756787,31.2813225635927,24.7737323767569));
#12483=CARTESIAN_POINT('Ctrl Pts',(-10.4457440121509,31.223484603976,24.7737323767569));
#12484=CARTESIAN_POINT('Ctrl Pts',(-10.4521469786373,31.1146886496145,24.7737323767569));
#12485=CARTESIAN_POINT('Ctrl Pts',(-10.5225826496608,31.0321330228886,24.7737323767569));
#12486=CARTESIAN_POINT('Ctrl Pts',(-10.5555734035443,30.9934655079287,24.7737323767569));
#12487=CARTESIAN_POINT('',(-10.4423400756787,31.2813225635927,23.9737323767569));
#12488=CARTESIAN_POINT('Ctrl Pts',(-10.5555734035443,31.5541735538881,23.9737323767569));
#12489=CARTESIAN_POINT('Ctrl Pts',(-10.5555734035443,31.5541735538881,24.7737323767569));
#12490=CARTESIAN_POINT('Ctrl Pts',(-10.5225644441306,31.5170706882808,23.9737323767569));
#12491=CARTESIAN_POINT('Ctrl Pts',(-10.5225644441306,31.5170706882808,24.7737323767569));
#12492=CARTESIAN_POINT('Ctrl Pts',(-10.4535280758106,31.4394721471184,23.9737323767569));
#12493=CARTESIAN_POINT('Ctrl Pts',(-10.4535280758106,31.4394721471184,24.7737323767569));
#12494=CARTESIAN_POINT('Ctrl Pts',(-10.4461765516387,31.3355536208082,23.9737323767569));
#12495=CARTESIAN_POINT('Ctrl Pts',(-10.4461765516387,31.3355536208082,24.7737323767569));
#12496=CARTESIAN_POINT('Ctrl Pts',(-10.4423400756787,31.2813225635927,23.9737323767569));
#12497=CARTESIAN_POINT('Ctrl Pts',(-10.4423400756787,31.2813225635927,24.7737323767569));
#12498=CARTESIAN_POINT('',(-10.5555734035443,31.5541735538881,23.9737323767569));
#12499=CARTESIAN_POINT('Ctrl Pts',(-10.4423400756787,31.2813225635927,23.9737323767569));
#12500=CARTESIAN_POINT('Ctrl Pts',(-10.4461765516387,31.3355536208082,23.9737323767569));
#12501=CARTESIAN_POINT('Ctrl Pts',(-10.4535280758106,31.4394721471184,23.9737323767569));
#12502=CARTESIAN_POINT('Ctrl Pts',(-10.5225644441306,31.5170706882808,23.9737323767569));
#12503=CARTESIAN_POINT('Ctrl Pts',(-10.5555734035443,31.5541735538881,23.9737323767569));
#12504=CARTESIAN_POINT('',(-10.5555734035443,31.5541735538881,24.7737323767569));
#12505=CARTESIAN_POINT('Ctrl Pts',(-10.5555734035443,31.5541735538881,24.7737323767569));
#12506=CARTESIAN_POINT('Ctrl Pts',(-10.5225644441306,31.5170706882808,24.7737323767569));
#12507=CARTESIAN_POINT('Ctrl Pts',(-10.4535280758106,31.4394721471184,24.7737323767569));
#12508=CARTESIAN_POINT('Ctrl Pts',(-10.4461765516387,31.3355536208082,24.7737323767569));
#12509=CARTESIAN_POINT('Ctrl Pts',(-10.4423400756787,31.2813225635927,24.7737323767569));
#12510=CARTESIAN_POINT('',(-10.5555734035443,31.5541735538881,23.9737323767569));
#12511=CARTESIAN_POINT('Ctrl Pts',(-10.9498438236188,31.6524008163851,23.9737323767569));
#12512=CARTESIAN_POINT('Ctrl Pts',(-10.9498438236188,31.6524008163851,24.7737323767569));
#12513=CARTESIAN_POINT('Ctrl Pts',(-10.8680134355751,31.6518465701491,23.9737323767569));
#12514=CARTESIAN_POINT('Ctrl Pts',(-10.8680134355751,31.6518465701491,24.7737323767569));
#12515=CARTESIAN_POINT('Ctrl Pts',(-10.7276957081471,31.6508961827182,23.9737323767569));
#12516=CARTESIAN_POINT('Ctrl Pts',(-10.7276957081471,31.6508961827182,24.7737323767569));
#12517=CARTESIAN_POINT('Ctrl Pts',(-10.6062108234368,31.582628810634,23.9737323767569));
#12518=CARTESIAN_POINT('Ctrl Pts',(-10.6062108234368,31.582628810634,24.7737323767569));
#12519=CARTESIAN_POINT('Ctrl Pts',(-10.5555734035443,31.5541735538881,23.9737323767569));
#12520=CARTESIAN_POINT('Ctrl Pts',(-10.5555734035443,31.5541735538881,24.7737323767569));
#12521=CARTESIAN_POINT('',(-10.9498438236188,31.6524008163851,23.9737323767569));
#12522=CARTESIAN_POINT('Ctrl Pts',(-10.5555734035443,31.5541735538881,23.9737323767569));
#12523=CARTESIAN_POINT('Ctrl Pts',(-10.6062108234368,31.582628810634,23.9737323767569));
#12524=CARTESIAN_POINT('Ctrl Pts',(-10.7276957081471,31.6508961827182,23.9737323767569));
#12525=CARTESIAN_POINT('Ctrl Pts',(-10.8680134355751,31.6518465701491,23.9737323767569));
#12526=CARTESIAN_POINT('Ctrl Pts',(-10.9498438236188,31.6524008163851,23.9737323767569));
#12527=CARTESIAN_POINT('',(-10.9498438236188,31.6524008163851,24.7737323767569));
#12528=CARTESIAN_POINT('Ctrl Pts',(-10.9498438236188,31.6524008163851,24.7737323767569));
#12529=CARTESIAN_POINT('Ctrl Pts',(-10.8680134355751,31.6518465701491,24.7737323767569));
#12530=CARTESIAN_POINT('Ctrl Pts',(-10.7276957081471,31.6508961827182,24.7737323767569));
#12531=CARTESIAN_POINT('Ctrl Pts',(-10.6062108234368,31.582628810634,24.7737323767569));
#12532=CARTESIAN_POINT('Ctrl Pts',(-10.5555734035443,31.5541735538881,24.7737323767569));
#12533=CARTESIAN_POINT('',(-10.9498438236188,31.6524008163851,23.9737323767569));
#12534=CARTESIAN_POINT('Origin',(-11.4955458042096,31.6524008163851,23.9737323767569));
#12535=CARTESIAN_POINT('',(-11.4955458042096,31.6524008163851,23.9737323767569));
#12536=CARTESIAN_POINT('',(-10.9498438236188,31.6524008163851,23.9737323767569));
#12537=CARTESIAN_POINT('',(-11.4955458042096,31.6524008163851,24.7737323767569));
#12538=CARTESIAN_POINT('',(-10.9498438236188,31.6524008163851,24.7737323767569));
#12539=CARTESIAN_POINT('',(-11.4955458042096,31.6524008163851,23.9737323767569));
#12540=CARTESIAN_POINT('Origin',(-11.4955458042096,30.8938744911593,23.9737323767569));
#12541=CARTESIAN_POINT('',(-11.4955458042096,31.6524008163851,23.9737323767569));
#12542=CARTESIAN_POINT('',(-11.4955458042096,31.6524008163851,24.7737323767569));
#12543=CARTESIAN_POINT('Origin',(-10.8652600643109,29.322250212137,23.9737323767569));
#12544=CARTESIAN_POINT('',(-11.4955458042096,29.322250212137,23.9737323767569));
#12545=CARTESIAN_POINT('',(-10.8652600643109,29.322250212137,23.9737323767569));
#12546=CARTESIAN_POINT('',(-11.4955458042096,29.322250212137,23.9737323767569));
#12547=CARTESIAN_POINT('',(-11.4955458042096,29.322250212137,24.7737323767569));
#12548=CARTESIAN_POINT('',(-11.4955458042096,29.322250212137,23.9737323767569));
#12549=CARTESIAN_POINT('',(-10.8652600643109,29.322250212137,24.7737323767569));
#12550=CARTESIAN_POINT('',(-11.4955458042096,29.322250212137,24.7737323767569));
#12551=CARTESIAN_POINT('',(-10.8652600643109,29.322250212137,23.9737323767569));
#12552=CARTESIAN_POINT('Ctrl Pts',(-10.4150542613935,29.4354835400026,23.9737323767569));
#12553=CARTESIAN_POINT('Ctrl Pts',(-10.4150542613935,29.4354835400026,24.7737323767569));
#12554=CARTESIAN_POINT('Ctrl Pts',(-10.4731320218628,29.4026709169906,23.9737323767569));
#12555=CARTESIAN_POINT('Ctrl Pts',(-10.4731320218628,29.4026709169906,24.7737323767569));
#12556=CARTESIAN_POINT('Ctrl Pts',(-10.6117770669782,29.3243395977198,23.9737323767569));
#12557=CARTESIAN_POINT('Ctrl Pts',(-10.6117770669782,29.3243395977198,24.7737323767569));
#12558=CARTESIAN_POINT('Ctrl Pts',(-10.7720972535272,29.3230181257082,23.9737323767569));
#12559=CARTESIAN_POINT('Ctrl Pts',(-10.7720972535272,29.3230181257082,24.7737323767569));
#12560=CARTESIAN_POINT('Ctrl Pts',(-10.8652600643109,29.322250212137,23.9737323767569));
#12561=CARTESIAN_POINT('Ctrl Pts',(-10.8652600643109,29.322250212137,24.7737323767569));
#12562=CARTESIAN_POINT('',(-10.4150542613935,29.4354835400026,23.9737323767569));
#12563=CARTESIAN_POINT('Ctrl Pts',(-10.8652600643109,29.322250212137,23.9737323767569));
#12564=CARTESIAN_POINT('Ctrl Pts',(-10.7720972535272,29.3230181257082,23.9737323767569));
#12565=CARTESIAN_POINT('Ctrl Pts',(-10.6117770669782,29.3243395977198,23.9737323767569));
#12566=CARTESIAN_POINT('Ctrl Pts',(-10.4731320218628,29.4026709169906,23.9737323767569));
#12567=CARTESIAN_POINT('Ctrl Pts',(-10.4150542613935,29.4354835400026,23.9737323767569));
#12568=CARTESIAN_POINT('',(-10.4150542613935,29.4354835400026,24.7737323767569));
#12569=CARTESIAN_POINT('Ctrl Pts',(-10.4150542613935,29.4354835400026,24.7737323767569));
#12570=CARTESIAN_POINT('Ctrl Pts',(-10.4731320218628,29.4026709169906,24.7737323767569));
#12571=CARTESIAN_POINT('Ctrl Pts',(-10.6117770669782,29.3243395977198,24.7737323767569));
#12572=CARTESIAN_POINT('Ctrl Pts',(-10.7720972535272,29.3230181257082,24.7737323767569));
#12573=CARTESIAN_POINT('Ctrl Pts',(-10.8652600643109,29.322250212137,24.7737323767569));
#12574=CARTESIAN_POINT('',(-10.4150542613935,29.4354835400026,23.9737323767569));
#12575=CARTESIAN_POINT('Ctrl Pts',(-10.2840861675214,29.7397127994936,23.9737323767569));
#12576=CARTESIAN_POINT('Ctrl Pts',(-10.2840861675214,29.7397127994936,24.7737323767569));
#12577=CARTESIAN_POINT('Ctrl Pts',(-10.2889012874405,29.6798555685555,23.9737323767569));
#12578=CARTESIAN_POINT('Ctrl Pts',(-10.2889012874405,29.6798555685555,24.7737323767569));
#12579=CARTESIAN_POINT('Ctrl Pts',(-10.298267578987,29.5634222739456,23.9737323767569));
#12580=CARTESIAN_POINT('Ctrl Pts',(-10.298267578987,29.5634222739456,24.7737323767569));
#12581=CARTESIAN_POINT('Ctrl Pts',(-10.3768636638127,29.4773209875808,23.9737323767569));
#12582=CARTESIAN_POINT('Ctrl Pts',(-10.3768636638127,29.4773209875808,24.7737323767569));
#12583=CARTESIAN_POINT('Ctrl Pts',(-10.4150542613935,29.4354835400026,23.9737323767569));
#12584=CARTESIAN_POINT('Ctrl Pts',(-10.4150542613935,29.4354835400026,24.7737323767569));
#12585=CARTESIAN_POINT('',(-10.2840861675214,29.7397127994936,23.9737323767569));
#12586=CARTESIAN_POINT('Ctrl Pts',(-10.4150542613935,29.4354835400026,23.9737323767569));
#12587=CARTESIAN_POINT('Ctrl Pts',(-10.3768636638127,29.4773209875808,23.9737323767569));
#12588=CARTESIAN_POINT('Ctrl Pts',(-10.298267578987,29.5634222739456,23.9737323767569));
#12589=CARTESIAN_POINT('Ctrl Pts',(-10.2889012874405,29.6798555685555,23.9737323767569));
#12590=CARTESIAN_POINT('Ctrl Pts',(-10.2840861675214,29.7397127994936,23.9737323767569));
#12591=CARTESIAN_POINT('',(-10.2840861675214,29.7397127994936,24.7737323767569));
#12592=CARTESIAN_POINT('Ctrl Pts',(-10.2840861675214,29.7397127994936,24.7737323767569));
#12593=CARTESIAN_POINT('Ctrl Pts',(-10.2889012874405,29.6798555685555,24.7737323767569));
#12594=CARTESIAN_POINT('Ctrl Pts',(-10.298267578987,29.5634222739456,24.7737323767569));
#12595=CARTESIAN_POINT('Ctrl Pts',(-10.3768636638127,29.4773209875808,24.7737323767569));
#12596=CARTESIAN_POINT('Ctrl Pts',(-10.4150542613935,29.4354835400026,24.7737323767569));
#12597=CARTESIAN_POINT('',(-10.2840861675214,29.7397127994936,23.9737323767569));
#12598=CARTESIAN_POINT('Ctrl Pts',(-10.413690507121,30.0248423466127,23.9737323767569));
#12599=CARTESIAN_POINT('Ctrl Pts',(-10.413690507121,30.0248423466127,24.7737323767569));
#12600=CARTESIAN_POINT('Ctrl Pts',(-10.3758915409003,29.9855951499402,23.9737323767569));
#12601=CARTESIAN_POINT('Ctrl Pts',(-10.3758915409003,29.9855951499402,24.7737323767569));
#12602=CARTESIAN_POINT('Ctrl Pts',(-10.2991658754716,29.9059298156205,23.9737323767569));
#12603=CARTESIAN_POINT('Ctrl Pts',(-10.2991658754716,29.9059298156205,24.7737323767569));
#12604=CARTESIAN_POINT('Ctrl Pts',(-10.2891617512102,29.7956587354919,23.9737323767569));
#12605=CARTESIAN_POINT('Ctrl Pts',(-10.2891617512102,29.7956587354919,24.7737323767569));
#12606=CARTESIAN_POINT('Ctrl Pts',(-10.2840861675214,29.7397127994936,23.9737323767569));
#12607=CARTESIAN_POINT('Ctrl Pts',(-10.2840861675214,29.7397127994936,24.7737323767569));
#12608=CARTESIAN_POINT('',(-10.413690507121,30.0248423466127,23.9737323767569));
#12609=CARTESIAN_POINT('Ctrl Pts',(-10.2840861675214,29.7397127994936,23.9737323767569));
#12610=CARTESIAN_POINT('Ctrl Pts',(-10.2891617512102,29.7956587354919,23.9737323767569));
#12611=CARTESIAN_POINT('Ctrl Pts',(-10.2991658754716,29.9059298156205,23.9737323767569));
#12612=CARTESIAN_POINT('Ctrl Pts',(-10.3758915409003,29.9855951499402,23.9737323767569));
#12613=CARTESIAN_POINT('Ctrl Pts',(-10.413690507121,30.0248423466127,23.9737323767569));
#12614=CARTESIAN_POINT('',(-10.413690507121,30.0248423466127,24.7737323767569));
#12615=CARTESIAN_POINT('Ctrl Pts',(-10.413690507121,30.0248423466127,24.7737323767569));
#12616=CARTESIAN_POINT('Ctrl Pts',(-10.3758915409003,29.9855951499402,24.7737323767569));
#12617=CARTESIAN_POINT('Ctrl Pts',(-10.2991658754716,29.9059298156205,24.7737323767569));
#12618=CARTESIAN_POINT('Ctrl Pts',(-10.2891617512102,29.7956587354919,24.7737323767569));
#12619=CARTESIAN_POINT('Ctrl Pts',(-10.2840861675214,29.7397127994936,24.7737323767569));
#12620=CARTESIAN_POINT('',(-10.413690507121,30.0248423466127,23.9737323767569));
#12621=CARTESIAN_POINT('Ctrl Pts',(-10.8679875728559,30.1326194652956,23.9737323767569));
#12622=CARTESIAN_POINT('Ctrl Pts',(-10.8679875728559,30.1326194652956,24.7737323767569));
#12623=CARTESIAN_POINT('Ctrl Pts',(-10.7737279741826,30.1321831881125,23.9737323767569));
#12624=CARTESIAN_POINT('Ctrl Pts',(-10.7737279741826,30.1321831881125,24.7737323767569));
#12625=CARTESIAN_POINT('Ctrl Pts',(-10.6128834786339,30.1314387251142,23.9737323767569));
#12626=CARTESIAN_POINT('Ctrl Pts',(-10.6128834786339,30.1314387251142,24.7737323767569));
#12627=CARTESIAN_POINT('Ctrl Pts',(-10.4720085781721,30.0560507528533,23.9737323767569));
#12628=CARTESIAN_POINT('Ctrl Pts',(-10.4720085781721,30.0560507528533,24.7737323767569));
#12629=CARTESIAN_POINT('Ctrl Pts',(-10.413690507121,30.0248423466127,23.9737323767569));
#12630=CARTESIAN_POINT('Ctrl Pts',(-10.413690507121,30.0248423466127,24.7737323767569));
#12631=CARTESIAN_POINT('',(-10.8679875728559,30.1326194652956,23.9737323767569));
#12632=CARTESIAN_POINT('Ctrl Pts',(-10.413690507121,30.0248423466127,23.9737323767569));
#12633=CARTESIAN_POINT('Ctrl Pts',(-10.4720085781721,30.0560507528533,23.9737323767569));
#12634=CARTESIAN_POINT('Ctrl Pts',(-10.6128834786339,30.1314387251142,23.9737323767569));
#12635=CARTESIAN_POINT('Ctrl Pts',(-10.7737279741826,30.1321831881125,23.9737323767569));
#12636=CARTESIAN_POINT('Ctrl Pts',(-10.8679875728559,30.1326194652956,23.9737323767569));
#12637=CARTESIAN_POINT('',(-10.8679875728559,30.1326194652956,24.7737323767569));
#12638=CARTESIAN_POINT('Ctrl Pts',(-10.8679875728559,30.1326194652956,24.7737323767569));
#12639=CARTESIAN_POINT('Ctrl Pts',(-10.7737279741826,30.1321831881125,24.7737323767569));
#12640=CARTESIAN_POINT('Ctrl Pts',(-10.6128834786339,30.1314387251142,24.7737323767569));
#12641=CARTESIAN_POINT('Ctrl Pts',(-10.4720085781721,30.0560507528533,24.7737323767569));
#12642=CARTESIAN_POINT('Ctrl Pts',(-10.413690507121,30.0248423466127,24.7737323767569));
#12643=CARTESIAN_POINT('',(-10.8679875728559,30.1326194652956,23.9737323767569));
#12644=CARTESIAN_POINT('Origin',(-11.4955458042096,30.1326194652956,23.9737323767569));
#12645=CARTESIAN_POINT('',(-11.4955458042096,30.1326194652956,23.9737323767569));
#12646=CARTESIAN_POINT('',(-10.8679875728559,30.1326194652956,23.9737323767569));
#12647=CARTESIAN_POINT('',(-11.4955458042096,30.1326194652956,24.7737323767569));
#12648=CARTESIAN_POINT('',(-10.8679875728559,30.1326194652956,24.7737323767569));
#12649=CARTESIAN_POINT('',(-11.4955458042096,30.1326194652956,23.9737323767569));
#12650=CARTESIAN_POINT('Origin',(-11.4955458042096,29.322250212137,23.9737323767569));
#12651=CARTESIAN_POINT('',(-11.4955458042096,30.1326194652956,23.9737323767569));
#12652=CARTESIAN_POINT('',(-11.4955458042096,30.1326194652956,24.7737323767569));
#12653=CARTESIAN_POINT('Origin',(-10.4286965724897,32.4627688774508,23.9737323767569));
#12654=CARTESIAN_POINT('',(-12.7424761650037,32.4627688774508,23.9737323767569));
#12655=CARTESIAN_POINT('',(-10.4286965724897,32.4627688774508,23.9737323767569));
#12656=CARTESIAN_POINT('',(-12.7424761650037,32.4627688774508,23.9737323767569));
#12657=CARTESIAN_POINT('',(-12.7424761650037,32.4627688774508,24.7737323767569));
#12658=CARTESIAN_POINT('',(-12.7424761650037,32.4627688774508,23.9737323767569));
#12659=CARTESIAN_POINT('',(-10.4286965724897,32.4627688774508,24.7737323767569));
#12660=CARTESIAN_POINT('',(-12.7424761650037,32.4627688774508,24.7737323767569));
#12661=CARTESIAN_POINT('',(-10.4286965724897,32.4627688774508,23.9737323767569));
#12662=CARTESIAN_POINT('Ctrl Pts',(-9.54056590766421,32.1762755760592,23.9737323767569));
#12663=CARTESIAN_POINT('Ctrl Pts',(-9.54056590766421,32.1762755760592,24.7737323767569));
#12664=CARTESIAN_POINT('Ctrl Pts',(-9.66217624785867,32.2596707804455,23.9737323767569));
#12665=CARTESIAN_POINT('Ctrl Pts',(-9.66217624785867,32.2596707804455,24.7737323767569));
#12666=CARTESIAN_POINT('Ctrl Pts',(-9.92850178381451,32.4423055174984,23.9737323767569));
#12667=CARTESIAN_POINT('Ctrl Pts',(-9.92850178381451,32.4423055174984,24.7737323767569));
#12668=CARTESIAN_POINT('Ctrl Pts',(-10.2525928893838,32.4555643380635,23.9737323767569));
#12669=CARTESIAN_POINT('Ctrl Pts',(-10.2525928893838,32.4555643380635,24.7737323767569));
#12670=CARTESIAN_POINT('Ctrl Pts',(-10.4286965724897,32.4627688774508,23.9737323767569));
#12671=CARTESIAN_POINT('Ctrl Pts',(-10.4286965724897,32.4627688774508,24.7737323767569));
#12672=CARTESIAN_POINT('',(-9.54056590766421,32.1762755760592,23.9737323767569));
#12673=CARTESIAN_POINT('Ctrl Pts',(-10.4286965724897,32.4627688774508,23.9737323767569));
#12674=CARTESIAN_POINT('Ctrl Pts',(-10.2525928893838,32.4555643380635,23.9737323767569));
#12675=CARTESIAN_POINT('Ctrl Pts',(-9.92850178381451,32.4423055174984,23.9737323767569));
#12676=CARTESIAN_POINT('Ctrl Pts',(-9.66217624785867,32.2596707804455,23.9737323767569));
#12677=CARTESIAN_POINT('Ctrl Pts',(-9.54056590766421,32.1762755760592,23.9737323767569));
#12678=CARTESIAN_POINT('',(-9.54056590766421,32.1762755760592,24.7737323767569));
#12679=CARTESIAN_POINT('Ctrl Pts',(-9.54056590766421,32.1762755760592,24.7737323767569));
#12680=CARTESIAN_POINT('Ctrl Pts',(-9.66217624785867,32.2596707804455,24.7737323767569));
#12681=CARTESIAN_POINT('Ctrl Pts',(-9.92850178381451,32.4423055174984,24.7737323767569));
#12682=CARTESIAN_POINT('Ctrl Pts',(-10.2525928893838,32.4555643380635,24.7737323767569));
#12683=CARTESIAN_POINT('Ctrl Pts',(-10.4286965724897,32.4627688774508,24.7737323767569));
#12684=CARTESIAN_POINT('',(-9.54056590766421,32.1762755760592,23.9737323767569));
#12685=CARTESIAN_POINT('Ctrl Pts',(-9.23088043899051,31.4668622860354,23.9737323767569));
#12686=CARTESIAN_POINT('Ctrl Pts',(-9.23088043899051,31.4668622860354,24.7737323767569));
#12687=CARTESIAN_POINT('Ctrl Pts',(-9.24374804651942,31.6021176049446,23.9737323767569));
#12688=CARTESIAN_POINT('Ctrl Pts',(-9.24374804651942,31.6021176049446,24.7737323767569));
#12689=CARTESIAN_POINT('Ctrl Pts',(-9.26946529191761,31.8724393582299,23.9737323767569));
#12690=CARTESIAN_POINT('Ctrl Pts',(-9.26946529191761,31.8724393582299,24.7737323767569));
#12691=CARTESIAN_POINT('Ctrl Pts',(-9.45024114083449,32.0750440260891,23.9737323767569));
#12692=CARTESIAN_POINT('Ctrl Pts',(-9.45024114083449,32.0750440260891,24.7737323767569));
#12693=CARTESIAN_POINT('Ctrl Pts',(-9.54056590766421,32.1762755760592,23.9737323767569));
#12694=CARTESIAN_POINT('Ctrl Pts',(-9.54056590766421,32.1762755760592,24.7737323767569));
#12695=CARTESIAN_POINT('',(-9.23088043899051,31.4668622860354,23.9737323767569));
#12696=CARTESIAN_POINT('Ctrl Pts',(-9.54056590766421,32.1762755760592,23.9737323767569));
#12697=CARTESIAN_POINT('Ctrl Pts',(-9.45024114083449,32.0750440260891,23.9737323767569));
#12698=CARTESIAN_POINT('Ctrl Pts',(-9.26946529191761,31.8724393582299,23.9737323767569));
#12699=CARTESIAN_POINT('Ctrl Pts',(-9.24374804651942,31.6021176049446,23.9737323767569));
#12700=CARTESIAN_POINT('Ctrl Pts',(-9.23088043899051,31.4668622860354,23.9737323767569));
#12701=CARTESIAN_POINT('',(-9.23088043899051,31.4668622860354,24.7737323767569));
#12702=CARTESIAN_POINT('Ctrl Pts',(-9.23088043899051,31.4668622860354,24.7737323767569));
#12703=CARTESIAN_POINT('Ctrl Pts',(-9.24374804651942,31.6021176049446,24.7737323767569));
#12704=CARTESIAN_POINT('Ctrl Pts',(-9.26946529191761,31.8724393582299,24.7737323767569));
#12705=CARTESIAN_POINT('Ctrl Pts',(-9.45024114083449,32.0750440260891,24.7737323767569));
#12706=CARTESIAN_POINT('Ctrl Pts',(-9.54056590766421,32.1762755760592,24.7737323767569));
#12707=CARTESIAN_POINT('',(-9.23088043899051,31.4668622860354,23.9737323767569));
#12708=CARTESIAN_POINT('Ctrl Pts',(-9.45188969344607,30.8584037670534,23.9737323767569));
#12709=CARTESIAN_POINT('Ctrl Pts',(-9.45188969344607,30.8584037670534,24.7737323767569));
#12710=CARTESIAN_POINT('Ctrl Pts',(-9.38743248029622,30.9480287392977,23.9737323767569));
#12711=CARTESIAN_POINT('Ctrl Pts',(-9.38743248029622,30.9480287392977,24.7737323767569));
#12712=CARTESIAN_POINT('Ctrl Pts',(-9.25662066241516,31.1299169248691,23.9737323767569));
#12713=CARTESIAN_POINT('Ctrl Pts',(-9.25662066241516,31.1299169248691,24.7737323767569));
#12714=CARTESIAN_POINT('Ctrl Pts',(-9.23954308209376,31.353466323579,23.9737323767569));
#12715=CARTESIAN_POINT('Ctrl Pts',(-9.23954308209376,31.353466323579,24.7737323767569));
#12716=CARTESIAN_POINT('Ctrl Pts',(-9.23088043899051,31.4668622860354,23.9737323767569));
#12717=CARTESIAN_POINT('Ctrl Pts',(-9.23088043899051,31.4668622860354,24.7737323767569));
#12718=CARTESIAN_POINT('',(-9.45188969344607,30.8584037670534,23.9737323767569));
#12719=CARTESIAN_POINT('Ctrl Pts',(-9.23088043899051,31.4668622860354,23.9737323767569));
#12720=CARTESIAN_POINT('Ctrl Pts',(-9.23954308209376,31.353466323579,23.9737323767569));
#12721=CARTESIAN_POINT('Ctrl Pts',(-9.25662066241516,31.1299169248691,23.9737323767569));
#12722=CARTESIAN_POINT('Ctrl Pts',(-9.38743248029622,30.9480287392977,23.9737323767569));
#12723=CARTESIAN_POINT('Ctrl Pts',(-9.45188969344607,30.8584037670534,23.9737323767569));
#12724=CARTESIAN_POINT('',(-9.45188969344607,30.8584037670534,24.7737323767569));
#12725=CARTESIAN_POINT('Ctrl Pts',(-9.45188969344607,30.8584037670534,24.7737323767569));
#12726=CARTESIAN_POINT('Ctrl Pts',(-9.38743248029622,30.9480287392977,24.7737323767569));
#12727=CARTESIAN_POINT('Ctrl Pts',(-9.25662066241516,31.1299169248691,24.7737323767569));
#12728=CARTESIAN_POINT('Ctrl Pts',(-9.23954308209376,31.353466323579,24.7737323767569));
#12729=CARTESIAN_POINT('Ctrl Pts',(-9.23088043899051,31.4668622860354,24.7737323767569));
#12730=CARTESIAN_POINT('',(-9.45188969344607,30.8584037670534,23.9737323767569));
#12731=CARTESIAN_POINT('Ctrl Pts',(-9.88299459189883,30.5910089859407,23.9737323767569));
#12732=CARTESIAN_POINT('Ctrl Pts',(-9.88299459189883,30.5910089859407,24.7737323767569));
#12733=CARTESIAN_POINT('Ctrl Pts',(-9.79633889897729,30.624244620352,23.9737323767569));
#12734=CARTESIAN_POINT('Ctrl Pts',(-9.79633889897729,30.624244620352,24.7737323767569));
#12735=CARTESIAN_POINT('Ctrl Pts',(-9.63528567844269,30.6860144334824,23.9737323767569));
#12736=CARTESIAN_POINT('Ctrl Pts',(-9.63528567844269,30.6860144334824,24.7737323767569));
#12737=CARTESIAN_POINT('Ctrl Pts',(-9.50983900116861,30.8039323317089,23.9737323767569));
#12738=CARTESIAN_POINT('Ctrl Pts',(-9.50983900116861,30.8039323317089,24.7737323767569));
#12739=CARTESIAN_POINT('Ctrl Pts',(-9.45188969344607,30.8584037670534,23.9737323767569));
#12740=CARTESIAN_POINT('Ctrl Pts',(-9.45188969344607,30.8584037670534,24.7737323767569));
#12741=CARTESIAN_POINT('',(-9.88299459189883,30.5910089859407,23.9737323767569));
#12742=CARTESIAN_POINT('Ctrl Pts',(-9.45188969344607,30.8584037670534,23.9737323767569));
#12743=CARTESIAN_POINT('Ctrl Pts',(-9.50983900116861,30.8039323317089,23.9737323767569));
#12744=CARTESIAN_POINT('Ctrl Pts',(-9.63528567844269,30.6860144334824,23.9737323767569));
#12745=CARTESIAN_POINT('Ctrl Pts',(-9.79633889897729,30.624244620352,23.9737323767569));
#12746=CARTESIAN_POINT('Ctrl Pts',(-9.88299459189883,30.5910089859407,23.9737323767569));
#12747=CARTESIAN_POINT('',(-9.88299459189883,30.5910089859407,24.7737323767569));
#12748=CARTESIAN_POINT('Ctrl Pts',(-9.88299459189883,30.5910089859407,24.7737323767569));
#12749=CARTESIAN_POINT('Ctrl Pts',(-9.79633889897729,30.624244620352,24.7737323767569));
#12750=CARTESIAN_POINT('Ctrl Pts',(-9.63528567844269,30.6860144334824,24.7737323767569));
#12751=CARTESIAN_POINT('Ctrl Pts',(-9.50983900116861,30.8039323317089,24.7737323767569));
#12752=CARTESIAN_POINT('Ctrl Pts',(-9.45188969344607,30.8584037670534,24.7737323767569));
#12753=CARTESIAN_POINT('',(-9.88299459189883,30.5910089859407,23.9737323767569));
#12754=CARTESIAN_POINT('Ctrl Pts',(-9.24861520499697,30.2349379906099,23.9737323767569));
#12755=CARTESIAN_POINT('Ctrl Pts',(-9.24861520499697,30.2349379906099,24.7737323767569));
#12756=CARTESIAN_POINT('Ctrl Pts',(-9.33110004327461,30.3140193848908,23.9737323767569));
#12757=CARTESIAN_POINT('Ctrl Pts',(-9.33110004327461,30.3140193848908,24.7737323767569));
#12758=CARTESIAN_POINT('Ctrl Pts',(-9.51123619729841,30.4867228600756,23.9737323767569));
#12759=CARTESIAN_POINT('Ctrl Pts',(-9.51123619729841,30.4867228600756,24.7737323767569));
#12760=CARTESIAN_POINT('Ctrl Pts',(-9.75230944471608,30.5543490263924,23.9737323767569));
#12761=CARTESIAN_POINT('Ctrl Pts',(-9.75230944471608,30.5543490263924,24.7737323767569));
#12762=CARTESIAN_POINT('Ctrl Pts',(-9.88299459189883,30.5910089859407,23.9737323767569));
#12763=CARTESIAN_POINT('Ctrl Pts',(-9.88299459189883,30.5910089859407,24.7737323767569));
#12764=CARTESIAN_POINT('',(-9.24861520499697,30.2349379906099,23.9737323767569));
#12765=CARTESIAN_POINT('Ctrl Pts',(-9.88299459189883,30.5910089859407,23.9737323767569));
#12766=CARTESIAN_POINT('Ctrl Pts',(-9.75230944471608,30.5543490263924,23.9737323767569));
#12767=CARTESIAN_POINT('Ctrl Pts',(-9.51123619729841,30.4867228600756,23.9737323767569));
#12768=CARTESIAN_POINT('Ctrl Pts',(-9.33110004327461,30.3140193848908,23.9737323767569));
#12769=CARTESIAN_POINT('Ctrl Pts',(-9.24861520499697,30.2349379906099,23.9737323767569));
#12770=CARTESIAN_POINT('',(-9.24861520499697,30.2349379906099,24.7737323767569));
#12771=CARTESIAN_POINT('Ctrl Pts',(-9.24861520499697,30.2349379906099,24.7737323767569));
#12772=CARTESIAN_POINT('Ctrl Pts',(-9.33110004327461,30.3140193848908,24.7737323767569));
#12773=CARTESIAN_POINT('Ctrl Pts',(-9.51123619729841,30.4867228600756,24.7737323767569));
#12774=CARTESIAN_POINT('Ctrl Pts',(-9.75230944471608,30.5543490263924,24.7737323767569));
#12775=CARTESIAN_POINT('Ctrl Pts',(-9.88299459189883,30.5910089859407,24.7737323767569));
#12776=CARTESIAN_POINT('',(-9.24861520499697,30.2349379906099,23.9737323767569));
#12777=CARTESIAN_POINT('Ctrl Pts',(-9.04534190864077,29.6005586037081,23.9737323767569));
#12778=CARTESIAN_POINT('Ctrl Pts',(-9.04534190864077,29.6005586037081,24.7737323767569));
#12779=CARTESIAN_POINT('Ctrl Pts',(-9.05219084832477,29.7204096605649,23.9737323767569));
#12780=CARTESIAN_POINT('Ctrl Pts',(-9.05219084832477,29.7204096605649,24.7737323767569));
#12781=CARTESIAN_POINT('Ctrl Pts',(-9.0653024977221,29.9498532109408,23.9737323767569));
#12782=CARTESIAN_POINT('Ctrl Pts',(-9.0653024977221,29.9498532109408,24.7737323767569));
#12783=CARTESIAN_POINT('Ctrl Pts',(-9.18935986313658,30.1427850988131,23.9737323767569));
#12784=CARTESIAN_POINT('Ctrl Pts',(-9.18935986313658,30.1427850988131,24.7737323767569));
#12785=CARTESIAN_POINT('Ctrl Pts',(-9.24861520499697,30.2349379906099,23.9737323767569));
#12786=CARTESIAN_POINT('Ctrl Pts',(-9.24861520499697,30.2349379906099,24.7737323767569));
#12787=CARTESIAN_POINT('',(-9.04534190864077,29.6005586037081,23.9737323767569));
#12788=CARTESIAN_POINT('Ctrl Pts',(-9.24861520499697,30.2349379906099,23.9737323767569));
#12789=CARTESIAN_POINT('Ctrl Pts',(-9.18935986313658,30.1427850988131,23.9737323767569));
#12790=CARTESIAN_POINT('Ctrl Pts',(-9.0653024977221,29.9498532109408,23.9737323767569));
#12791=CARTESIAN_POINT('Ctrl Pts',(-9.05219084832477,29.7204096605649,23.9737323767569));
#12792=CARTESIAN_POINT('Ctrl Pts',(-9.04534190864077,29.6005586037081,23.9737323767569));
#12793=CARTESIAN_POINT('',(-9.04534190864077,29.6005586037081,24.7737323767569));
#12794=CARTESIAN_POINT('Ctrl Pts',(-9.04534190864077,29.6005586037081,24.7737323767569));
#12795=CARTESIAN_POINT('Ctrl Pts',(-9.05219084832477,29.7204096605649,24.7737323767569));
#12796=CARTESIAN_POINT('Ctrl Pts',(-9.0653024977221,29.9498532109408,24.7737323767569));
#12797=CARTESIAN_POINT('Ctrl Pts',(-9.18935986313658,30.1427850988131,24.7737323767569));
#12798=CARTESIAN_POINT('Ctrl Pts',(-9.24861520499697,30.2349379906099,24.7737323767569));
#12799=CARTESIAN_POINT('',(-9.04534190864077,29.6005586037081,23.9737323767569));
#12800=CARTESIAN_POINT('Ctrl Pts',(-9.18995231360904,29.0412143120211,23.9737323767569));
#12801=CARTESIAN_POINT('Ctrl Pts',(-9.18995231360904,29.0412143120211,24.7737323767569));
#12802=CARTESIAN_POINT('Ctrl Pts',(-9.14778001259534,29.1276341481124,23.9737323767569));
#12803=CARTESIAN_POINT('Ctrl Pts',(-9.14778001259534,29.1276341481124,24.7737323767569));
#12804=CARTESIAN_POINT('Ctrl Pts',(-9.06163684060415,29.304159465084,23.9737323767569));
#12805=CARTESIAN_POINT('Ctrl Pts',(-9.06163684060415,29.304159465084,24.7737323767569));
#12806=CARTESIAN_POINT('Ctrl Pts',(-9.05084863439152,29.5003931797083,23.9737323767569));
#12807=CARTESIAN_POINT('Ctrl Pts',(-9.05084863439152,29.5003931797083,24.7737323767569));
#12808=CARTESIAN_POINT('Ctrl Pts',(-9.04534190864077,29.6005586037081,23.9737323767569));
#12809=CARTESIAN_POINT('Ctrl Pts',(-9.04534190864077,29.6005586037081,24.7737323767569));
#12810=CARTESIAN_POINT('',(-9.18995231360904,29.0412143120211,23.9737323767569));
#12811=CARTESIAN_POINT('Ctrl Pts',(-9.04534190864077,29.6005586037081,23.9737323767569));
#12812=CARTESIAN_POINT('Ctrl Pts',(-9.05084863439152,29.5003931797083,23.9737323767569));
#12813=CARTESIAN_POINT('Ctrl Pts',(-9.06163684060415,29.304159465084,23.9737323767569));
#12814=CARTESIAN_POINT('Ctrl Pts',(-9.14778001259534,29.1276341481124,23.9737323767569));
#12815=CARTESIAN_POINT('Ctrl Pts',(-9.18995231360904,29.0412143120211,23.9737323767569));
#12816=CARTESIAN_POINT('',(-9.18995231360904,29.0412143120211,24.7737323767569));
#12817=CARTESIAN_POINT('Ctrl Pts',(-9.18995231360904,29.0412143120211,24.7737323767569));
#12818=CARTESIAN_POINT('Ctrl Pts',(-9.14778001259534,29.1276341481124,24.7737323767569));
#12819=CARTESIAN_POINT('Ctrl Pts',(-9.06163684060415,29.304159465084,24.7737323767569));
#12820=CARTESIAN_POINT('Ctrl Pts',(-9.05084863439152,29.5003931797083,24.7737323767569));
#12821=CARTESIAN_POINT('Ctrl Pts',(-9.04534190864077,29.6005586037081,24.7737323767569));
#12822=CARTESIAN_POINT('',(-9.18995231360904,29.0412143120211,23.9737323767569));
#12823=CARTESIAN_POINT('Ctrl Pts',(-9.58558648795596,28.6483076462191,23.9737323767569));
#12824=CARTESIAN_POINT('Ctrl Pts',(-9.58558648795596,28.6483076462191,24.7737323767569));
#12825=CARTESIAN_POINT('Ctrl Pts',(-9.50639821959945,28.700742255669,23.9737323767569));
#12826=CARTESIAN_POINT('Ctrl Pts',(-9.50639821959945,28.700742255669,24.7737323767569));
#12827=CARTESIAN_POINT('Ctrl Pts',(-9.34836178376167,28.8053862763555,23.9737323767569));
#12828=CARTESIAN_POINT('Ctrl Pts',(-9.34836178376167,28.8053862763555,24.7737323767569));
#12829=CARTESIAN_POINT('Ctrl Pts',(-9.24267965957501,28.9627178281112,23.9737323767569));
#12830=CARTESIAN_POINT('Ctrl Pts',(-9.24267965957501,28.9627178281112,24.7737323767569));
#12831=CARTESIAN_POINT('Ctrl Pts',(-9.18995231360904,29.0412143120211,23.9737323767569));
#12832=CARTESIAN_POINT('Ctrl Pts',(-9.18995231360904,29.0412143120211,24.7737323767569));
#12833=CARTESIAN_POINT('',(-9.58558648795596,28.6483076462191,23.9737323767569));
#12834=CARTESIAN_POINT('Ctrl Pts',(-9.18995231360904,29.0412143120211,23.9737323767569));
#12835=CARTESIAN_POINT('Ctrl Pts',(-9.24267965957501,28.9627178281112,23.9737323767569));
#12836=CARTESIAN_POINT('Ctrl Pts',(-9.34836178376167,28.8053862763555,23.9737323767569));
#12837=CARTESIAN_POINT('Ctrl Pts',(-9.50639821959945,28.700742255669,23.9737323767569));
#12838=CARTESIAN_POINT('Ctrl Pts',(-9.58558648795596,28.6483076462191,23.9737323767569));
#12839=CARTESIAN_POINT('',(-9.58558648795596,28.6483076462191,24.7737323767569));
#12840=CARTESIAN_POINT('Ctrl Pts',(-9.58558648795596,28.6483076462191,24.7737323767569));
#12841=CARTESIAN_POINT('Ctrl Pts',(-9.50639821959945,28.700742255669,24.7737323767569));
#12842=CARTESIAN_POINT('Ctrl Pts',(-9.34836178376167,28.8053862763555,24.7737323767569));
#12843=CARTESIAN_POINT('Ctrl Pts',(-9.24267965957501,28.9627178281112,24.7737323767569));
#12844=CARTESIAN_POINT('Ctrl Pts',(-9.18995231360904,29.0412143120211,24.7737323767569));
#12845=CARTESIAN_POINT('',(-9.58558648795596,28.6483076462191,23.9737323767569));
#12846=CARTESIAN_POINT('Ctrl Pts',(-10.0548908111524,28.517339552347,23.9737323767569));
#12847=CARTESIAN_POINT('Ctrl Pts',(-10.0548908111524,28.517339552347,24.7737323767569));
#12848=CARTESIAN_POINT('Ctrl Pts',(-9.96208320290719,28.5302967098261,23.9737323767569));
#12849=CARTESIAN_POINT('Ctrl Pts',(-9.96208320290719,28.5302967098261,24.7737323767569));
#12850=CARTESIAN_POINT('Ctrl Pts',(-9.79949776977079,28.55299576544,23.9737323767569));
#12851=CARTESIAN_POINT('Ctrl Pts',(-9.79949776977079,28.55299576544,24.7737323767569));
#12852=CARTESIAN_POINT('Ctrl Pts',(-9.64982325280179,28.6196858417931,23.9737323767569));
#12853=CARTESIAN_POINT('Ctrl Pts',(-9.64982325280179,28.6196858417931,24.7737323767569));
#12854=CARTESIAN_POINT('Ctrl Pts',(-9.58558648795596,28.6483076462191,23.9737323767569));
#12855=CARTESIAN_POINT('Ctrl Pts',(-9.58558648795596,28.6483076462191,24.7737323767569));
#12856=CARTESIAN_POINT('',(-10.0548908111524,28.517339552347,23.9737323767569));
#12857=CARTESIAN_POINT('Ctrl Pts',(-9.58558648795596,28.6483076462191,23.9737323767569));
#12858=CARTESIAN_POINT('Ctrl Pts',(-9.64982325280179,28.6196858417931,23.9737323767569));
#12859=CARTESIAN_POINT('Ctrl Pts',(-9.79949776977079,28.55299576544,23.9737323767569));
#12860=CARTESIAN_POINT('Ctrl Pts',(-9.96208320290719,28.5302967098261,23.9737323767569));
#12861=CARTESIAN_POINT('Ctrl Pts',(-10.0548908111524,28.517339552347,23.9737323767569));
#12862=CARTESIAN_POINT('',(-10.0548908111524,28.517339552347,24.7737323767569));
#12863=CARTESIAN_POINT('Ctrl Pts',(-10.0548908111524,28.517339552347,24.7737323767569));
#12864=CARTESIAN_POINT('Ctrl Pts',(-9.96208320290719,28.5302967098261,24.7737323767569));
#12865=CARTESIAN_POINT('Ctrl Pts',(-9.79949776977079,28.55299576544,24.7737323767569));
#12866=CARTESIAN_POINT('Ctrl Pts',(-9.64982325280179,28.6196858417931,24.7737323767569));
#12867=CARTESIAN_POINT('Ctrl Pts',(-9.58558648795596,28.6483076462191,24.7737323767569));
#12868=CARTESIAN_POINT('',(-10.0548908111524,28.517339552347,23.9737323767569));
#12869=CARTESIAN_POINT('Ctrl Pts',(-10.6087788936566,28.4627691158693,23.9737323767569));
#12870=CARTESIAN_POINT('Ctrl Pts',(-10.6087788936566,28.4627691158693,24.7737323767569));
#12871=CARTESIAN_POINT('Ctrl Pts',(-10.53982344105,28.4666588494239,23.9737323767569));
#12872=CARTESIAN_POINT('Ctrl Pts',(-10.53982344105,28.4666588494239,24.7737323767569));
#12873=CARTESIAN_POINT('Ctrl Pts',(-10.3544833587616,28.4771137664729,23.9737323767569));
#12874=CARTESIAN_POINT('Ctrl Pts',(-10.3544833587616,28.4771137664729,24.7737323767569));
#12875=CARTESIAN_POINT('Ctrl Pts',(-10.1704529985558,28.5018232124289,23.9737323767569));
#12876=CARTESIAN_POINT('Ctrl Pts',(-10.1704529985558,28.5018232124289,24.7737323767569));
#12877=CARTESIAN_POINT('Ctrl Pts',(-10.0548908111524,28.517339552347,23.9737323767569));
#12878=CARTESIAN_POINT('Ctrl Pts',(-10.0548908111524,28.517339552347,24.7737323767569));
#12879=CARTESIAN_POINT('',(-10.6087788936566,28.4627691158693,23.9737323767569));
#12880=CARTESIAN_POINT('Ctrl Pts',(-10.0548908111524,28.517339552347,23.9737323767569));
#12881=CARTESIAN_POINT('Ctrl Pts',(-10.1704529985558,28.5018232124289,23.9737323767569));
#12882=CARTESIAN_POINT('Ctrl Pts',(-10.3544833587616,28.4771137664729,23.9737323767569));
#12883=CARTESIAN_POINT('Ctrl Pts',(-10.53982344105,28.4666588494239,23.9737323767569));
#12884=CARTESIAN_POINT('Ctrl Pts',(-10.6087788936566,28.4627691158693,23.9737323767569));
#12885=CARTESIAN_POINT('',(-10.6087788936566,28.4627691158693,24.7737323767569));
#12886=CARTESIAN_POINT('Ctrl Pts',(-10.6087788936566,28.4627691158693,24.7737323767569));
#12887=CARTESIAN_POINT('Ctrl Pts',(-10.53982344105,28.4666588494239,24.7737323767569));
#12888=CARTESIAN_POINT('Ctrl Pts',(-10.3544833587616,28.4771137664729,24.7737323767569));
#12889=CARTESIAN_POINT('Ctrl Pts',(-10.1704529985558,28.5018232124289,24.7737323767569));
#12890=CARTESIAN_POINT('Ctrl Pts',(-10.0548908111524,28.517339552347,24.7737323767569));
#12891=CARTESIAN_POINT('',(-10.6087788936566,28.4627691158693,23.9737323767569));
#12892=CARTESIAN_POINT('Origin',(-12.7424761650037,28.4627691158693,23.9737323767569));
#12893=CARTESIAN_POINT('',(-12.7424761650037,28.4627691158693,23.9737323767569));
#12894=CARTESIAN_POINT('',(-10.6087788936566,28.4627691158693,23.9737323767569));
#12895=CARTESIAN_POINT('',(-12.7424761650037,28.4627691158693,24.7737323767569));
#12896=CARTESIAN_POINT('',(-10.6087788936566,28.4627691158693,24.7737323767569));
#12897=CARTESIAN_POINT('',(-12.7424761650037,28.4627691158693,23.9737323767569));
#12898=CARTESIAN_POINT('Origin',(-12.7424761650037,32.4627688774508,23.9737323767569));
#12899=CARTESIAN_POINT('',(-12.7424761650037,28.4627691158693,23.9737323767569));
#12900=CARTESIAN_POINT('',(-12.7424761650037,28.4627691158693,24.7737323767569));
#12901=CARTESIAN_POINT('Origin',(0.245244205288975,33.814747209255,24.7737323767569));
#12902=CARTESIAN_POINT('Origin',(0.245244205288975,33.814747209255,23.9737323767569));
#12903=CARTESIAN_POINT('Origin',(-1.36048406333438,31.4259341606539,23.9737323767569));
#12904=CARTESIAN_POINT('',(-0.918975770182522,29.9880078682344,23.9737323767569));
#12905=CARTESIAN_POINT('',(-1.36048406333438,31.4259341606539,23.9737323767569));
#12906=CARTESIAN_POINT('',(-0.918975770182522,29.9880078682344,23.9737323767569));
#12907=CARTESIAN_POINT('',(-0.918975770182522,29.9880078682344,24.7737323767569));
#12908=CARTESIAN_POINT('',(-0.918975770182522,29.9880078682344,23.9737323767569));
#12909=CARTESIAN_POINT('',(-1.36048406333438,31.4259341606539,24.7737323767569));
#12910=CARTESIAN_POINT('',(-0.918975770182522,29.9880078682344,24.7737323767569));
#12911=CARTESIAN_POINT('',(-1.36048406333438,31.4259341606539,23.9737323767569));
#12912=CARTESIAN_POINT('Origin',(-1.79738610953799,29.9880078682344,23.9737323767569));
#12913=CARTESIAN_POINT('',(-1.79738610953799,29.9880078682344,23.9737323767569));
#12914=CARTESIAN_POINT('',(-1.36048406333438,31.4259341606539,23.9737323767569));
#12915=CARTESIAN_POINT('',(-1.79738610953799,29.9880078682344,24.7737323767569));
#12916=CARTESIAN_POINT('',(-1.36048406333438,31.4259341606539,24.7737323767569));
#12917=CARTESIAN_POINT('',(-1.79738610953799,29.9880078682344,23.9737323767569));
#12918=CARTESIAN_POINT('Origin',(-0.918975770182522,29.9880078682344,23.9737323767569));
#12919=CARTESIAN_POINT('',(-1.79738610953799,29.9880078682344,23.9737323767569));
#12920=CARTESIAN_POINT('',(-1.79738610953799,29.9880078682344,24.7737323767569));
#12921=CARTESIAN_POINT('Origin',(-2.06584781379214,29.1230693706911,23.9737323767569));
#12922=CARTESIAN_POINT('',(-0.662580430216702,29.1230693706911,23.9737323767569));
#12923=CARTESIAN_POINT('',(-2.06584781379214,29.1230693706911,23.9737323767569));
#12924=CARTESIAN_POINT('',(-0.662580430216702,29.1230693706911,23.9737323767569));
#12925=CARTESIAN_POINT('',(-0.662580430216702,29.1230693706911,24.7737323767569));
#12926=CARTESIAN_POINT('',(-0.662580430216702,29.1230693706911,23.9737323767569));
#12927=CARTESIAN_POINT('',(-2.06584781379214,29.1230693706911,24.7737323767569));
#12928=CARTESIAN_POINT('',(-0.662580430216702,29.1230693706911,24.7737323767569));
#12929=CARTESIAN_POINT('',(-2.06584781379214,29.1230693706911,23.9737323767569));
#12930=CARTESIAN_POINT('Origin',(-2.26080983848086,28.4627691158693,23.9737323767569));
#12931=CARTESIAN_POINT('',(-2.26080983848086,28.4627691158693,23.9737323767569));
#12932=CARTESIAN_POINT('',(-2.06584781379214,29.1230693706911,23.9737323767569));
#12933=CARTESIAN_POINT('',(-2.26080983848086,28.4627691158693,24.7737323767569));
#12934=CARTESIAN_POINT('',(-2.06584781379214,29.1230693706911,24.7737323767569));
#12935=CARTESIAN_POINT('',(-2.26080983848086,28.4627691158693,23.9737323767569));
#12936=CARTESIAN_POINT('Origin',(-3.52283090323916,28.4627691158693,23.9737323767569));
#12937=CARTESIAN_POINT('',(-3.52283090323916,28.4627691158693,23.9737323767569));
#12938=CARTESIAN_POINT('',(-2.26080983848086,28.4627691158693,23.9737323767569));
#12939=CARTESIAN_POINT('',(-3.52283090323916,28.4627691158693,24.7737323767569));
#12940=CARTESIAN_POINT('',(-2.26080983848086,28.4627691158693,24.7737323767569));
#12941=CARTESIAN_POINT('',(-3.52283090323916,28.4627691158693,23.9737323767569));
#12942=CARTESIAN_POINT('Origin',(-2.01942056388369,32.4627688774507,23.9737323767569));
#12943=CARTESIAN_POINT('',(-2.01942056388369,32.4627688774507,23.9737323767569));
#12944=CARTESIAN_POINT('',(-3.52283090323916,28.4627691158693,23.9737323767569));
#12945=CARTESIAN_POINT('',(-2.01942056388369,32.4627688774507,24.7737323767569));
#12946=CARTESIAN_POINT('',(-3.52283090323916,28.4627691158693,24.7737323767569));
#12947=CARTESIAN_POINT('',(-2.01942056388369,32.4627688774507,23.9737323767569));
#12948=CARTESIAN_POINT('Origin',(-0.67119210929385,32.4627688774507,23.9737323767569));
#12949=CARTESIAN_POINT('',(-0.67119210929385,32.4627688774507,23.9737323767569));
#12950=CARTESIAN_POINT('',(-2.01942056388369,32.4627688774507,23.9737323767569));
#12951=CARTESIAN_POINT('',(-0.67119210929385,32.4627688774507,24.7737323767569));
#12952=CARTESIAN_POINT('',(-2.01942056388369,32.4627688774507,24.7737323767569));
#12953=CARTESIAN_POINT('',(-0.67119210929385,32.4627688774507,23.9737323767569));
#12954=CARTESIAN_POINT('Origin',(0.831874907307713,28.4627691158693,23.9737323767569));
#12955=CARTESIAN_POINT('',(0.831874907307713,28.4627691158693,23.9737323767569));
#12956=CARTESIAN_POINT('',(-0.67119210929385,32.4627688774507,23.9737323767569));
#12957=CARTESIAN_POINT('',(0.831874907307713,28.4627691158693,24.7737323767569));
#12958=CARTESIAN_POINT('',(-0.67119210929385,32.4627688774507,24.7737323767569));
#12959=CARTESIAN_POINT('',(0.831874907307713,28.4627691158693,23.9737323767569));
#12960=CARTESIAN_POINT('Origin',(-0.462461411662014,28.4627691158693,23.9737323767569));
#12961=CARTESIAN_POINT('',(-0.462461411662014,28.4627691158693,23.9737323767569));
#12962=CARTESIAN_POINT('',(0.831874907307713,28.4627691158693,23.9737323767569));
#12963=CARTESIAN_POINT('',(-0.462461411662014,28.4627691158693,24.7737323767569));
#12964=CARTESIAN_POINT('',(0.831874907307713,28.4627691158693,24.7737323767569));
#12965=CARTESIAN_POINT('',(-0.462461411662014,28.4627691158693,23.9737323767569));
#12966=CARTESIAN_POINT('Origin',(-0.662580430216702,29.1230693706911,23.9737323767569));
#12967=CARTESIAN_POINT('',(-0.462461411662014,28.4627691158693,23.9737323767569));
#12968=CARTESIAN_POINT('',(-0.462461411662014,28.4627691158693,24.7737323767569));
#12969=CARTESIAN_POINT('Origin',(0.245244205288975,33.814747209255,24.7737323767569));
#12970=CARTESIAN_POINT('Origin',(0.245244205288975,33.814747209255,23.9737323767569));
#12971=CARTESIAN_POINT('Ctrl Pts',(6.37621313362607,29.6933284649294,23.9737323767569));
#12972=CARTESIAN_POINT('Ctrl Pts',(6.37621313362607,29.6933284649294,24.7737323767569));
#12973=CARTESIAN_POINT('Ctrl Pts',(6.45768125542426,29.714864654454,23.9737323767569));
#12974=CARTESIAN_POINT('Ctrl Pts',(6.45768125542426,29.714864654454,24.7737323767569));
#12975=CARTESIAN_POINT('Ctrl Pts',(6.61856504741011,29.7573944656142,23.9737323767569));
#12976=CARTESIAN_POINT('Ctrl Pts',(6.61856504741011,29.7573944656142,24.7737323767569));
#12977=CARTESIAN_POINT('Ctrl Pts',(6.77599351188454,29.8113208492007,23.9737323767569));
#12978=CARTESIAN_POINT('Ctrl Pts',(6.77599351188454,29.8113208492007,24.7737323767569));
#12979=CARTESIAN_POINT('Ctrl Pts',(6.85370355873594,29.8379400619905,23.9737323767569));
#12980=CARTESIAN_POINT('Ctrl Pts',(6.85370355873594,29.8379400619905,24.7737323767569));
#12981=CARTESIAN_POINT('',(6.85370355873594,29.8379400619905,23.9737323767569));
#12982=CARTESIAN_POINT('',(6.37621313362607,29.6933284649294,23.9737323767569));
#12983=CARTESIAN_POINT('Ctrl Pts',(6.85370355873594,29.8379400619905,23.9737323767569));
#12984=CARTESIAN_POINT('Ctrl Pts',(6.77599351188454,29.8113208492007,23.9737323767569));
#12985=CARTESIAN_POINT('Ctrl Pts',(6.61856504741011,29.7573944656142,23.9737323767569));
#12986=CARTESIAN_POINT('Ctrl Pts',(6.45768125542426,29.714864654454,23.9737323767569));
#12987=CARTESIAN_POINT('Ctrl Pts',(6.37621313362607,29.6933284649294,23.9737323767569));
#12988=CARTESIAN_POINT('',(6.85370355873594,29.8379400619905,24.7737323767569));
#12989=CARTESIAN_POINT('',(6.85370355873594,29.8379400619905,23.9737323767569));
#12990=CARTESIAN_POINT('',(6.37621313362607,29.6933284649294,24.7737323767569));
#12991=CARTESIAN_POINT('Ctrl Pts',(6.37621313362607,29.6933284649294,24.7737323767569));
#12992=CARTESIAN_POINT('Ctrl Pts',(6.45768125542426,29.714864654454,24.7737323767569));
#12993=CARTESIAN_POINT('Ctrl Pts',(6.61856504741011,29.7573944656142,24.7737323767569));
#12994=CARTESIAN_POINT('Ctrl Pts',(6.77599351188454,29.8113208492007,24.7737323767569));
#12995=CARTESIAN_POINT('Ctrl Pts',(6.85370355873594,29.8379400619905,24.7737323767569));
#12996=CARTESIAN_POINT('',(6.37621313362607,29.6933284649294,23.9737323767569));
#12997=CARTESIAN_POINT('Ctrl Pts',(5.94783693581113,29.5159748444002,23.9737323767569));
#12998=CARTESIAN_POINT('Ctrl Pts',(5.94783693581113,29.5159748444002,24.7737323767569));
#12999=CARTESIAN_POINT('Ctrl Pts',(5.99759407038477,29.5474372269602,23.9737323767569));
#13000=CARTESIAN_POINT('Ctrl Pts',(5.99759407038477,29.5474372269602,24.7737323767569));
#13001=CARTESIAN_POINT('Ctrl Pts',(6.12956172749552,29.6308828865454,23.9737323767569));
#13002=CARTESIAN_POINT('Ctrl Pts',(6.12956172749552,29.6308828865454,24.7737323767569));
#13003=CARTESIAN_POINT('Ctrl Pts',(6.28153803172799,29.6693592462278,23.9737323767569));
#13004=CARTESIAN_POINT('Ctrl Pts',(6.28153803172799,29.6693592462278,24.7737323767569));
#13005=CARTESIAN_POINT('Ctrl Pts',(6.37621313362607,29.6933284649294,23.9737323767569));
#13006=CARTESIAN_POINT('Ctrl Pts',(6.37621313362607,29.6933284649294,24.7737323767569));
#13007=CARTESIAN_POINT('',(5.94783693581113,29.5159748444002,23.9737323767569));
#13008=CARTESIAN_POINT('Ctrl Pts',(6.37621313362607,29.6933284649294,23.9737323767569));
#13009=CARTESIAN_POINT('Ctrl Pts',(6.28153803172799,29.6693592462278,23.9737323767569));
#13010=CARTESIAN_POINT('Ctrl Pts',(6.12956172749552,29.6308828865454,23.9737323767569));
#13011=CARTESIAN_POINT('Ctrl Pts',(5.99759407038477,29.5474372269602,23.9737323767569));
#13012=CARTESIAN_POINT('Ctrl Pts',(5.94783693581113,29.5159748444002,23.9737323767569));
#13013=CARTESIAN_POINT('',(5.94783693581113,29.5159748444002,24.7737323767569));
#13014=CARTESIAN_POINT('Ctrl Pts',(5.94783693581113,29.5159748444002,24.7737323767569));
#13015=CARTESIAN_POINT('Ctrl Pts',(5.99759407038477,29.5474372269602,24.7737323767569));
#13016=CARTESIAN_POINT('Ctrl Pts',(6.12956172749552,29.6308828865454,24.7737323767569));
#13017=CARTESIAN_POINT('Ctrl Pts',(6.28153803172799,29.6693592462278,24.7737323767569));
#13018=CARTESIAN_POINT('Ctrl Pts',(6.37621313362607,29.6933284649294,24.7737323767569));
#13019=CARTESIAN_POINT('',(5.94783693581113,29.5159748444002,23.9737323767569));
#13020=CARTESIAN_POINT('Ctrl Pts',(5.85506826668271,29.3113366016787,23.9737323767569));
#13021=CARTESIAN_POINT('Ctrl Pts',(5.85506826668271,29.3113366016787,24.7737323767569));
#13022=CARTESIAN_POINT('Ctrl Pts',(5.85943219446217,29.3489867273794,23.9737323767569));
#13023=CARTESIAN_POINT('Ctrl Pts',(5.85943219446217,29.3489867273794,24.7737323767569));
#13024=CARTESIAN_POINT('Ctrl Pts',(5.8684668323525,29.4269337671615,23.9737323767569));
#13025=CARTESIAN_POINT('Ctrl Pts',(5.8684668323525,29.4269337671615,24.7737323767569));
#13026=CARTESIAN_POINT('Ctrl Pts',(5.92078802434296,29.4856301162178,23.9737323767569));
#13027=CARTESIAN_POINT('Ctrl Pts',(5.92078802434296,29.4856301162178,24.7737323767569));
#13028=CARTESIAN_POINT('Ctrl Pts',(5.94783693581113,29.5159748444002,23.9737323767569));
#13029=CARTESIAN_POINT('Ctrl Pts',(5.94783693581113,29.5159748444002,24.7737323767569));
#13030=CARTESIAN_POINT('',(5.85506826668271,29.3113366016787,23.9737323767569));
#13031=CARTESIAN_POINT('Ctrl Pts',(5.94783693581113,29.5159748444002,23.9737323767569));
#13032=CARTESIAN_POINT('Ctrl Pts',(5.92078802434296,29.4856301162178,23.9737323767569));
#13033=CARTESIAN_POINT('Ctrl Pts',(5.8684668323525,29.4269337671615,23.9737323767569));
#13034=CARTESIAN_POINT('Ctrl Pts',(5.85943219446217,29.3489867273794,23.9737323767569));
#13035=CARTESIAN_POINT('Ctrl Pts',(5.85506826668271,29.3113366016787,23.9737323767569));
#13036=CARTESIAN_POINT('',(5.85506826668271,29.3113366016787,24.7737323767569));
#13037=CARTESIAN_POINT('Ctrl Pts',(5.85506826668271,29.3113366016787,24.7737323767569));
#13038=CARTESIAN_POINT('Ctrl Pts',(5.85943219446217,29.3489867273794,24.7737323767569));
#13039=CARTESIAN_POINT('Ctrl Pts',(5.8684668323525,29.4269337671615,24.7737323767569));
#13040=CARTESIAN_POINT('Ctrl Pts',(5.92078802434296,29.4856301162178,24.7737323767569));
#13041=CARTESIAN_POINT('Ctrl Pts',(5.94783693581113,29.5159748444002,24.7737323767569));
#13042=CARTESIAN_POINT('',(5.85506826668271,29.3113366016787,23.9737323767569));
#13043=CARTESIAN_POINT('Ctrl Pts',(5.94647318153867,29.0971485027712,23.9737323767569));
#13044=CARTESIAN_POINT('Ctrl Pts',(5.94647318153867,29.0971485027712,24.7737323767569));
#13045=CARTESIAN_POINT('Ctrl Pts',(5.91981485311435,29.1272268261803,23.9737323767569));
#13046=CARTESIAN_POINT('Ctrl Pts',(5.91981485311435,29.1272268261803,24.7737323767569));
#13047=CARTESIAN_POINT('Ctrl Pts',(5.86560642729479,29.188389646945,23.9737323767569));
#13048=CARTESIAN_POINT('Ctrl Pts',(5.86560642729479,29.188389646945,24.7737323767569));
#13049=CARTESIAN_POINT('Ctrl Pts',(5.85861930136159,29.2699072748736,23.9737323767569));
#13050=CARTESIAN_POINT('Ctrl Pts',(5.85861930136159,29.2699072748736,24.7737323767569));
#13051=CARTESIAN_POINT('Ctrl Pts',(5.85506826668271,29.3113366016787,23.9737323767569));
#13052=CARTESIAN_POINT('Ctrl Pts',(5.85506826668271,29.3113366016787,24.7737323767569));
#13053=CARTESIAN_POINT('',(5.94647318153867,29.0971485027712,23.9737323767569));
#13054=CARTESIAN_POINT('Ctrl Pts',(5.85506826668271,29.3113366016787,23.9737323767569));
#13055=CARTESIAN_POINT('Ctrl Pts',(5.85861930136159,29.2699072748736,23.9737323767569));
#13056=CARTESIAN_POINT('Ctrl Pts',(5.86560642729479,29.188389646945,23.9737323767569));
#13057=CARTESIAN_POINT('Ctrl Pts',(5.91981485311435,29.1272268261803,23.9737323767569));
#13058=CARTESIAN_POINT('Ctrl Pts',(5.94647318153867,29.0971485027712,23.9737323767569));
#13059=CARTESIAN_POINT('',(5.94647318153867,29.0971485027712,24.7737323767569));
#13060=CARTESIAN_POINT('Ctrl Pts',(5.94647318153867,29.0971485027712,24.7737323767569));
#13061=CARTESIAN_POINT('Ctrl Pts',(5.91981485311435,29.1272268261803,24.7737323767569));
#13062=CARTESIAN_POINT('Ctrl Pts',(5.86560642729479,29.188389646945,24.7737323767569));
#13063=CARTESIAN_POINT('Ctrl Pts',(5.85861930136159,29.2699072748736,24.7737323767569));
#13064=CARTESIAN_POINT('Ctrl Pts',(5.85506826668271,29.3113366016787,24.7737323767569));
#13065=CARTESIAN_POINT('',(5.94647318153867,29.0971485027712,23.9737323767569));
#13066=CARTESIAN_POINT('Ctrl Pts',(6.2152329090167,29.0139284977358,23.9737323767569));
#13067=CARTESIAN_POINT('Ctrl Pts',(6.2152329090167,29.0139284977358,24.7737323767569));
#13068=CARTESIAN_POINT('Ctrl Pts',(6.16160662834361,29.0158020242118,23.9737323767569));
#13069=CARTESIAN_POINT('Ctrl Pts',(6.16160662834361,29.0158020242118,24.7737323767569));
#13070=CARTESIAN_POINT('Ctrl Pts',(6.06398804989062,29.0192124973789,23.9737323767569));
#13071=CARTESIAN_POINT('Ctrl Pts',(6.06398804989062,29.0192124973789,24.7737323767569));
#13072=CARTESIAN_POINT('Ctrl Pts',(5.98297990488952,29.0729371988926,23.9737323767569));
#13073=CARTESIAN_POINT('Ctrl Pts',(5.98297990488952,29.0729371988926,24.7737323767569));
#13074=CARTESIAN_POINT('Ctrl Pts',(5.94647318153867,29.0971485027712,23.9737323767569));
#13075=CARTESIAN_POINT('Ctrl Pts',(5.94647318153867,29.0971485027712,24.7737323767569));
#13076=CARTESIAN_POINT('',(6.2152329090167,29.0139284977358,23.9737323767569));
#13077=CARTESIAN_POINT('Ctrl Pts',(5.94647318153867,29.0971485027712,23.9737323767569));
#13078=CARTESIAN_POINT('Ctrl Pts',(5.98297990488952,29.0729371988926,23.9737323767569));
#13079=CARTESIAN_POINT('Ctrl Pts',(6.06398804989062,29.0192124973789,23.9737323767569));
#13080=CARTESIAN_POINT('Ctrl Pts',(6.16160662834361,29.0158020242118,23.9737323767569));
#13081=CARTESIAN_POINT('Ctrl Pts',(6.2152329090167,29.0139284977358,23.9737323767569));
#13082=CARTESIAN_POINT('',(6.2152329090167,29.0139284977358,24.7737323767569));
#13083=CARTESIAN_POINT('Ctrl Pts',(6.2152329090167,29.0139284977358,24.7737323767569));
#13084=CARTESIAN_POINT('Ctrl Pts',(6.16160662834361,29.0158020242118,24.7737323767569));
#13085=CARTESIAN_POINT('Ctrl Pts',(6.06398804989062,29.0192124973789,24.7737323767569));
#13086=CARTESIAN_POINT('Ctrl Pts',(5.98297990488952,29.0729371988926,24.7737323767569));
#13087=CARTESIAN_POINT('Ctrl Pts',(5.94647318153867,29.0971485027712,24.7737323767569));
#13088=CARTESIAN_POINT('',(6.2152329090167,29.0139284977358,23.9737323767569));
#13089=CARTESIAN_POINT('Ctrl Pts',(6.56038671761045,29.1039696583193,23.9737323767569));
#13090=CARTESIAN_POINT('Ctrl Pts',(6.56038671761045,29.1039696583193,24.7737323767569));
#13091=CARTESIAN_POINT('Ctrl Pts',(6.5060016109121,29.0777071369232,23.9737323767569));
#13092=CARTESIAN_POINT('Ctrl Pts',(6.5060016109121,29.0777071369232,24.7737323767569));
#13093=CARTESIAN_POINT('Ctrl Pts',(6.39687778345247,29.0250113342033,23.9737323767569));
#13094=CARTESIAN_POINT('Ctrl Pts',(6.39687778345247,29.0250113342033,24.7737323767569));
#13095=CARTESIAN_POINT('Ctrl Pts',(6.27591186322197,29.0176307487823,23.9737323767569));
#13096=CARTESIAN_POINT('Ctrl Pts',(6.27591186322197,29.0176307487823,24.7737323767569));
#13097=CARTESIAN_POINT('Ctrl Pts',(6.2152329090167,29.0139284977358,23.9737323767569));
#13098=CARTESIAN_POINT('Ctrl Pts',(6.2152329090167,29.0139284977358,24.7737323767569));
#13099=CARTESIAN_POINT('',(6.56038671761045,29.1039696583193,23.9737323767569));
#13100=CARTESIAN_POINT('Ctrl Pts',(6.2152329090167,29.0139284977358,23.9737323767569));
#13101=CARTESIAN_POINT('Ctrl Pts',(6.27591186322197,29.0176307487823,23.9737323767569));
#13102=CARTESIAN_POINT('Ctrl Pts',(6.39687778345247,29.0250113342033,23.9737323767569));
#13103=CARTESIAN_POINT('Ctrl Pts',(6.5060016109121,29.0777071369232,23.9737323767569));
#13104=CARTESIAN_POINT('Ctrl Pts',(6.56038671761045,29.1039696583193,23.9737323767569));
#13105=CARTESIAN_POINT('',(6.56038671761045,29.1039696583193,24.7737323767569));
#13106=CARTESIAN_POINT('Ctrl Pts',(6.56038671761045,29.1039696583193,24.7737323767569));
#13107=CARTESIAN_POINT('Ctrl Pts',(6.5060016109121,29.0777071369232,24.7737323767569));
#13108=CARTESIAN_POINT('Ctrl Pts',(6.39687778345247,29.0250113342033,24.7737323767569));
#13109=CARTESIAN_POINT('Ctrl Pts',(6.27591186322197,29.0176307487823,24.7737323767569));
#13110=CARTESIAN_POINT('Ctrl Pts',(6.2152329090167,29.0139284977358,24.7737323767569));
#13111=CARTESIAN_POINT('',(6.56038671761045,29.1039696583193,23.9737323767569));
#13112=CARTESIAN_POINT('Ctrl Pts',(6.78685575752744,29.3236151585024,23.9737323767569));
#13113=CARTESIAN_POINT('Ctrl Pts',(6.78685575752744,29.3236151585024,24.7737323767569));
#13114=CARTESIAN_POINT('Ctrl Pts',(6.75925258586487,29.2812685460869,23.9737323767569));
#13115=CARTESIAN_POINT('Ctrl Pts',(6.75925258586487,29.2812685460869,24.7737323767569));
#13116=CARTESIAN_POINT('Ctrl Pts',(6.70048738281973,29.191115598908,23.9737323767569));
#13117=CARTESIAN_POINT('Ctrl Pts',(6.70048738281973,29.191115598908,24.7737323767569));
#13118=CARTESIAN_POINT('Ctrl Pts',(6.6089350951265,29.1341679019634,23.9737323767569));
#13119=CARTESIAN_POINT('Ctrl Pts',(6.6089350951265,29.1341679019634,24.7737323767569));
#13120=CARTESIAN_POINT('Ctrl Pts',(6.56038671761045,29.1039696583193,23.9737323767569));
#13121=CARTESIAN_POINT('Ctrl Pts',(6.56038671761045,29.1039696583193,24.7737323767569));
#13122=CARTESIAN_POINT('',(6.78685575752744,29.3236151585024,23.9737323767569));
#13123=CARTESIAN_POINT('Ctrl Pts',(6.56038671761045,29.1039696583193,23.9737323767569));
#13124=CARTESIAN_POINT('Ctrl Pts',(6.6089350951265,29.1341679019634,23.9737323767569));
#13125=CARTESIAN_POINT('Ctrl Pts',(6.70048738281973,29.191115598908,23.9737323767569));
#13126=CARTESIAN_POINT('Ctrl Pts',(6.75925258586487,29.2812685460869,23.9737323767569));
#13127=CARTESIAN_POINT('Ctrl Pts',(6.78685575752744,29.3236151585024,23.9737323767569));
#13128=CARTESIAN_POINT('',(6.78685575752744,29.3236151585024,24.7737323767569));
#13129=CARTESIAN_POINT('Ctrl Pts',(6.78685575752744,29.3236151585024,24.7737323767569));
#13130=CARTESIAN_POINT('Ctrl Pts',(6.75925258586487,29.2812685460869,24.7737323767569));
#13131=CARTESIAN_POINT('Ctrl Pts',(6.70048738281973,29.191115598908,24.7737323767569));
#13132=CARTESIAN_POINT('Ctrl Pts',(6.6089350951265,29.1341679019634,24.7737323767569));
#13133=CARTESIAN_POINT('Ctrl Pts',(6.56038671761045,29.1039696583193,24.7737323767569));
#13134=CARTESIAN_POINT('',(6.78685575752744,29.3236151585024,23.9737323767569));
#13135=CARTESIAN_POINT('Ctrl Pts',(6.85370355873594,29.6605864414614,23.9737323767569));
#13136=CARTESIAN_POINT('Ctrl Pts',(6.85370355873594,29.6605864414614,24.7737323767569));
#13137=CARTESIAN_POINT('Ctrl Pts',(6.85208109036796,29.5971167908072,23.9737323767569));
#13138=CARTESIAN_POINT('Ctrl Pts',(6.85208109036796,29.5971167908072,24.7737323767569));
#13139=CARTESIAN_POINT('Ctrl Pts',(6.84910632678051,29.4807464446106,23.9737323767569));
#13140=CARTESIAN_POINT('Ctrl Pts',(6.84910632678051,29.4807464446106,24.7737323767569));
#13141=CARTESIAN_POINT('Ctrl Pts',(6.8063103457285,29.3727219297564,23.9737323767569));
#13142=CARTESIAN_POINT('Ctrl Pts',(6.8063103457285,29.3727219297564,24.7737323767569));
#13143=CARTESIAN_POINT('Ctrl Pts',(6.78685575752744,29.3236151585024,23.9737323767569));
#13144=CARTESIAN_POINT('Ctrl Pts',(6.78685575752744,29.3236151585024,24.7737323767569));
#13145=CARTESIAN_POINT('',(6.85370355873594,29.6605864414614,23.9737323767569));
#13146=CARTESIAN_POINT('Ctrl Pts',(6.78685575752744,29.3236151585024,23.9737323767569));
#13147=CARTESIAN_POINT('Ctrl Pts',(6.8063103457285,29.3727219297564,23.9737323767569));
#13148=CARTESIAN_POINT('Ctrl Pts',(6.84910632678051,29.4807464446106,23.9737323767569));
#13149=CARTESIAN_POINT('Ctrl Pts',(6.85208109036796,29.5971167908072,23.9737323767569));
#13150=CARTESIAN_POINT('Ctrl Pts',(6.85370355873594,29.6605864414614,23.9737323767569));
#13151=CARTESIAN_POINT('',(6.85370355873594,29.6605864414614,24.7737323767569));
#13152=CARTESIAN_POINT('Ctrl Pts',(6.85370355873594,29.6605864414614,24.7737323767569));
#13153=CARTESIAN_POINT('Ctrl Pts',(6.85208109036796,29.5971167908072,24.7737323767569));
#13154=CARTESIAN_POINT('Ctrl Pts',(6.84910632678051,29.4807464446106,24.7737323767569));
#13155=CARTESIAN_POINT('Ctrl Pts',(6.8063103457285,29.3727219297564,24.7737323767569));
#13156=CARTESIAN_POINT('Ctrl Pts',(6.78685575752744,29.3236151585024,24.7737323767569));
#13157=CARTESIAN_POINT('',(6.85370355873594,29.6605864414614,23.9737323767569));
#13158=CARTESIAN_POINT('Origin',(6.85370355873594,29.8379400619905,23.9737323767569));
#13159=CARTESIAN_POINT('',(6.85370355873594,29.6605864414614,23.9737323767569));
#13160=CARTESIAN_POINT('',(6.85370355873594,29.6605864414614,24.7737323767569));
#13161=CARTESIAN_POINT('Origin',(4.82914596825132,30.5337110409182,23.9737323767569));
#13162=CARTESIAN_POINT('',(5.89053541450986,30.421841467325,23.9737323767569));
#13163=CARTESIAN_POINT('',(4.82914596825132,30.5337110409182,23.9737323767569));
#13164=CARTESIAN_POINT('',(5.89053541450986,30.421841467325,23.9737323767569));
#13165=CARTESIAN_POINT('',(5.89053541450986,30.421841467325,24.7737323767569));
#13166=CARTESIAN_POINT('',(5.89053541450986,30.421841467325,23.9737323767569));
#13167=CARTESIAN_POINT('',(4.82914596825132,30.5337110409182,24.7737323767569));
#13168=CARTESIAN_POINT('',(5.89053541450986,30.421841467325,24.7737323767569));
#13169=CARTESIAN_POINT('',(4.82914596825132,30.5337110409182,23.9737323767569));
#13170=CARTESIAN_POINT('Ctrl Pts',(5.00240713387021,30.971637094919,23.9737323767569));
#13171=CARTESIAN_POINT('Ctrl Pts',(5.00240713387021,30.971637094919,24.7737323767569));
#13172=CARTESIAN_POINT('Ctrl Pts',(4.96612740272417,30.9097473750294,23.9737323767569));
#13173=CARTESIAN_POINT('Ctrl Pts',(4.96612740272417,30.9097473750294,24.7737323767569));
#13174=CARTESIAN_POINT('Ctrl Pts',(4.88591177507669,30.772907256069,23.9737323767569));
#13175=CARTESIAN_POINT('Ctrl Pts',(4.88591177507669,30.772907256069,24.7737323767569));
#13176=CARTESIAN_POINT('Ctrl Pts',(4.84923478013338,30.6183600230748,23.9737323767569));
#13177=CARTESIAN_POINT('Ctrl Pts',(4.84923478013338,30.6183600230748,24.7737323767569));
#13178=CARTESIAN_POINT('Ctrl Pts',(4.82914596825132,30.5337110409182,23.9737323767569));
#13179=CARTESIAN_POINT('Ctrl Pts',(4.82914596825132,30.5337110409182,24.7737323767569));
#13180=CARTESIAN_POINT('',(5.00240713387021,30.971637094919,23.9737323767569));
#13181=CARTESIAN_POINT('Ctrl Pts',(4.82914596825132,30.5337110409182,23.9737323767569));
#13182=CARTESIAN_POINT('Ctrl Pts',(4.84923478013338,30.6183600230748,23.9737323767569));
#13183=CARTESIAN_POINT('Ctrl Pts',(4.88591177507669,30.772907256069,23.9737323767569));
#13184=CARTESIAN_POINT('Ctrl Pts',(4.96612740272417,30.9097473750294,23.9737323767569));
#13185=CARTESIAN_POINT('Ctrl Pts',(5.00240713387021,30.971637094919,23.9737323767569));
#13186=CARTESIAN_POINT('',(5.00240713387021,30.971637094919,24.7737323767569));
#13187=CARTESIAN_POINT('Ctrl Pts',(5.00240713387021,30.971637094919,24.7737323767569));
#13188=CARTESIAN_POINT('Ctrl Pts',(4.96612740272417,30.9097473750294,24.7737323767569));
#13189=CARTESIAN_POINT('Ctrl Pts',(4.88591177507669,30.772907256069,24.7737323767569));
#13190=CARTESIAN_POINT('Ctrl Pts',(4.84923478013338,30.6183600230748,24.7737323767569));
#13191=CARTESIAN_POINT('Ctrl Pts',(4.82914596825132,30.5337110409182,24.7737323767569));
#13192=CARTESIAN_POINT('',(5.00240713387021,30.971637094919,23.9737323767569));
#13193=CARTESIAN_POINT('Ctrl Pts',(5.32846361427793,31.2485805401247,23.9737323767569));
#13194=CARTESIAN_POINT('Ctrl Pts',(5.32846361427793,31.2485805401247,24.7737323767569));
#13195=CARTESIAN_POINT('Ctrl Pts',(5.26288163364271,31.2093647494323,23.9737323767569));
#13196=CARTESIAN_POINT('Ctrl Pts',(5.26288163364271,31.2093647494323,24.7737323767569));
#13197=CARTESIAN_POINT('Ctrl Pts',(5.13867334283179,31.1350924220715,23.9737323767569));
#13198=CARTESIAN_POINT('Ctrl Pts',(5.13867334283179,31.1350924220715,24.7737323767569));
#13199=CARTESIAN_POINT('Ctrl Pts',(5.0461011884416,31.0240493990332,23.9737323767569));
#13200=CARTESIAN_POINT('Ctrl Pts',(5.0461011884416,31.0240493990332,24.7737323767569));
#13201=CARTESIAN_POINT('Ctrl Pts',(5.00240713387021,30.971637094919,23.9737323767569));
#13202=CARTESIAN_POINT('Ctrl Pts',(5.00240713387021,30.971637094919,24.7737323767569));
#13203=CARTESIAN_POINT('',(5.32846361427793,31.2485805401247,23.9737323767569));
#13204=CARTESIAN_POINT('Ctrl Pts',(5.00240713387021,30.971637094919,23.9737323767569));
#13205=CARTESIAN_POINT('Ctrl Pts',(5.0461011884416,31.0240493990332,23.9737323767569));
#13206=CARTESIAN_POINT('Ctrl Pts',(5.13867334283179,31.1350924220715,23.9737323767569));
#13207=CARTESIAN_POINT('Ctrl Pts',(5.26288163364271,31.2093647494323,23.9737323767569));
#13208=CARTESIAN_POINT('Ctrl Pts',(5.32846361427793,31.2485805401247,23.9737323767569));
#13209=CARTESIAN_POINT('',(5.32846361427793,31.2485805401247,24.7737323767569));
#13210=CARTESIAN_POINT('Ctrl Pts',(5.32846361427793,31.2485805401247,24.7737323767569));
#13211=CARTESIAN_POINT('Ctrl Pts',(5.26288163364271,31.2093647494323,24.7737323767569));
#13212=CARTESIAN_POINT('Ctrl Pts',(5.13867334283179,31.1350924220715,24.7737323767569));
#13213=CARTESIAN_POINT('Ctrl Pts',(5.0461011884416,31.0240493990332,24.7737323767569));
#13214=CARTESIAN_POINT('Ctrl Pts',(5.00240713387021,30.971637094919,24.7737323767569));
#13215=CARTESIAN_POINT('',(5.32846361427793,31.2485805401247,23.9737323767569));
#13216=CARTESIAN_POINT('Ctrl Pts',(5.74865251808652,31.3795498260897,23.9737323767569));
#13217=CARTESIAN_POINT('Ctrl Pts',(5.74865251808652,31.3795498260897,24.7737323767569));
#13218=CARTESIAN_POINT('Ctrl Pts',(5.66794742983506,31.3644004702324,23.9737323767569));
#13219=CARTESIAN_POINT('Ctrl Pts',(5.66794742983506,31.3644004702324,24.7737323767569));
#13220=CARTESIAN_POINT('Ctrl Pts',(5.52261827897834,31.3371203684388,23.9737323767569));
#13221=CARTESIAN_POINT('Ctrl Pts',(5.52261827897834,31.3371203684388,24.7737323767569));
#13222=CARTESIAN_POINT('Ctrl Pts',(5.38822484869683,31.2758332947441,23.9737323767569));
#13223=CARTESIAN_POINT('Ctrl Pts',(5.38822484869683,31.2758332947441,24.7737323767569));
#13224=CARTESIAN_POINT('Ctrl Pts',(5.32846361427793,31.2485805401247,23.9737323767569));
#13225=CARTESIAN_POINT('Ctrl Pts',(5.32846361427793,31.2485805401247,24.7737323767569));
#13226=CARTESIAN_POINT('',(5.74865251808652,31.3795498260897,23.9737323767569));
#13227=CARTESIAN_POINT('Ctrl Pts',(5.32846361427793,31.2485805401247,23.9737323767569));
#13228=CARTESIAN_POINT('Ctrl Pts',(5.38822484869683,31.2758332947441,23.9737323767569));
#13229=CARTESIAN_POINT('Ctrl Pts',(5.52261827897834,31.3371203684388,23.9737323767569));
#13230=CARTESIAN_POINT('Ctrl Pts',(5.66794742983506,31.3644004702324,23.9737323767569));
#13231=CARTESIAN_POINT('Ctrl Pts',(5.74865251808652,31.3795498260897,23.9737323767569));
#13232=CARTESIAN_POINT('',(5.74865251808652,31.3795498260897,24.7737323767569));
#13233=CARTESIAN_POINT('Ctrl Pts',(5.74865251808652,31.3795498260897,24.7737323767569));
#13234=CARTESIAN_POINT('Ctrl Pts',(5.66794742983506,31.3644004702324,24.7737323767569));
#13235=CARTESIAN_POINT('Ctrl Pts',(5.52261827897834,31.3371203684388,24.7737323767569));
#13236=CARTESIAN_POINT('Ctrl Pts',(5.38822484869683,31.2758332947441,24.7737323767569));
#13237=CARTESIAN_POINT('Ctrl Pts',(5.32846361427793,31.2485805401247,24.7737323767569));
#13238=CARTESIAN_POINT('',(5.74865251808652,31.3795498260897,23.9737323767569));
#13239=CARTESIAN_POINT('Ctrl Pts',(6.32709890633115,31.4259341606539,23.9737323767569));
#13240=CARTESIAN_POINT('Ctrl Pts',(6.32709890633115,31.4259341606539,24.7737323767569));
#13241=CARTESIAN_POINT('Ctrl Pts',(6.22687229772055,31.4242805588785,23.9737323767569));
#13242=CARTESIAN_POINT('Ctrl Pts',(6.22687229772055,31.4242805588785,24.7737323767569));
#13243=CARTESIAN_POINT('Ctrl Pts',(6.03305530299659,31.4210828439103,23.9737323767569));
#13244=CARTESIAN_POINT('Ctrl Pts',(6.03305530299659,31.4210828439103,24.7737323767569));
#13245=CARTESIAN_POINT('Ctrl Pts',(5.84126449754892,31.3930745002402,23.9737323767569));
#13246=CARTESIAN_POINT('Ctrl Pts',(5.84126449754892,31.3930745002402,24.7737323767569));
#13247=CARTESIAN_POINT('Ctrl Pts',(5.74865251808652,31.3795498260897,23.9737323767569));
#13248=CARTESIAN_POINT('Ctrl Pts',(5.74865251808652,31.3795498260897,24.7737323767569));
#13249=CARTESIAN_POINT('',(6.32709890633115,31.4259341606539,23.9737323767569));
#13250=CARTESIAN_POINT('Ctrl Pts',(5.74865251808652,31.3795498260897,23.9737323767569));
#13251=CARTESIAN_POINT('Ctrl Pts',(5.84126449754892,31.3930745002402,23.9737323767569));
#13252=CARTESIAN_POINT('Ctrl Pts',(6.03305530299659,31.4210828439103,23.9737323767569));
#13253=CARTESIAN_POINT('Ctrl Pts',(6.22687229772055,31.4242805588785,23.9737323767569));
#13254=CARTESIAN_POINT('Ctrl Pts',(6.32709890633115,31.4259341606539,23.9737323767569));
#13255=CARTESIAN_POINT('',(6.32709890633115,31.4259341606539,24.7737323767569));
#13256=CARTESIAN_POINT('Ctrl Pts',(6.32709890633115,31.4259341606539,24.7737323767569));
#13257=CARTESIAN_POINT('Ctrl Pts',(6.22687229772055,31.4242805588785,24.7737323767569));
#13258=CARTESIAN_POINT('Ctrl Pts',(6.03305530299659,31.4210828439103,24.7737323767569));
#13259=CARTESIAN_POINT('Ctrl Pts',(5.84126449754892,31.3930745002402,24.7737323767569));
#13260=CARTESIAN_POINT('Ctrl Pts',(5.74865251808652,31.3795498260897,24.7737323767569));
#13261=CARTESIAN_POINT('',(6.32709890633115,31.4259341606539,23.9737323767569));
#13262=CARTESIAN_POINT('Ctrl Pts',(7.12928205757627,31.3699999699038,23.9737323767569));
#13263=CARTESIAN_POINT('Ctrl Pts',(7.12928205757627,31.3699999699038,24.7737323767569));
#13264=CARTESIAN_POINT('Ctrl Pts',(7.01212657115712,31.3862545047716,23.9737323767569));
#13265=CARTESIAN_POINT('Ctrl Pts',(7.01212657115712,31.3862545047716,24.7737323767569));
#13266=CARTESIAN_POINT('Ctrl Pts',(6.74610161811811,31.4231636757123,23.9737323767569));
#13267=CARTESIAN_POINT('Ctrl Pts',(6.74610161811811,31.4231636757123,24.7737323767569));
#13268=CARTESIAN_POINT('Ctrl Pts',(6.47744248113094,31.4249400749396,23.9737323767569));
#13269=CARTESIAN_POINT('Ctrl Pts',(6.47744248113094,31.4249400749396,24.7737323767569));
#13270=CARTESIAN_POINT('Ctrl Pts',(6.32709890633115,31.4259341606539,23.9737323767569));
#13271=CARTESIAN_POINT('Ctrl Pts',(6.32709890633115,31.4259341606539,24.7737323767569));
#13272=CARTESIAN_POINT('',(7.12928205757627,31.3699999699038,23.9737323767569));
#13273=CARTESIAN_POINT('Ctrl Pts',(6.32709890633115,31.4259341606539,23.9737323767569));
#13274=CARTESIAN_POINT('Ctrl Pts',(6.47744248113094,31.4249400749396,23.9737323767569));
#13275=CARTESIAN_POINT('Ctrl Pts',(6.74610161811811,31.4231636757123,23.9737323767569));
#13276=CARTESIAN_POINT('Ctrl Pts',(7.01212657115712,31.3862545047716,23.9737323767569));
#13277=CARTESIAN_POINT('Ctrl Pts',(7.12928205757627,31.3699999699038,23.9737323767569));
#13278=CARTESIAN_POINT('',(7.12928205757627,31.3699999699038,24.7737323767569));
#13279=CARTESIAN_POINT('Ctrl Pts',(7.12928205757627,31.3699999699038,24.7737323767569));
#13280=CARTESIAN_POINT('Ctrl Pts',(7.01212657115712,31.3862545047716,24.7737323767569));
#13281=CARTESIAN_POINT('Ctrl Pts',(6.74610161811811,31.4231636757123,24.7737323767569));
#13282=CARTESIAN_POINT('Ctrl Pts',(6.47744248113094,31.4249400749396,24.7737323767569));
#13283=CARTESIAN_POINT('Ctrl Pts',(6.32709890633115,31.4259341606539,24.7737323767569));
#13284=CARTESIAN_POINT('',(7.12928205757627,31.3699999699038,23.9737323767569));
#13285=CARTESIAN_POINT('Ctrl Pts',(7.63405710487851,31.1367121586245,23.9737323767569));
#13286=CARTESIAN_POINT('Ctrl Pts',(7.63405710487851,31.1367121586245,24.7737323767569));
#13287=CARTESIAN_POINT('Ctrl Pts',(7.56084857228193,31.1910695988964,23.9737323767569));
#13288=CARTESIAN_POINT('Ctrl Pts',(7.56084857228193,31.1910695988964,24.7737323767569));
#13289=CARTESIAN_POINT('Ctrl Pts',(7.40897698068662,31.3038344731036,23.9737323767569));
#13290=CARTESIAN_POINT('Ctrl Pts',(7.40897698068662,31.3038344731036,24.7737323767569));
#13291=CARTESIAN_POINT('Ctrl Pts',(7.22471959020566,31.3474229717603,23.9737323767569));
#13292=CARTESIAN_POINT('Ctrl Pts',(7.22471959020566,31.3474229717603,24.7737323767569));
#13293=CARTESIAN_POINT('Ctrl Pts',(7.12928205757627,31.3699999699038,23.9737323767569));
#13294=CARTESIAN_POINT('Ctrl Pts',(7.12928205757627,31.3699999699038,24.7737323767569));
#13295=CARTESIAN_POINT('',(7.63405710487851,31.1367121586245,23.9737323767569));
#13296=CARTESIAN_POINT('Ctrl Pts',(7.12928205757627,31.3699999699038,23.9737323767569));
#13297=CARTESIAN_POINT('Ctrl Pts',(7.22471959020566,31.3474229717603,23.9737323767569));
#13298=CARTESIAN_POINT('Ctrl Pts',(7.40897698068662,31.3038344731036,23.9737323767569));
#13299=CARTESIAN_POINT('Ctrl Pts',(7.56084857228193,31.1910695988964,23.9737323767569));
#13300=CARTESIAN_POINT('Ctrl Pts',(7.63405710487851,31.1367121586245,23.9737323767569));
#13301=CARTESIAN_POINT('',(7.63405710487851,31.1367121586245,24.7737323767569));
#13302=CARTESIAN_POINT('Ctrl Pts',(7.63405710487851,31.1367121586245,24.7737323767569));
#13303=CARTESIAN_POINT('Ctrl Pts',(7.56084857228193,31.1910695988964,24.7737323767569));
#13304=CARTESIAN_POINT('Ctrl Pts',(7.40897698068662,31.3038344731036,24.7737323767569));
#13305=CARTESIAN_POINT('Ctrl Pts',(7.22471959020566,31.3474229717603,24.7737323767569));
#13306=CARTESIAN_POINT('Ctrl Pts',(7.12928205757627,31.3699999699038,24.7737323767569));
#13307=CARTESIAN_POINT('',(7.63405710487851,31.1367121586245,23.9737323767569));
#13308=CARTESIAN_POINT('Ctrl Pts',(7.857793867879,30.7888260731142,23.9737323767569));
#13309=CARTESIAN_POINT('Ctrl Pts',(7.857793867879,30.7888260731142,24.7737323767569));
#13310=CARTESIAN_POINT('Ctrl Pts',(7.8296990834883,30.8580784227392,23.9737323767569));
#13311=CARTESIAN_POINT('Ctrl Pts',(7.8296990834883,30.8580784227392,24.7737323767569));
#13312=CARTESIAN_POINT('Ctrl Pts',(7.77687581737793,30.9882853409393,23.9737323767569));
#13313=CARTESIAN_POINT('Ctrl Pts',(7.77687581737793,30.9882853409393,24.7737323767569));
#13314=CARTESIAN_POINT('Ctrl Pts',(7.67959688986192,31.0893841492561,23.9737323767569));
#13315=CARTESIAN_POINT('Ctrl Pts',(7.67959688986192,31.0893841492561,24.7737323767569));
#13316=CARTESIAN_POINT('Ctrl Pts',(7.63405710487851,31.1367121586245,23.9737323767569));
#13317=CARTESIAN_POINT('Ctrl Pts',(7.63405710487851,31.1367121586245,24.7737323767569));
#13318=CARTESIAN_POINT('',(7.857793867879,30.7888260731142,23.9737323767569));
#13319=CARTESIAN_POINT('Ctrl Pts',(7.63405710487851,31.1367121586245,23.9737323767569));
#13320=CARTESIAN_POINT('Ctrl Pts',(7.67959688986192,31.0893841492561,23.9737323767569));
#13321=CARTESIAN_POINT('Ctrl Pts',(7.77687581737793,30.9882853409393,23.9737323767569));
#13322=CARTESIAN_POINT('Ctrl Pts',(7.8296990834883,30.8580784227392,23.9737323767569));
#13323=CARTESIAN_POINT('Ctrl Pts',(7.857793867879,30.7888260731142,23.9737323767569));
#13324=CARTESIAN_POINT('',(7.857793867879,30.7888260731142,24.7737323767569));
#13325=CARTESIAN_POINT('Ctrl Pts',(7.857793867879,30.7888260731142,24.7737323767569));
#13326=CARTESIAN_POINT('Ctrl Pts',(7.8296990834883,30.8580784227392,24.7737323767569));
#13327=CARTESIAN_POINT('Ctrl Pts',(7.77687581737793,30.9882853409393,24.7737323767569));
#13328=CARTESIAN_POINT('Ctrl Pts',(7.67959688986192,31.0893841492561,24.7737323767569));
#13329=CARTESIAN_POINT('Ctrl Pts',(7.63405710487851,31.1367121586245,24.7737323767569));
#13330=CARTESIAN_POINT('',(7.857793867879,30.7888260731142,23.9737323767569));
#13331=CARTESIAN_POINT('Ctrl Pts',(7.93965250282773,30.3590861210268,23.9737323767569));
#13332=CARTESIAN_POINT('Ctrl Pts',(7.93965250282773,30.3590861210268,24.7737323767569));
#13333=CARTESIAN_POINT('Ctrl Pts',(7.9357247797636,30.4295447065455,23.9737323767569));
#13334=CARTESIAN_POINT('Ctrl Pts',(7.9357247797636,30.4295447065455,24.7737323767569));
#13335=CARTESIAN_POINT('Ctrl Pts',(7.9275405251361,30.5763603030533,23.9737323767569));
#13336=CARTESIAN_POINT('Ctrl Pts',(7.9275405251361,30.5763603030533,24.7737323767569));
#13337=CARTESIAN_POINT('Ctrl Pts',(7.88165721891641,30.7161323347504,23.9737323767569));
#13338=CARTESIAN_POINT('Ctrl Pts',(7.88165721891641,30.7161323347504,24.7737323767569));
#13339=CARTESIAN_POINT('Ctrl Pts',(7.857793867879,30.7888260731142,23.9737323767569));
#13340=CARTESIAN_POINT('Ctrl Pts',(7.857793867879,30.7888260731142,24.7737323767569));
#13341=CARTESIAN_POINT('',(7.93965250282773,30.3590861210268,23.9737323767569));
#13342=CARTESIAN_POINT('Ctrl Pts',(7.857793867879,30.7888260731142,23.9737323767569));
#13343=CARTESIAN_POINT('Ctrl Pts',(7.88165721891641,30.7161323347504,23.9737323767569));
#13344=CARTESIAN_POINT('Ctrl Pts',(7.9275405251361,30.5763603030533,23.9737323767569));
#13345=CARTESIAN_POINT('Ctrl Pts',(7.9357247797636,30.4295447065455,23.9737323767569));
#13346=CARTESIAN_POINT('Ctrl Pts',(7.93965250282773,30.3590861210268,23.9737323767569));
#13347=CARTESIAN_POINT('',(7.93965250282773,30.3590861210268,24.7737323767569));
#13348=CARTESIAN_POINT('Ctrl Pts',(7.93965250282773,30.3590861210268,24.7737323767569));
#13349=CARTESIAN_POINT('Ctrl Pts',(7.9357247797636,30.4295447065455,24.7737323767569));
#13350=CARTESIAN_POINT('Ctrl Pts',(7.9275405251361,30.5763603030533,24.7737323767569));
#13351=CARTESIAN_POINT('Ctrl Pts',(7.88165721891641,30.7161323347504,24.7737323767569));
#13352=CARTESIAN_POINT('Ctrl Pts',(7.857793867879,30.7888260731142,24.7737323767569));
#13353=CARTESIAN_POINT('',(7.93965250282773,30.3590861210268,23.9737323767569));
#13354=CARTESIAN_POINT('Origin',(7.93965250282773,29.0794125446718,23.9737323767569));
#13355=CARTESIAN_POINT('',(7.93965250282773,29.0794125446718,23.9737323767569));
#13356=CARTESIAN_POINT('',(7.93965250282773,30.3590861210268,23.9737323767569));
#13357=CARTESIAN_POINT('',(7.93965250282773,29.0794125446718,24.7737323767569));
#13358=CARTESIAN_POINT('',(7.93965250282773,30.3590861210268,24.7737323767569));
#13359=CARTESIAN_POINT('',(7.93965250282773,29.0794125446718,23.9737323767569));
#13360=CARTESIAN_POINT('Ctrl Pts',(7.96557337074765,28.7588122734468,23.9737323767569));
#13361=CARTESIAN_POINT('Ctrl Pts',(7.96557337074765,28.7588122734468,24.7737323767569));
#13362=CARTESIAN_POINT('Ctrl Pts',(7.95804722071044,28.8047641441622,23.9737323767569));
#13363=CARTESIAN_POINT('Ctrl Pts',(7.95804722071044,28.8047641441622,24.7737323767569));
#13364=CARTESIAN_POINT('Ctrl Pts',(7.94066998973447,28.9108630482832,23.9737323767569));
#13365=CARTESIAN_POINT('Ctrl Pts',(7.94066998973447,28.9108630482832,24.7737323767569));
#13366=CARTESIAN_POINT('Ctrl Pts',(7.94002062501995,29.0184320940177,23.9737323767569));
#13367=CARTESIAN_POINT('Ctrl Pts',(7.94002062501995,29.0184320940177,24.7737323767569));
#13368=CARTESIAN_POINT('Ctrl Pts',(7.93965250282773,29.0794125446718,23.9737323767569));
#13369=CARTESIAN_POINT('Ctrl Pts',(7.93965250282773,29.0794125446718,24.7737323767569));
#13370=CARTESIAN_POINT('',(7.96557337074765,28.7588122734468,23.9737323767569));
#13371=CARTESIAN_POINT('Ctrl Pts',(7.93965250282773,29.0794125446718,23.9737323767569));
#13372=CARTESIAN_POINT('Ctrl Pts',(7.94002062501995,29.0184320940177,23.9737323767569));
#13373=CARTESIAN_POINT('Ctrl Pts',(7.94066998973447,28.9108630482832,23.9737323767569));
#13374=CARTESIAN_POINT('Ctrl Pts',(7.95804722071044,28.8047641441622,23.9737323767569));
#13375=CARTESIAN_POINT('Ctrl Pts',(7.96557337074765,28.7588122734468,23.9737323767569));
#13376=CARTESIAN_POINT('',(7.96557337074765,28.7588122734468,24.7737323767569));
#13377=CARTESIAN_POINT('Ctrl Pts',(7.96557337074765,28.7588122734468,24.7737323767569));
#13378=CARTESIAN_POINT('Ctrl Pts',(7.95804722071044,28.8047641441622,24.7737323767569));
#13379=CARTESIAN_POINT('Ctrl Pts',(7.94066998973447,28.9108630482832,24.7737323767569));
#13380=CARTESIAN_POINT('Ctrl Pts',(7.94002062501995,29.0184320940177,24.7737323767569));
#13381=CARTESIAN_POINT('Ctrl Pts',(7.93965250282773,29.0794125446718,24.7737323767569));
#13382=CARTESIAN_POINT('',(7.96557337074765,28.7588122734468,23.9737323767569));
#13383=CARTESIAN_POINT('Ctrl Pts',(8.07880312233457,28.4627691158693,23.9737323767569));
#13384=CARTESIAN_POINT('Ctrl Pts',(8.07880312233457,28.4627691158693,24.7737323767569));
#13385=CARTESIAN_POINT('Ctrl Pts',(8.05307412629102,28.5168014902814,23.9737323767569));
#13386=CARTESIAN_POINT('Ctrl Pts',(8.05307412629102,28.5168014902814,24.7737323767569));
#13387=CARTESIAN_POINT('Ctrl Pts',(8.00748331896425,28.6125448129923,23.9737323767569));
#13388=CARTESIAN_POINT('Ctrl Pts',(8.00748331896425,28.6125448129923,24.7737323767569));
#13389=CARTESIAN_POINT('Ctrl Pts',(7.97829108166656,28.7144269339735,23.9737323767569));
#13390=CARTESIAN_POINT('Ctrl Pts',(7.97829108166656,28.7144269339735,24.7737323767569));
#13391=CARTESIAN_POINT('Ctrl Pts',(7.96557337074765,28.7588122734468,23.9737323767569));
#13392=CARTESIAN_POINT('Ctrl Pts',(7.96557337074765,28.7588122734468,24.7737323767569));
#13393=CARTESIAN_POINT('',(8.07880312233457,28.4627691158693,23.9737323767569));
#13394=CARTESIAN_POINT('Ctrl Pts',(7.96557337074765,28.7588122734468,23.9737323767569));
#13395=CARTESIAN_POINT('Ctrl Pts',(7.97829108166656,28.7144269339735,23.9737323767569));
#13396=CARTESIAN_POINT('Ctrl Pts',(8.00748331896425,28.6125448129923,23.9737323767569));
#13397=CARTESIAN_POINT('Ctrl Pts',(8.05307412629102,28.5168014902814,23.9737323767569));
#13398=CARTESIAN_POINT('Ctrl Pts',(8.07880312233457,28.4627691158693,23.9737323767569));
#13399=CARTESIAN_POINT('',(8.07880312233457,28.4627691158693,24.7737323767569));
#13400=CARTESIAN_POINT('Ctrl Pts',(8.07880312233457,28.4627691158693,24.7737323767569));
#13401=CARTESIAN_POINT('Ctrl Pts',(8.05307412629102,28.5168014902814,24.7737323767569));
#13402=CARTESIAN_POINT('Ctrl Pts',(8.00748331896425,28.6125448129923,24.7737323767569));
#13403=CARTESIAN_POINT('Ctrl Pts',(7.97829108166656,28.7144269339735,24.7737323767569));
#13404=CARTESIAN_POINT('Ctrl Pts',(7.96557337074765,28.7588122734468,24.7737323767569));
#13405=CARTESIAN_POINT('',(8.07880312233457,28.4627691158693,23.9737323767569));
#13406=CARTESIAN_POINT('Origin',(7.03651338844785,28.4627691158693,23.9737323767569));
#13407=CARTESIAN_POINT('',(7.03651338844785,28.4627691158693,23.9737323767569));
#13408=CARTESIAN_POINT('',(8.07880312233457,28.4627691158693,23.9737323767569));
#13409=CARTESIAN_POINT('',(7.03651338844785,28.4627691158693,24.7737323767569));
#13410=CARTESIAN_POINT('',(8.07880312233457,28.4627691158693,24.7737323767569));
#13411=CARTESIAN_POINT('',(7.03651338844785,28.4627691158693,23.9737323767569));
#13412=CARTESIAN_POINT('Ctrl Pts',(6.9546595218707,28.6333015808504,23.9737323767569));
#13413=CARTESIAN_POINT('Ctrl Pts',(6.9546595218707,28.6333015808504,24.7737323767569));
#13414=CARTESIAN_POINT('Ctrl Pts',(6.9642322716785,28.6091102352142,23.9737323767569));
#13415=CARTESIAN_POINT('Ctrl Pts',(6.9642322716785,28.6091102352142,24.7737323767569));
#13416=CARTESIAN_POINT('Ctrl Pts',(6.98747781990839,28.550366289846,23.9737323767569));
#13417=CARTESIAN_POINT('Ctrl Pts',(6.98747781990839,28.550366289846,24.7737323767569));
#13418=CARTESIAN_POINT('Ctrl Pts',(7.01835294777392,28.4952109398063,23.9737323767569));
#13419=CARTESIAN_POINT('Ctrl Pts',(7.01835294777392,28.4952109398063,24.7737323767569));
#13420=CARTESIAN_POINT('Ctrl Pts',(7.03651338844785,28.4627691158693,23.9737323767569));
#13421=CARTESIAN_POINT('Ctrl Pts',(7.03651338844785,28.4627691158693,24.7737323767569));
#13422=CARTESIAN_POINT('',(6.9546595218707,28.6333015808504,23.9737323767569));
#13423=CARTESIAN_POINT('Ctrl Pts',(7.03651338844785,28.4627691158693,23.9737323767569));
#13424=CARTESIAN_POINT('Ctrl Pts',(7.01835294777392,28.4952109398063,23.9737323767569));
#13425=CARTESIAN_POINT('Ctrl Pts',(6.98747781990839,28.550366289846,23.9737323767569));
#13426=CARTESIAN_POINT('Ctrl Pts',(6.9642322716785,28.6091102352142,23.9737323767569));
#13427=CARTESIAN_POINT('Ctrl Pts',(6.9546595218707,28.6333015808504,23.9737323767569));
#13428=CARTESIAN_POINT('',(6.9546595218707,28.6333015808504,24.7737323767569));
#13429=CARTESIAN_POINT('Ctrl Pts',(6.9546595218707,28.6333015808504,24.7737323767569));
#13430=CARTESIAN_POINT('Ctrl Pts',(6.9642322716785,28.6091102352142,24.7737323767569));
#13431=CARTESIAN_POINT('Ctrl Pts',(6.98747781990839,28.550366289846,24.7737323767569));
#13432=CARTESIAN_POINT('Ctrl Pts',(7.01835294777392,28.4952109398063,24.7737323767569));
#13433=CARTESIAN_POINT('Ctrl Pts',(7.03651338844785,28.4627691158693,24.7737323767569));
#13434=CARTESIAN_POINT('',(6.9546595218707,28.6333015808504,23.9737323767569));
#13435=CARTESIAN_POINT('Ctrl Pts',(6.91646009712705,28.8174763569277,23.9737323767569));
#13436=CARTESIAN_POINT('Ctrl Pts',(6.91646009712705,28.8174763569277,24.7737323767569));
#13437=CARTESIAN_POINT('Ctrl Pts',(6.92203952289474,28.7810413019542,23.9737323767569));
#13438=CARTESIAN_POINT('Ctrl Pts',(6.92203952289474,28.7810413019542,24.7737323767569));
#13439=CARTESIAN_POINT('Ctrl Pts',(6.93154643706307,28.7189587589158,23.9737323767569));
#13440=CARTESIAN_POINT('Ctrl Pts',(6.93154643706307,28.7189587589158,24.7737323767569));
#13441=CARTESIAN_POINT('Ctrl Pts',(6.94790251336072,28.6583430794624,23.9737323767569));
#13442=CARTESIAN_POINT('Ctrl Pts',(6.94790251336072,28.6583430794624,24.7737323767569));
#13443=CARTESIAN_POINT('Ctrl Pts',(6.9546595218707,28.6333015808504,23.9737323767569));
#13444=CARTESIAN_POINT('Ctrl Pts',(6.9546595218707,28.6333015808504,24.7737323767569));
#13445=CARTESIAN_POINT('',(6.91646009712705,28.8174763569277,23.9737323767569));
#13446=CARTESIAN_POINT('Ctrl Pts',(6.9546595218707,28.6333015808504,23.9737323767569));
#13447=CARTESIAN_POINT('Ctrl Pts',(6.94790251336072,28.6583430794624,23.9737323767569));
#13448=CARTESIAN_POINT('Ctrl Pts',(6.93154643706307,28.7189587589158,23.9737323767569));
#13449=CARTESIAN_POINT('Ctrl Pts',(6.92203952289474,28.7810413019542,23.9737323767569));
#13450=CARTESIAN_POINT('Ctrl Pts',(6.91646009712705,28.8174763569277,23.9737323767569));
#13451=CARTESIAN_POINT('',(6.91646009712705,28.8174763569277,24.7737323767569));
#13452=CARTESIAN_POINT('Ctrl Pts',(6.91646009712705,28.8174763569277,24.7737323767569));
#13453=CARTESIAN_POINT('Ctrl Pts',(6.92203952289474,28.7810413019542,24.7737323767569));
#13454=CARTESIAN_POINT('Ctrl Pts',(6.93154643706307,28.7189587589158,24.7737323767569));
#13455=CARTESIAN_POINT('Ctrl Pts',(6.94790251336072,28.6583430794624,24.7737323767569));
#13456=CARTESIAN_POINT('Ctrl Pts',(6.9546595218707,28.6333015808504,24.7737323767569));
#13457=CARTESIAN_POINT('',(6.91646009712705,28.8174763569277,23.9737323767569));
#13458=CARTESIAN_POINT('Ctrl Pts',(6.48262411385068,28.517339552347,23.9737323767569));
#13459=CARTESIAN_POINT('Ctrl Pts',(6.48262411385068,28.517339552347,24.7737323767569));
#13460=CARTESIAN_POINT('Ctrl Pts',(6.55670217341036,28.5544294985508,23.9737323767569));
#13461=CARTESIAN_POINT('Ctrl Pts',(6.55670217341036,28.5544294985508,24.7737323767569));
#13462=CARTESIAN_POINT('Ctrl Pts',(6.71537851778368,28.6338767345016,23.9737323767569));
#13463=CARTESIAN_POINT('Ctrl Pts',(6.71537851778368,28.6338767345016,24.7737323767569));
#13464=CARTESIAN_POINT('Ctrl Pts',(6.84653436431669,28.7536299410413,23.9737323767569));
#13465=CARTESIAN_POINT('Ctrl Pts',(6.84653436431669,28.7536299410413,24.7737323767569));
#13466=CARTESIAN_POINT('Ctrl Pts',(6.91646009712705,28.8174763569277,23.9737323767569));
#13467=CARTESIAN_POINT('Ctrl Pts',(6.91646009712705,28.8174763569277,24.7737323767569));
#13468=CARTESIAN_POINT('',(6.48262411385068,28.517339552347,23.9737323767569));
#13469=CARTESIAN_POINT('Ctrl Pts',(6.91646009712705,28.8174763569277,23.9737323767569));
#13470=CARTESIAN_POINT('Ctrl Pts',(6.84653436431669,28.7536299410413,23.9737323767569));
#13471=CARTESIAN_POINT('Ctrl Pts',(6.71537851778368,28.6338767345016,23.9737323767569));
#13472=CARTESIAN_POINT('Ctrl Pts',(6.55670217341036,28.5544294985508,23.9737323767569));
#13473=CARTESIAN_POINT('Ctrl Pts',(6.48262411385068,28.517339552347,23.9737323767569));
#13474=CARTESIAN_POINT('',(6.48262411385068,28.517339552347,24.7737323767569));
#13475=CARTESIAN_POINT('Ctrl Pts',(6.48262411385068,28.517339552347,24.7737323767569));
#13476=CARTESIAN_POINT('Ctrl Pts',(6.55670217341036,28.5544294985508,24.7737323767569));
#13477=CARTESIAN_POINT('Ctrl Pts',(6.71537851778368,28.6338767345016,24.7737323767569));
#13478=CARTESIAN_POINT('Ctrl Pts',(6.84653436431669,28.7536299410413,24.7737323767569));
#13479=CARTESIAN_POINT('Ctrl Pts',(6.91646009712705,28.8174763569277,24.7737323767569));
#13480=CARTESIAN_POINT('',(6.48262411385068,28.517339552347,23.9737323767569));
#13481=CARTESIAN_POINT('Ctrl Pts',(5.79776674538144,28.3972850689333,23.9737323767569));
#13482=CARTESIAN_POINT('Ctrl Pts',(5.79776674538144,28.3972850689333,24.7737323767569));
#13483=CARTESIAN_POINT('Ctrl Pts',(5.92097465826594,28.4011555079276,23.9737323767569));
#13484=CARTESIAN_POINT('Ctrl Pts',(5.92097465826594,28.4011555079276,24.7737323767569));
#13485=CARTESIAN_POINT('Ctrl Pts',(6.15515699973806,28.4085120846684,23.9737323767569));
#13486=CARTESIAN_POINT('Ctrl Pts',(6.15515699973806,28.4085120846684,24.7737323767569));
#13487=CARTESIAN_POINT('Ctrl Pts',(6.37733724416652,28.4823494635297,23.9737323767569));
#13488=CARTESIAN_POINT('Ctrl Pts',(6.37733724416652,28.4823494635297,24.7737323767569));
#13489=CARTESIAN_POINT('Ctrl Pts',(6.48262411385068,28.517339552347,23.9737323767569));
#13490=CARTESIAN_POINT('Ctrl Pts',(6.48262411385068,28.517339552347,24.7737323767569));
#13491=CARTESIAN_POINT('',(5.79776674538144,28.3972850689333,23.9737323767569));
#13492=CARTESIAN_POINT('Ctrl Pts',(6.48262411385068,28.517339552347,23.9737323767569));
#13493=CARTESIAN_POINT('Ctrl Pts',(6.37733724416652,28.4823494635297,23.9737323767569));
#13494=CARTESIAN_POINT('Ctrl Pts',(6.15515699973806,28.4085120846684,23.9737323767569));
#13495=CARTESIAN_POINT('Ctrl Pts',(5.92097465826594,28.4011555079276,23.9737323767569));
#13496=CARTESIAN_POINT('Ctrl Pts',(5.79776674538144,28.3972850689333,23.9737323767569));
#13497=CARTESIAN_POINT('',(5.79776674538144,28.3972850689333,24.7737323767569));
#13498=CARTESIAN_POINT('Ctrl Pts',(5.79776674538144,28.3972850689333,24.7737323767569));
#13499=CARTESIAN_POINT('Ctrl Pts',(5.92097465826594,28.4011555079276,24.7737323767569));
#13500=CARTESIAN_POINT('Ctrl Pts',(6.15515699973806,28.4085120846684,24.7737323767569));
#13501=CARTESIAN_POINT('Ctrl Pts',(6.37733724416652,28.4823494635297,24.7737323767569));
#13502=CARTESIAN_POINT('Ctrl Pts',(6.48262411385068,28.517339552347,24.7737323767569));
#13503=CARTESIAN_POINT('',(5.79776674538144,28.3972850689333,23.9737323767569));
#13504=CARTESIAN_POINT('Ctrl Pts',(5.01058965950498,28.6373940357607,23.9737323767569));
#13505=CARTESIAN_POINT('Ctrl Pts',(5.01058965950498,28.6373940357607,24.7737323767569));
#13506=CARTESIAN_POINT('Ctrl Pts',(5.11778554497131,28.5675408755736,23.9737323767569));
#13507=CARTESIAN_POINT('Ctrl Pts',(5.11778554497131,28.5675408755736,24.7737323767569));
#13508=CARTESIAN_POINT('Ctrl Pts',(5.35576941617494,28.412460991632,23.9737323767569));
#13509=CARTESIAN_POINT('Ctrl Pts',(5.35576941617494,28.412460991632,24.7737323767569));
#13510=CARTESIAN_POINT('Ctrl Pts',(5.64100874094012,28.4026673352969,23.9737323767569));
#13511=CARTESIAN_POINT('Ctrl Pts',(5.64100874094012,28.4026673352969,24.7737323767569));
#13512=CARTESIAN_POINT('Ctrl Pts',(5.79776674538144,28.3972850689333,23.9737323767569));
#13513=CARTESIAN_POINT('Ctrl Pts',(5.79776674538144,28.3972850689333,24.7737323767569));
#13514=CARTESIAN_POINT('',(5.01058965950498,28.6373940357607,23.9737323767569));
#13515=CARTESIAN_POINT('Ctrl Pts',(5.79776674538144,28.3972850689333,23.9737323767569));
#13516=CARTESIAN_POINT('Ctrl Pts',(5.64100874094012,28.4026673352969,23.9737323767569));
#13517=CARTESIAN_POINT('Ctrl Pts',(5.35576941617494,28.412460991632,23.9737323767569));
#13518=CARTESIAN_POINT('Ctrl Pts',(5.11778554497131,28.5675408755736,23.9737323767569));
#13519=CARTESIAN_POINT('Ctrl Pts',(5.01058965950498,28.6373940357607,23.9737323767569));
#13520=CARTESIAN_POINT('',(5.01058965950498,28.6373940357607,24.7737323767569));
#13521=CARTESIAN_POINT('Ctrl Pts',(5.01058965950498,28.6373940357607,24.7737323767569));
#13522=CARTESIAN_POINT('Ctrl Pts',(5.11778554497131,28.5675408755736,24.7737323767569));
#13523=CARTESIAN_POINT('Ctrl Pts',(5.35576941617494,28.412460991632,24.7737323767569));
#13524=CARTESIAN_POINT('Ctrl Pts',(5.64100874094012,28.4026673352969,24.7737323767569));
#13525=CARTESIAN_POINT('Ctrl Pts',(5.79776674538144,28.3972850689333,24.7737323767569));
#13526=CARTESIAN_POINT('',(5.01058965950498,28.6373940357607,23.9737323767569));
#13527=CARTESIAN_POINT('Ctrl Pts',(4.74183470039853,29.2294815430086,23.9737323767569));
#13528=CARTESIAN_POINT('Ctrl Pts',(4.74183470039853,29.2294815430086,24.7737323767569));
#13529=CARTESIAN_POINT('Ctrl Pts',(4.75333198569735,29.116550201222,23.9737323767569));
#13530=CARTESIAN_POINT('Ctrl Pts',(4.75333198569735,29.116550201222,24.7737323767569));
#13531=CARTESIAN_POINT('Ctrl Pts',(4.77648274663097,28.889153348168,23.9737323767569));
#13532=CARTESIAN_POINT('Ctrl Pts',(4.77648274663097,28.889153348168,24.7737323767569));
#13533=CARTESIAN_POINT('Ctrl Pts',(4.93220382277635,28.721690411784,23.9737323767569));
#13534=CARTESIAN_POINT('Ctrl Pts',(4.93220382277635,28.721690411784,24.7737323767569));
#13535=CARTESIAN_POINT('Ctrl Pts',(5.01058965950498,28.6373940357607,23.9737323767569));
#13536=CARTESIAN_POINT('Ctrl Pts',(5.01058965950498,28.6373940357607,24.7737323767569));
#13537=CARTESIAN_POINT('',(4.74183470039853,29.2294815430086,23.9737323767569));
#13538=CARTESIAN_POINT('Ctrl Pts',(5.01058965950498,28.6373940357607,23.9737323767569));
#13539=CARTESIAN_POINT('Ctrl Pts',(4.93220382277635,28.721690411784,23.9737323767569));
#13540=CARTESIAN_POINT('Ctrl Pts',(4.77648274663097,28.889153348168,23.9737323767569));
#13541=CARTESIAN_POINT('Ctrl Pts',(4.75333198569735,29.116550201222,23.9737323767569));
#13542=CARTESIAN_POINT('Ctrl Pts',(4.74183470039853,29.2294815430086,23.9737323767569));
#13543=CARTESIAN_POINT('',(4.74183470039853,29.2294815430086,24.7737323767569));
#13544=CARTESIAN_POINT('Ctrl Pts',(4.74183470039853,29.2294815430086,24.7737323767569));
#13545=CARTESIAN_POINT('Ctrl Pts',(4.75333198569735,29.116550201222,24.7737323767569));
#13546=CARTESIAN_POINT('Ctrl Pts',(4.77648274663097,28.889153348168,24.7737323767569));
#13547=CARTESIAN_POINT('Ctrl Pts',(4.93220382277635,28.721690411784,24.7737323767569));
#13548=CARTESIAN_POINT('Ctrl Pts',(5.01058965950498,28.6373940357607,24.7737323767569));
#13549=CARTESIAN_POINT('',(4.74183470039853,29.2294815430086,23.9737323767569));
#13550=CARTESIAN_POINT('Ctrl Pts',(4.93555933266172,29.7724548229616,23.9737323767569));
#13551=CARTESIAN_POINT('Ctrl Pts',(4.93555933266172,29.7724548229616,24.7737323767569));
#13552=CARTESIAN_POINT('Ctrl Pts',(4.87907932495431,29.6946750559267,23.9737323767569));
#13553=CARTESIAN_POINT('Ctrl Pts',(4.87907932495431,29.6946750559267,24.7737323767569));
#13554=CARTESIAN_POINT('Ctrl Pts',(4.76166038552607,29.5329750469338,23.9737323767569));
#13555=CARTESIAN_POINT('Ctrl Pts',(4.76166038552607,29.5329750469338,24.7737323767569));
#13556=CARTESIAN_POINT('Ctrl Pts',(4.74860847530694,29.3331751439372,23.9737323767569));
#13557=CARTESIAN_POINT('Ctrl Pts',(4.74860847530694,29.3331751439372,24.7737323767569));
#13558=CARTESIAN_POINT('Ctrl Pts',(4.74183470039853,29.2294815430086,23.9737323767569));
#13559=CARTESIAN_POINT('Ctrl Pts',(4.74183470039853,29.2294815430086,24.7737323767569));
#13560=CARTESIAN_POINT('',(4.93555933266172,29.7724548229616,23.9737323767569));
#13561=CARTESIAN_POINT('Ctrl Pts',(4.74183470039853,29.2294815430086,23.9737323767569));
#13562=CARTESIAN_POINT('Ctrl Pts',(4.74860847530694,29.3331751439372,23.9737323767569));
#13563=CARTESIAN_POINT('Ctrl Pts',(4.76166038552607,29.5329750469338,23.9737323767569));
#13564=CARTESIAN_POINT('Ctrl Pts',(4.87907932495431,29.6946750559267,23.9737323767569));
#13565=CARTESIAN_POINT('Ctrl Pts',(4.93555933266172,29.7724548229616,23.9737323767569));
#13566=CARTESIAN_POINT('',(4.93555933266172,29.7724548229616,24.7737323767569));
#13567=CARTESIAN_POINT('Ctrl Pts',(4.93555933266172,29.7724548229616,24.7737323767569));
#13568=CARTESIAN_POINT('Ctrl Pts',(4.87907932495431,29.6946750559267,24.7737323767569));
#13569=CARTESIAN_POINT('Ctrl Pts',(4.76166038552607,29.5329750469338,24.7737323767569));
#13570=CARTESIAN_POINT('Ctrl Pts',(4.74860847530694,29.3331751439372,24.7737323767569));
#13571=CARTESIAN_POINT('Ctrl Pts',(4.74183470039853,29.2294815430086,24.7737323767569));
#13572=CARTESIAN_POINT('',(4.93555933266172,29.7724548229616,23.9737323767569));
#13573=CARTESIAN_POINT('Ctrl Pts',(5.65042883186826,30.0889626392763,23.9737323767569));
#13574=CARTESIAN_POINT('Ctrl Pts',(5.65042883186826,30.0889626392763,24.7737323767569));
#13575=CARTESIAN_POINT('Ctrl Pts',(5.4982938721649,30.0573895167996,23.9737323767569));
#13576=CARTESIAN_POINT('Ctrl Pts',(5.4982938721649,30.0573895167996,24.7737323767569));
#13577=CARTESIAN_POINT('Ctrl Pts',(5.23590015086255,30.0029339918109,23.9737323767569));
#13578=CARTESIAN_POINT('Ctrl Pts',(5.23590015086255,30.0029339918109,24.7737323767569));
#13579=CARTESIAN_POINT('Ctrl Pts',(5.02442284006311,29.8406479758257,23.9737323767569));
#13580=CARTESIAN_POINT('Ctrl Pts',(5.02442284006311,29.8406479758257,24.7737323767569));
#13581=CARTESIAN_POINT('Ctrl Pts',(4.93555933266172,29.7724548229616,23.9737323767569));
#13582=CARTESIAN_POINT('Ctrl Pts',(4.93555933266172,29.7724548229616,24.7737323767569));
#13583=CARTESIAN_POINT('',(5.65042883186826,30.0889626392763,23.9737323767569));
#13584=CARTESIAN_POINT('Ctrl Pts',(4.93555933266172,29.7724548229616,23.9737323767569));
#13585=CARTESIAN_POINT('Ctrl Pts',(5.02442284006311,29.8406479758257,23.9737323767569));
#13586=CARTESIAN_POINT('Ctrl Pts',(5.23590015086255,30.0029339918109,23.9737323767569));
#13587=CARTESIAN_POINT('Ctrl Pts',(5.4982938721649,30.0573895167996,23.9737323767569));
#13588=CARTESIAN_POINT('Ctrl Pts',(5.65042883186826,30.0889626392763,23.9737323767569));
#13589=CARTESIAN_POINT('',(5.65042883186826,30.0889626392763,24.7737323767569));
#13590=CARTESIAN_POINT('Ctrl Pts',(5.65042883186826,30.0889626392763,24.7737323767569));
#13591=CARTESIAN_POINT('Ctrl Pts',(5.4982938721649,30.0573895167996,24.7737323767569));
#13592=CARTESIAN_POINT('Ctrl Pts',(5.23590015086255,30.0029339918109,24.7737323767569));
#13593=CARTESIAN_POINT('Ctrl Pts',(5.02442284006311,29.8406479758257,24.7737323767569));
#13594=CARTESIAN_POINT('Ctrl Pts',(4.93555933266172,29.7724548229616,24.7737323767569));
#13595=CARTESIAN_POINT('',(5.65042883186826,30.0889626392763,23.9737323767569));
#13596=CARTESIAN_POINT('Ctrl Pts',(6.46079450874814,30.2649513134401,23.9737323767569));
#13597=CARTESIAN_POINT('Ctrl Pts',(6.46079450874814,30.2649513134401,24.7737323767569));
#13598=CARTESIAN_POINT('Ctrl Pts',(6.36244428005596,30.2414057191993,23.9737323767569));
#13599=CARTESIAN_POINT('Ctrl Pts',(6.36244428005596,30.2414057191993,24.7737323767569));
#13600=CARTESIAN_POINT('Ctrl Pts',(6.09358194024676,30.17703857289,23.9737323767569));
#13601=CARTESIAN_POINT('Ctrl Pts',(6.09358194024676,30.17703857289,24.7737323767569));
#13602=CARTESIAN_POINT('Ctrl Pts',(5.82240736156747,30.1231430822843,23.9737323767569));
#13603=CARTESIAN_POINT('Ctrl Pts',(5.82240736156747,30.1231430822843,24.7737323767569));
#13604=CARTESIAN_POINT('Ctrl Pts',(5.65042883186826,30.0889626392763,23.9737323767569));
#13605=CARTESIAN_POINT('Ctrl Pts',(5.65042883186826,30.0889626392763,24.7737323767569));
#13606=CARTESIAN_POINT('',(6.46079450874814,30.2649513134401,23.9737323767569));
#13607=CARTESIAN_POINT('Ctrl Pts',(5.65042883186826,30.0889626392763,23.9737323767569));
#13608=CARTESIAN_POINT('Ctrl Pts',(5.82240736156747,30.1231430822843,23.9737323767569));
#13609=CARTESIAN_POINT('Ctrl Pts',(6.09358194024676,30.17703857289,23.9737323767569));
#13610=CARTESIAN_POINT('Ctrl Pts',(6.36244428005596,30.2414057191993,23.9737323767569));
#13611=CARTESIAN_POINT('Ctrl Pts',(6.46079450874814,30.2649513134401,23.9737323767569));
#13612=CARTESIAN_POINT('',(6.46079450874814,30.2649513134401,24.7737323767569));
#13613=CARTESIAN_POINT('Ctrl Pts',(6.46079450874814,30.2649513134401,24.7737323767569));
#13614=CARTESIAN_POINT('Ctrl Pts',(6.36244428005596,30.2414057191993,24.7737323767569));
#13615=CARTESIAN_POINT('Ctrl Pts',(6.09358194024676,30.17703857289,24.7737323767569));
#13616=CARTESIAN_POINT('Ctrl Pts',(5.82240736156747,30.1231430822843,24.7737323767569));
#13617=CARTESIAN_POINT('Ctrl Pts',(5.65042883186826,30.0889626392763,24.7737323767569));
#13618=CARTESIAN_POINT('',(6.46079450874814,30.2649513134401,23.9737323767569));
#13619=CARTESIAN_POINT('Ctrl Pts',(6.85370355873594,30.3972843536776,23.9737323767569));
#13620=CARTESIAN_POINT('Ctrl Pts',(6.85370355873594,30.3972843536776,24.7737323767569));
#13621=CARTESIAN_POINT('Ctrl Pts',(6.78672468515373,30.3716454773406,23.9737323767569));
#13622=CARTESIAN_POINT('Ctrl Pts',(6.78672468515373,30.3716454773406,24.7737323767569));
#13623=CARTESIAN_POINT('Ctrl Pts',(6.65754652967393,30.3221973069451,23.9737323767569));
#13624=CARTESIAN_POINT('Ctrl Pts',(6.65754652967393,30.3221973069451,24.7737323767569));
#13625=CARTESIAN_POINT('Ctrl Pts',(6.5247405756471,30.2835567443432,23.9737323767569));
#13626=CARTESIAN_POINT('Ctrl Pts',(6.5247405756471,30.2835567443432,24.7737323767569));
#13627=CARTESIAN_POINT('Ctrl Pts',(6.46079450874814,30.2649513134401,23.9737323767569));
#13628=CARTESIAN_POINT('Ctrl Pts',(6.46079450874814,30.2649513134401,24.7737323767569));
#13629=CARTESIAN_POINT('',(6.85370355873594,30.3972843536776,23.9737323767569));
#13630=CARTESIAN_POINT('Ctrl Pts',(6.46079450874814,30.2649513134401,23.9737323767569));
#13631=CARTESIAN_POINT('Ctrl Pts',(6.5247405756471,30.2835567443432,23.9737323767569));
#13632=CARTESIAN_POINT('Ctrl Pts',(6.65754652967393,30.3221973069451,23.9737323767569));
#13633=CARTESIAN_POINT('Ctrl Pts',(6.78672468515373,30.3716454773406,23.9737323767569));
#13634=CARTESIAN_POINT('Ctrl Pts',(6.85370355873594,30.3972843536776,23.9737323767569));
#13635=CARTESIAN_POINT('',(6.85370355873594,30.3972843536776,24.7737323767569));
#13636=CARTESIAN_POINT('Ctrl Pts',(6.85370355873594,30.3972843536776,24.7737323767569));
#13637=CARTESIAN_POINT('Ctrl Pts',(6.78672468515373,30.3716454773406,24.7737323767569));
#13638=CARTESIAN_POINT('Ctrl Pts',(6.65754652967393,30.3221973069451,24.7737323767569));
#13639=CARTESIAN_POINT('Ctrl Pts',(6.5247405756471,30.2835567443432,24.7737323767569));
#13640=CARTESIAN_POINT('Ctrl Pts',(6.46079450874814,30.2649513134401,24.7737323767569));
#13641=CARTESIAN_POINT('',(6.85370355873594,30.3972843536776,23.9737323767569));
#13642=CARTESIAN_POINT('Ctrl Pts',(6.76911741524228,30.6837788471621,23.9737323767569));
#13643=CARTESIAN_POINT('Ctrl Pts',(6.76911741524228,30.6837788471621,24.7737323767569));
#13644=CARTESIAN_POINT('Ctrl Pts',(6.79364787974619,30.6473720138341,23.9737323767569));
#13645=CARTESIAN_POINT('Ctrl Pts',(6.79364787974619,30.6473720138341,24.7737323767569));
#13646=CARTESIAN_POINT('Ctrl Pts',(6.85144698460439,30.5615896032832,23.9737323767569));
#13647=CARTESIAN_POINT('Ctrl Pts',(6.85144698460439,30.5615896032832,24.7737323767569));
#13648=CARTESIAN_POINT('Ctrl Pts',(6.85287919273192,30.4573079355143,23.9737323767569));
#13649=CARTESIAN_POINT('Ctrl Pts',(6.85287919273192,30.4573079355143,24.7737323767569));
#13650=CARTESIAN_POINT('Ctrl Pts',(6.85370355873594,30.3972843536776,23.9737323767569));
#13651=CARTESIAN_POINT('Ctrl Pts',(6.85370355873594,30.3972843536776,24.7737323767569));
#13652=CARTESIAN_POINT('',(6.76911741524228,30.6837788471621,23.9737323767569));
#13653=CARTESIAN_POINT('Ctrl Pts',(6.85370355873594,30.3972843536776,23.9737323767569));
#13654=CARTESIAN_POINT('Ctrl Pts',(6.85287919273192,30.4573079355143,23.9737323767569));
#13655=CARTESIAN_POINT('Ctrl Pts',(6.85144698460439,30.5615896032832,23.9737323767569));
#13656=CARTESIAN_POINT('Ctrl Pts',(6.79364787974619,30.6473720138341,23.9737323767569));
#13657=CARTESIAN_POINT('Ctrl Pts',(6.76911741524228,30.6837788471621,23.9737323767569));
#13658=CARTESIAN_POINT('',(6.76911741524228,30.6837788471621,24.7737323767569));
#13659=CARTESIAN_POINT('Ctrl Pts',(6.76911741524228,30.6837788471621,24.7737323767569));
#13660=CARTESIAN_POINT('Ctrl Pts',(6.79364787974619,30.6473720138341,24.7737323767569));
#13661=CARTESIAN_POINT('Ctrl Pts',(6.85144698460439,30.5615896032832,24.7737323767569));
#13662=CARTESIAN_POINT('Ctrl Pts',(6.85287919273192,30.4573079355143,24.7737323767569));
#13663=CARTESIAN_POINT('Ctrl Pts',(6.85370355873594,30.3972843536776,24.7737323767569));
#13664=CARTESIAN_POINT('',(6.76911741524228,30.6837788471621,23.9737323767569));
#13665=CARTESIAN_POINT('Ctrl Pts',(6.47170931129941,30.7656339058321,23.9737323767569));
#13666=CARTESIAN_POINT('Ctrl Pts',(6.47170931129941,30.7656339058321,24.7737323767569));
#13667=CARTESIAN_POINT('Ctrl Pts',(6.53387572392355,30.7650234351328,23.9737323767569));
#13668=CARTESIAN_POINT('Ctrl Pts',(6.53387572392355,30.7650234351328,24.7737323767569));
#13669=CARTESIAN_POINT('Ctrl Pts',(6.641086166767,30.763970634573,23.9737323767569));
#13670=CARTESIAN_POINT('Ctrl Pts',(6.641086166767,30.763970634573,24.7737323767569));
#13671=CARTESIAN_POINT('Ctrl Pts',(6.73123975352683,30.7075033474859,23.9737323767569));
#13672=CARTESIAN_POINT('Ctrl Pts',(6.73123975352683,30.7075033474859,24.7737323767569));
#13673=CARTESIAN_POINT('Ctrl Pts',(6.76911741524228,30.6837788471621,23.9737323767569));
#13674=CARTESIAN_POINT('Ctrl Pts',(6.76911741524228,30.6837788471621,24.7737323767569));
#13675=CARTESIAN_POINT('',(6.47170931129941,30.7656339058321,23.9737323767569));
#13676=CARTESIAN_POINT('Ctrl Pts',(6.76911741524228,30.6837788471621,23.9737323767569));
#13677=CARTESIAN_POINT('Ctrl Pts',(6.73123975352683,30.7075033474859,23.9737323767569));
#13678=CARTESIAN_POINT('Ctrl Pts',(6.641086166767,30.763970634573,23.9737323767569));
#13679=CARTESIAN_POINT('Ctrl Pts',(6.53387572392355,30.7650234351328,23.9737323767569));
#13680=CARTESIAN_POINT('Ctrl Pts',(6.47170931129941,30.7656339058321,23.9737323767569));
#13681=CARTESIAN_POINT('',(6.47170931129941,30.7656339058321,24.7737323767569));
#13682=CARTESIAN_POINT('Ctrl Pts',(6.47170931129941,30.7656339058321,24.7737323767569));
#13683=CARTESIAN_POINT('Ctrl Pts',(6.53387572392355,30.7650234351328,24.7737323767569));
#13684=CARTESIAN_POINT('Ctrl Pts',(6.641086166767,30.763970634573,24.7737323767569));
#13685=CARTESIAN_POINT('Ctrl Pts',(6.73123975352683,30.7075033474859,24.7737323767569));
#13686=CARTESIAN_POINT('Ctrl Pts',(6.76911741524228,30.6837788471621,24.7737323767569));
#13687=CARTESIAN_POINT('',(6.47170931129941,30.7656339058321,23.9737323767569));
#13688=CARTESIAN_POINT('Ctrl Pts',(6.06243521004209,30.6783214458864,23.9737323767569));
#13689=CARTESIAN_POINT('Ctrl Pts',(6.06243521004209,30.6783214458864,24.7737323767569));
#13690=CARTESIAN_POINT('Ctrl Pts',(6.11845781032571,30.7036704332183,23.9737323767569));
#13691=CARTESIAN_POINT('Ctrl Pts',(6.11845781032571,30.7036704332183,24.7737323767569));
#13692=CARTESIAN_POINT('Ctrl Pts',(6.24800605071758,30.7622881462117,23.9737323767569));
#13693=CARTESIAN_POINT('Ctrl Pts',(6.24800605071758,30.7622881462117,24.7737323767569));
#13694=CARTESIAN_POINT('Ctrl Pts',(6.39071452561809,30.7644225283909,23.9737323767569));
#13695=CARTESIAN_POINT('Ctrl Pts',(6.39071452561809,30.7644225283909,24.7737323767569));
#13696=CARTESIAN_POINT('Ctrl Pts',(6.47170931129941,30.7656339058321,23.9737323767569));
#13697=CARTESIAN_POINT('Ctrl Pts',(6.47170931129941,30.7656339058321,24.7737323767569));
#13698=CARTESIAN_POINT('',(6.06243521004209,30.6783214458864,23.9737323767569));
#13699=CARTESIAN_POINT('Ctrl Pts',(6.47170931129941,30.7656339058321,23.9737323767569));
#13700=CARTESIAN_POINT('Ctrl Pts',(6.39071452561809,30.7644225283909,23.9737323767569));
#13701=CARTESIAN_POINT('Ctrl Pts',(6.24800605071758,30.7622881462117,23.9737323767569));
#13702=CARTESIAN_POINT('Ctrl Pts',(6.11845781032571,30.7036704332183,23.9737323767569));
#13703=CARTESIAN_POINT('Ctrl Pts',(6.06243521004209,30.6783214458864,23.9737323767569));
#13704=CARTESIAN_POINT('',(6.06243521004209,30.6783214458864,24.7737323767569));
#13705=CARTESIAN_POINT('Ctrl Pts',(6.06243521004209,30.6783214458864,24.7737323767569));
#13706=CARTESIAN_POINT('Ctrl Pts',(6.11845781032571,30.7036704332183,24.7737323767569));
#13707=CARTESIAN_POINT('Ctrl Pts',(6.24800605071758,30.7622881462117,24.7737323767569));
#13708=CARTESIAN_POINT('Ctrl Pts',(6.39071452561809,30.7644225283909,24.7737323767569));
#13709=CARTESIAN_POINT('Ctrl Pts',(6.47170931129941,30.7656339058321,24.7737323767569));
#13710=CARTESIAN_POINT('',(6.06243521004209,30.6783214458864,23.9737323767569));
#13711=CARTESIAN_POINT('Ctrl Pts',(5.89053541450986,30.421841467325,23.9737323767569));
#13712=CARTESIAN_POINT('Ctrl Pts',(5.89053541450986,30.421841467325,24.7737323767569));
#13713=CARTESIAN_POINT('Ctrl Pts',(5.91138040173661,30.4776675841541,23.9737323767569));
#13714=CARTESIAN_POINT('Ctrl Pts',(5.91138040173661,30.4776675841541,24.7737323767569));
#13715=CARTESIAN_POINT('Ctrl Pts',(5.94856008553271,30.5772405581593,23.9737323767569));
#13716=CARTESIAN_POINT('Ctrl Pts',(5.94856008553271,30.5772405581593,24.7737323767569));
#13717=CARTESIAN_POINT('Ctrl Pts',(6.02767603703186,30.6474675778474,23.9737323767569));
#13718=CARTESIAN_POINT('Ctrl Pts',(6.02767603703186,30.6474675778474,24.7737323767569));
#13719=CARTESIAN_POINT('Ctrl Pts',(6.06243521004209,30.6783214458864,23.9737323767569));
#13720=CARTESIAN_POINT('Ctrl Pts',(6.06243521004209,30.6783214458864,24.7737323767569));
#13721=CARTESIAN_POINT('Ctrl Pts',(6.06243521004209,30.6783214458864,23.9737323767569));
#13722=CARTESIAN_POINT('Ctrl Pts',(6.02767603703186,30.6474675778474,23.9737323767569));
#13723=CARTESIAN_POINT('Ctrl Pts',(5.94856008553271,30.5772405581593,23.9737323767569));
#13724=CARTESIAN_POINT('Ctrl Pts',(5.91138040173661,30.4776675841541,23.9737323767569));
#13725=CARTESIAN_POINT('Ctrl Pts',(5.89053541450986,30.421841467325,23.9737323767569));
#13726=CARTESIAN_POINT('Ctrl Pts',(5.89053541450986,30.421841467325,24.7737323767569));
#13727=CARTESIAN_POINT('Ctrl Pts',(5.91138040173661,30.4776675841541,24.7737323767569));
#13728=CARTESIAN_POINT('Ctrl Pts',(5.94856008553271,30.5772405581593,24.7737323767569));
#13729=CARTESIAN_POINT('Ctrl Pts',(6.02767603703186,30.6474675778474,24.7737323767569));
#13730=CARTESIAN_POINT('Ctrl Pts',(6.06243521004209,30.6783214458864,24.7737323767569));
#13731=CARTESIAN_POINT('Origin',(0.245244205288975,33.814747209255,24.7737323767569));
#13732=CARTESIAN_POINT('Origin',(0.245244205288975,33.814747209255,23.9737323767569));
#13733=CARTESIAN_POINT('Origin',(13.4839907291461,32.4627688774507,23.9737323767569));
#13734=CARTESIAN_POINT('',(12.3707571628619,32.4627688774507,23.9737323767569));
#13735=CARTESIAN_POINT('',(13.4839907291461,32.4627688774507,23.9737323767569));
#13736=CARTESIAN_POINT('',(12.3707571628619,32.4627688774507,23.9737323767569));
#13737=CARTESIAN_POINT('',(12.3707571628619,32.4627688774507,24.7737323767569));
#13738=CARTESIAN_POINT('',(12.3707571628619,32.4627688774507,23.9737323767569));
#13739=CARTESIAN_POINT('',(13.4839907291461,32.4627688774507,24.7737323767569));
#13740=CARTESIAN_POINT('',(12.3707571628619,32.4627688774507,24.7737323767569));
#13741=CARTESIAN_POINT('',(13.4839907291461,32.4627688774507,23.9737323767569));
#13742=CARTESIAN_POINT('Origin',(13.4839907291461,28.4627691158693,23.9737323767569));
#13743=CARTESIAN_POINT('',(13.4839907291461,28.4627691158693,23.9737323767569));
#13744=CARTESIAN_POINT('',(13.4839907291461,32.4627688774507,23.9737323767569));
#13745=CARTESIAN_POINT('',(13.4839907291461,28.4627691158693,24.7737323767569));
#13746=CARTESIAN_POINT('',(13.4839907291461,32.4627688774507,24.7737323767569));
#13747=CARTESIAN_POINT('',(13.4839907291461,28.4627691158693,23.9737323767569));
#13748=CARTESIAN_POINT('Origin',(12.3707571628619,28.4627691158693,23.9737323767569));
#13749=CARTESIAN_POINT('',(12.3707571628619,28.4627691158693,23.9737323767569));
#13750=CARTESIAN_POINT('',(13.4839907291461,28.4627691158693,23.9737323767569));
#13751=CARTESIAN_POINT('',(12.3707571628619,28.4627691158693,24.7737323767569));
#13752=CARTESIAN_POINT('',(13.4839907291461,28.4627691158693,24.7737323767569));
#13753=CARTESIAN_POINT('',(12.3707571628619,28.4627691158693,23.9737323767569));
#13754=CARTESIAN_POINT('Origin',(12.3707571628619,32.4627688774507,23.9737323767569));
#13755=CARTESIAN_POINT('',(12.3707571628619,28.4627691158693,23.9737323767569));
#13756=CARTESIAN_POINT('',(12.3707571628619,28.4627691158693,24.7737323767569));
#13757=CARTESIAN_POINT('Origin',(0.245244205288975,33.814747209255,24.7737323767569));
#13758=CARTESIAN_POINT('Origin',(0.245244205288975,33.814747209255,23.9737323767569));
#13759=CARTESIAN_POINT('Ctrl Pts',(10.5194607379962,30.6292084106844,23.9737323767569));
#13760=CARTESIAN_POINT('Ctrl Pts',(10.5194607379962,30.6292084106844,24.7737323767569));
#13761=CARTESIAN_POINT('Ctrl Pts',(10.5622225486447,30.5695588383605,23.9737323767569));
#13762=CARTESIAN_POINT('Ctrl Pts',(10.5622225486447,30.5695588383605,24.7737323767569));
#13763=CARTESIAN_POINT('Ctrl Pts',(10.6606912233589,30.4322022988471,23.9737323767569));
#13764=CARTESIAN_POINT('Ctrl Pts',(10.6606912233589,30.4322022988471,24.7737323767569));
#13765=CARTESIAN_POINT('Ctrl Pts',(10.6811470225886,30.2635186867599,23.9737323767569));
#13766=CARTESIAN_POINT('Ctrl Pts',(10.6811470225886,30.2635186867599,24.7737323767569));
#13767=CARTESIAN_POINT('Ctrl Pts',(10.6927195194293,30.1680889973085,23.9737323767569));
#13768=CARTESIAN_POINT('Ctrl Pts',(10.6927195194293,30.1680889973085,24.7737323767569));
#13769=CARTESIAN_POINT('',(10.6927195194293,30.1680889973085,23.9737323767569));
#13770=CARTESIAN_POINT('',(10.5194607379962,30.6292084106844,23.9737323767569));
#13771=CARTESIAN_POINT('Ctrl Pts',(10.6927195194293,30.1680889973085,23.9737323767569));
#13772=CARTESIAN_POINT('Ctrl Pts',(10.6811470225886,30.2635186867599,23.9737323767569));
#13773=CARTESIAN_POINT('Ctrl Pts',(10.6606912233589,30.4322022988471,23.9737323767569));
#13774=CARTESIAN_POINT('Ctrl Pts',(10.5622225486447,30.5695588383605,23.9737323767569));
#13775=CARTESIAN_POINT('Ctrl Pts',(10.5194607379962,30.6292084106844,23.9737323767569));
#13776=CARTESIAN_POINT('',(10.6927195194293,30.1680889973085,24.7737323767569));
#13777=CARTESIAN_POINT('',(10.6927195194293,30.1680889973085,23.9737323767569));
#13778=CARTESIAN_POINT('',(10.5194607379962,30.6292084106844,24.7737323767569));
#13779=CARTESIAN_POINT('Ctrl Pts',(10.5194607379962,30.6292084106844,24.7737323767569));
#13780=CARTESIAN_POINT('Ctrl Pts',(10.5622225486447,30.5695588383605,24.7737323767569));
#13781=CARTESIAN_POINT('Ctrl Pts',(10.6606912233589,30.4322022988471,24.7737323767569));
#13782=CARTESIAN_POINT('Ctrl Pts',(10.6811470225886,30.2635186867599,24.7737323767569));
#13783=CARTESIAN_POINT('Ctrl Pts',(10.6927195194293,30.1680889973085,24.7737323767569));
#13784=CARTESIAN_POINT('',(10.5194607379962,30.6292084106844,23.9737323767569));
#13785=CARTESIAN_POINT('Ctrl Pts',(10.1497450473834,30.7683626064699,23.9737323767569));
#13786=CARTESIAN_POINT('Ctrl Pts',(10.1497450473834,30.7683626064699,24.7737323767569));
#13787=CARTESIAN_POINT('Ctrl Pts',(10.2213864088713,30.7635836221491,23.9737323767569));
#13788=CARTESIAN_POINT('Ctrl Pts',(10.2213864088713,30.7635836221491,24.7737323767569));
#13789=CARTESIAN_POINT('Ctrl Pts',(10.3589886690132,30.7544045804605,23.9737323767569));
#13790=CARTESIAN_POINT('Ctrl Pts',(10.3589886690132,30.7544045804605,24.7737323767569));
#13791=CARTESIAN_POINT('Ctrl Pts',(10.4674627146721,30.669775927495,23.9737323767569));
#13792=CARTESIAN_POINT('Ctrl Pts',(10.4674627146721,30.669775927495,24.7737323767569));
#13793=CARTESIAN_POINT('Ctrl Pts',(10.5194607379962,30.6292084106844,23.9737323767569));
#13794=CARTESIAN_POINT('Ctrl Pts',(10.5194607379962,30.6292084106844,24.7737323767569));
#13795=CARTESIAN_POINT('',(10.1497450473834,30.7683626064699,23.9737323767569));
#13796=CARTESIAN_POINT('Ctrl Pts',(10.5194607379962,30.6292084106844,23.9737323767569));
#13797=CARTESIAN_POINT('Ctrl Pts',(10.4674627146721,30.669775927495,23.9737323767569));
#13798=CARTESIAN_POINT('Ctrl Pts',(10.3589886690132,30.7544045804605,23.9737323767569));
#13799=CARTESIAN_POINT('Ctrl Pts',(10.2213864088713,30.7635836221491,23.9737323767569));
#13800=CARTESIAN_POINT('Ctrl Pts',(10.1497450473834,30.7683626064699,23.9737323767569));
#13801=CARTESIAN_POINT('',(10.1497450473834,30.7683626064699,24.7737323767569));
#13802=CARTESIAN_POINT('Ctrl Pts',(10.1497450473834,30.7683626064699,24.7737323767569));
#13803=CARTESIAN_POINT('Ctrl Pts',(10.2213864088713,30.7635836221491,24.7737323767569));
#13804=CARTESIAN_POINT('Ctrl Pts',(10.3589886690132,30.7544045804605,24.7737323767569));
#13805=CARTESIAN_POINT('Ctrl Pts',(10.4674627146721,30.669775927495,24.7737323767569));
#13806=CARTESIAN_POINT('Ctrl Pts',(10.5194607379962,30.6292084106844,24.7737323767569));
#13807=CARTESIAN_POINT('',(10.1497450473834,30.7683626064699,23.9737323767569));
#13808=CARTESIAN_POINT('Ctrl Pts',(9.72682863502988,30.5582669624727,23.9737323767569));
#13809=CARTESIAN_POINT('Ctrl Pts',(9.72682863502988,30.5582669624727,24.7737323767569));
#13810=CARTESIAN_POINT('Ctrl Pts',(9.78409338126757,30.6195449495365,23.9737323767569));
#13811=CARTESIAN_POINT('Ctrl Pts',(9.78409338126757,30.6195449495365,24.7737323767569));
#13812=CARTESIAN_POINT('Ctrl Pts',(9.89883177903493,30.7423244695036,23.9737323767569));
#13813=CARTESIAN_POINT('Ctrl Pts',(9.89883177903493,30.7423244695036,24.7737323767569));
#13814=CARTESIAN_POINT('Ctrl Pts',(10.0660058328041,30.7596726987858,23.9737323767569));
#13815=CARTESIAN_POINT('Ctrl Pts',(10.0660058328041,30.7596726987858,24.7737323767569));
#13816=CARTESIAN_POINT('Ctrl Pts',(10.1497450473834,30.7683626064699,23.9737323767569));
#13817=CARTESIAN_POINT('Ctrl Pts',(10.1497450473834,30.7683626064699,24.7737323767569));
#13818=CARTESIAN_POINT('',(9.72682863502988,30.5582669624727,23.9737323767569));
#13819=CARTESIAN_POINT('Ctrl Pts',(10.1497450473834,30.7683626064699,23.9737323767569));
#13820=CARTESIAN_POINT('Ctrl Pts',(10.0660058328041,30.7596726987858,23.9737323767569));
#13821=CARTESIAN_POINT('Ctrl Pts',(9.89883177903493,30.7423244695036,23.9737323767569));
#13822=CARTESIAN_POINT('Ctrl Pts',(9.78409338126757,30.6195449495365,23.9737323767569));
#13823=CARTESIAN_POINT('Ctrl Pts',(9.72682863502988,30.5582669624727,23.9737323767569));
#13824=CARTESIAN_POINT('',(9.72682863502988,30.5582669624727,24.7737323767569));
#13825=CARTESIAN_POINT('Ctrl Pts',(9.72682863502988,30.5582669624727,24.7737323767569));
#13826=CARTESIAN_POINT('Ctrl Pts',(9.78409338126757,30.6195449495365,24.7737323767569));
#13827=CARTESIAN_POINT('Ctrl Pts',(9.89883177903493,30.7423244695036,24.7737323767569));
#13828=CARTESIAN_POINT('Ctrl Pts',(10.0660058328041,30.7596726987858,24.7737323767569));
#13829=CARTESIAN_POINT('Ctrl Pts',(10.1497450473834,30.7683626064699,24.7737323767569));
#13830=CARTESIAN_POINT('',(9.72682863502988,30.5582669624727,23.9737323767569));
#13831=CARTESIAN_POINT('Ctrl Pts',(9.59858804970273,30.1680889973085,23.9737323767569));
#13832=CARTESIAN_POINT('Ctrl Pts',(9.59858804970273,30.1680889973085,24.7737323767569));
#13833=CARTESIAN_POINT('Ctrl Pts',(9.60833008194113,30.245708773016,23.9737323767569));
#13834=CARTESIAN_POINT('Ctrl Pts',(9.60833008194113,30.245708773016,24.7737323767569));
#13835=CARTESIAN_POINT('Ctrl Pts',(9.62575518020244,30.3845434828205,23.9737323767569));
#13836=CARTESIAN_POINT('Ctrl Pts',(9.62575518020244,30.3845434828205,24.7737323767569));
#13837=CARTESIAN_POINT('Ctrl Pts',(9.69590028766795,30.5051078008236,23.9737323767569));
#13838=CARTESIAN_POINT('Ctrl Pts',(9.69590028766795,30.5051078008236,24.7737323767569));
#13839=CARTESIAN_POINT('Ctrl Pts',(9.72682863502988,30.5582669624727,23.9737323767569));
#13840=CARTESIAN_POINT('Ctrl Pts',(9.72682863502988,30.5582669624727,24.7737323767569));
#13841=CARTESIAN_POINT('',(9.59858804970273,30.1680889973085,23.9737323767569));
#13842=CARTESIAN_POINT('Ctrl Pts',(9.72682863502988,30.5582669624727,23.9737323767569));
#13843=CARTESIAN_POINT('Ctrl Pts',(9.69590028766795,30.5051078008236,23.9737323767569));
#13844=CARTESIAN_POINT('Ctrl Pts',(9.62575518020244,30.3845434828205,23.9737323767569));
#13845=CARTESIAN_POINT('Ctrl Pts',(9.60833008194113,30.245708773016,23.9737323767569));
#13846=CARTESIAN_POINT('Ctrl Pts',(9.59858804970273,30.1680889973085,23.9737323767569));
#13847=CARTESIAN_POINT('',(9.59858804970273,30.1680889973085,24.7737323767569));
#13848=CARTESIAN_POINT('Ctrl Pts',(9.59858804970273,30.1680889973085,24.7737323767569));
#13849=CARTESIAN_POINT('Ctrl Pts',(9.60833008194113,30.245708773016,24.7737323767569));
#13850=CARTESIAN_POINT('Ctrl Pts',(9.62575518020244,30.3845434828205,24.7737323767569));
#13851=CARTESIAN_POINT('Ctrl Pts',(9.69590028766795,30.5051078008236,24.7737323767569));
#13852=CARTESIAN_POINT('Ctrl Pts',(9.72682863502988,30.5582669624727,24.7737323767569));
#13853=CARTESIAN_POINT('',(9.59858804970273,30.1680889973085,23.9737323767569));
#13854=CARTESIAN_POINT('Origin',(10.6927195194293,30.1680889973085,23.9737323767569));
#13855=CARTESIAN_POINT('',(9.59858804970273,30.1680889973085,23.9737323767569));
#13856=CARTESIAN_POINT('',(9.59858804970273,30.1680889973085,24.7737323767569));
#13857=CARTESIAN_POINT('Origin',(9.59585577278623,29.6360293278139,23.9737323767569));
#13858=CARTESIAN_POINT('',(11.8223229053546,29.6360293278139,23.9737323767569));
#13859=CARTESIAN_POINT('',(9.59585577278623,29.6360293278139,23.9737323767569));
#13860=CARTESIAN_POINT('',(11.8223229053546,29.6360293278139,23.9737323767569));
#13861=CARTESIAN_POINT('',(11.8223229053546,29.6360293278139,24.7737323767569));
#13862=CARTESIAN_POINT('',(11.8223229053546,29.6360293278139,23.9737323767569));
#13863=CARTESIAN_POINT('',(9.59585577278623,29.6360293278139,24.7737323767569));
#13864=CARTESIAN_POINT('',(11.8223229053546,29.6360293278139,24.7737323767569));
#13865=CARTESIAN_POINT('',(9.59585577278623,29.6360293278139,23.9737323767569));
#13866=CARTESIAN_POINT('Ctrl Pts',(9.74047094612607,29.2376664528292,23.9737323767569));
#13867=CARTESIAN_POINT('Ctrl Pts',(9.74047094612607,29.2376664528292,24.7737323767569));
#13868=CARTESIAN_POINT('Ctrl Pts',(9.70542324798703,29.2912001513605,23.9737323767569));
#13869=CARTESIAN_POINT('Ctrl Pts',(9.70542324798703,29.2912001513605,24.7737323767569));
#13870=CARTESIAN_POINT('Ctrl Pts',(9.62624877707473,29.4121354048081,23.9737323767569));
#13871=CARTESIAN_POINT('Ctrl Pts',(9.62624877707473,29.4121354048081,24.7737323767569));
#13872=CARTESIAN_POINT('Ctrl Pts',(9.60673275305056,29.5559026723928,23.9737323767569));
#13873=CARTESIAN_POINT('Ctrl Pts',(9.60673275305056,29.5559026723928,24.7737323767569));
#13874=CARTESIAN_POINT('Ctrl Pts',(9.59585577278623,29.6360293278139,23.9737323767569));
#13875=CARTESIAN_POINT('Ctrl Pts',(9.59585577278623,29.6360293278139,24.7737323767569));
#13876=CARTESIAN_POINT('',(9.74047094612607,29.2376664528292,23.9737323767569));
#13877=CARTESIAN_POINT('Ctrl Pts',(9.59585577278623,29.6360293278139,23.9737323767569));
#13878=CARTESIAN_POINT('Ctrl Pts',(9.60673275305056,29.5559026723928,23.9737323767569));
#13879=CARTESIAN_POINT('Ctrl Pts',(9.62624877707473,29.4121354048081,23.9737323767569));
#13880=CARTESIAN_POINT('Ctrl Pts',(9.70542324798703,29.2912001513605,23.9737323767569));
#13881=CARTESIAN_POINT('Ctrl Pts',(9.74047094612607,29.2376664528292,23.9737323767569));
#13882=CARTESIAN_POINT('',(9.74047094612607,29.2376664528292,24.7737323767569));
#13883=CARTESIAN_POINT('Ctrl Pts',(9.74047094612607,29.2376664528292,24.7737323767569));
#13884=CARTESIAN_POINT('Ctrl Pts',(9.70542324798703,29.2912001513605,24.7737323767569));
#13885=CARTESIAN_POINT('Ctrl Pts',(9.62624877707473,29.4121354048081,24.7737323767569));
#13886=CARTESIAN_POINT('Ctrl Pts',(9.60673275305056,29.5559026723928,24.7737323767569));
#13887=CARTESIAN_POINT('Ctrl Pts',(9.59585577278623,29.6360293278139,24.7737323767569));
#13888=CARTESIAN_POINT('',(9.74047094612607,29.2376664528292,23.9737323767569));
#13889=CARTESIAN_POINT('Ctrl Pts',(10.1606598499347,29.0493992218416,23.9737323767569));
#13890=CARTESIAN_POINT('Ctrl Pts',(10.1606598499347,29.0493992218416,24.7737323767569));
#13891=CARTESIAN_POINT('Ctrl Pts',(10.078710802665,29.0568255688769,23.9737323767569));
#13892=CARTESIAN_POINT('Ctrl Pts',(10.078710802665,29.0568255688769,24.7737323767569));
#13893=CARTESIAN_POINT('Ctrl Pts',(9.91692508985762,29.0714868357091,23.9737323767569));
#13894=CARTESIAN_POINT('Ctrl Pts',(9.91692508985762,29.0714868357091,24.7737323767569));
#13895=CARTESIAN_POINT('Ctrl Pts',(9.79877477771787,29.1827575217853,23.9737323767569));
#13896=CARTESIAN_POINT('Ctrl Pts',(9.79877477771787,29.1827575217853,24.7737323767569));
#13897=CARTESIAN_POINT('Ctrl Pts',(9.74047094612607,29.2376664528292,23.9737323767569));
#13898=CARTESIAN_POINT('Ctrl Pts',(9.74047094612607,29.2376664528292,24.7737323767569));
#13899=CARTESIAN_POINT('',(10.1606598499347,29.0493992218416,23.9737323767569));
#13900=CARTESIAN_POINT('Ctrl Pts',(9.74047094612607,29.2376664528292,23.9737323767569));
#13901=CARTESIAN_POINT('Ctrl Pts',(9.79877477771787,29.1827575217853,23.9737323767569));
#13902=CARTESIAN_POINT('Ctrl Pts',(9.91692508985762,29.0714868357091,23.9737323767569));
#13903=CARTESIAN_POINT('Ctrl Pts',(10.078710802665,29.0568255688769,23.9737323767569));
#13904=CARTESIAN_POINT('Ctrl Pts',(10.1606598499347,29.0493992218416,23.9737323767569));
#13905=CARTESIAN_POINT('',(10.1606598499347,29.0493992218416,24.7737323767569));
#13906=CARTESIAN_POINT('Ctrl Pts',(10.1606598499347,29.0493992218416,24.7737323767569));
#13907=CARTESIAN_POINT('Ctrl Pts',(10.078710802665,29.0568255688769,24.7737323767569));
#13908=CARTESIAN_POINT('Ctrl Pts',(9.91692508985762,29.0714868357091,24.7737323767569));
#13909=CARTESIAN_POINT('Ctrl Pts',(9.79877477771787,29.1827575217853,24.7737323767569));
#13910=CARTESIAN_POINT('Ctrl Pts',(9.74047094612607,29.2376664528292,24.7737323767569));
#13911=CARTESIAN_POINT('',(10.1606598499347,29.0493992218416,23.9737323767569));
#13912=CARTESIAN_POINT('Ctrl Pts',(10.4717102649737,29.1312542805117,23.9737323767569));
#13913=CARTESIAN_POINT('Ctrl Pts',(10.4717102649737,29.1312542805117,24.7737323767569));
#13914=CARTESIAN_POINT('Ctrl Pts',(10.4221268567669,29.1073807386246,23.9737323767569));
#13915=CARTESIAN_POINT('Ctrl Pts',(10.4221268567669,29.1073807386246,24.7737323767569));
#13916=CARTESIAN_POINT('Ctrl Pts',(10.3237116315805,29.0599955328516,23.9737323767569));
#13917=CARTESIAN_POINT('Ctrl Pts',(10.3237116315805,29.0599955328516,24.7737323767569));
#13918=CARTESIAN_POINT('Ctrl Pts',(10.2147330227632,29.0529132966392,23.9737323767569));
#13919=CARTESIAN_POINT('Ctrl Pts',(10.2147330227632,29.0529132966392,24.7737323767569));
#13920=CARTESIAN_POINT('Ctrl Pts',(10.1606598499347,29.0493992218416,23.9737323767569));
#13921=CARTESIAN_POINT('Ctrl Pts',(10.1606598499347,29.0493992218416,24.7737323767569));
#13922=CARTESIAN_POINT('',(10.4717102649737,29.1312542805117,23.9737323767569));
#13923=CARTESIAN_POINT('Ctrl Pts',(10.1606598499347,29.0493992218416,23.9737323767569));
#13924=CARTESIAN_POINT('Ctrl Pts',(10.2147330227632,29.0529132966392,23.9737323767569));
#13925=CARTESIAN_POINT('Ctrl Pts',(10.3237116315805,29.0599955328516,23.9737323767569));
#13926=CARTESIAN_POINT('Ctrl Pts',(10.4221268567669,29.1073807386246,23.9737323767569));
#13927=CARTESIAN_POINT('Ctrl Pts',(10.4717102649737,29.1312542805117,23.9737323767569));
#13928=CARTESIAN_POINT('',(10.4717102649737,29.1312542805117,24.7737323767569));
#13929=CARTESIAN_POINT('Ctrl Pts',(10.4717102649737,29.1312542805117,24.7737323767569));
#13930=CARTESIAN_POINT('Ctrl Pts',(10.4221268567669,29.1073807386246,24.7737323767569));
#13931=CARTESIAN_POINT('Ctrl Pts',(10.3237116315805,29.0599955328516,24.7737323767569));
#13932=CARTESIAN_POINT('Ctrl Pts',(10.2147330227632,29.0529132966392,24.7737323767569));
#13933=CARTESIAN_POINT('Ctrl Pts',(10.1606598499347,29.0493992218416,24.7737323767569));
#13934=CARTESIAN_POINT('',(10.4717102649737,29.1312542805117,23.9737323767569));
#13935=CARTESIAN_POINT('Ctrl Pts',(10.6654348972369,29.3140653023165,23.9737323767569));
#13936=CARTESIAN_POINT('Ctrl Pts',(10.6654348972369,29.3140653023165,24.7737323767569));
#13937=CARTESIAN_POINT('Ctrl Pts',(10.6337420322585,29.27512669567,23.9737323767569));
#13938=CARTESIAN_POINT('Ctrl Pts',(10.6337420322585,29.27512669567,24.7737323767569));
#13939=CARTESIAN_POINT('Ctrl Pts',(10.577126523599,29.2055675370617,23.9737323767569));
#13940=CARTESIAN_POINT('Ctrl Pts',(10.577126523599,29.2055675370617,24.7737323767569));
#13941=CARTESIAN_POINT('Ctrl Pts',(10.503931400436,29.1539685898333,23.9737323767569));
#13942=CARTESIAN_POINT('Ctrl Pts',(10.503931400436,29.1539685898333,24.7737323767569));
#13943=CARTESIAN_POINT('Ctrl Pts',(10.4717102649737,29.1312542805117,23.9737323767569));
#13944=CARTESIAN_POINT('Ctrl Pts',(10.4717102649737,29.1312542805117,24.7737323767569));
#13945=CARTESIAN_POINT('',(10.6654348972369,29.3140653023165,23.9737323767569));
#13946=CARTESIAN_POINT('Ctrl Pts',(10.4717102649737,29.1312542805117,23.9737323767569));
#13947=CARTESIAN_POINT('Ctrl Pts',(10.503931400436,29.1539685898333,23.9737323767569));
#13948=CARTESIAN_POINT('Ctrl Pts',(10.577126523599,29.2055675370617,23.9737323767569));
#13949=CARTESIAN_POINT('Ctrl Pts',(10.6337420322585,29.27512669567,23.9737323767569));
#13950=CARTESIAN_POINT('Ctrl Pts',(10.6654348972369,29.3140653023165,23.9737323767569));
#13951=CARTESIAN_POINT('',(10.6654348972369,29.3140653023165,24.7737323767569));
#13952=CARTESIAN_POINT('Ctrl Pts',(10.6654348972369,29.3140653023165,24.7737323767569));
#13953=CARTESIAN_POINT('Ctrl Pts',(10.6337420322585,29.27512669567,24.7737323767569));
#13954=CARTESIAN_POINT('Ctrl Pts',(10.577126523599,29.2055675370617,24.7737323767569));
#13955=CARTESIAN_POINT('Ctrl Pts',(10.503931400436,29.1539685898333,24.7737323767569));
#13956=CARTESIAN_POINT('Ctrl Pts',(10.4717102649737,29.1312542805117,24.7737323767569));
#13957=CARTESIAN_POINT('',(10.6654348972369,29.3140653023165,23.9737323767569));
#13958=CARTESIAN_POINT('Origin',(11.7595711353351,29.2131105312746,23.9737323767569));
#13959=CARTESIAN_POINT('',(11.7595711353351,29.2131105312746,23.9737323767569));
#13960=CARTESIAN_POINT('',(10.6654348972369,29.3140653023165,23.9737323767569));
#13961=CARTESIAN_POINT('',(11.7595711353351,29.2131105312746,24.7737323767569));
#13962=CARTESIAN_POINT('',(10.6654348972369,29.3140653023165,24.7737323767569));
#13963=CARTESIAN_POINT('',(11.7595711353351,29.2131105312746,23.9737323767569));
#13964=CARTESIAN_POINT('Ctrl Pts',(11.153840124898,28.5869160541933,23.9737323767569));
#13965=CARTESIAN_POINT('Ctrl Pts',(11.153840124898,28.5869160541933,24.7737323767569));
#13966=CARTESIAN_POINT('Ctrl Pts',(11.2699291451004,28.6643155818253,23.9737323767569));
#13967=CARTESIAN_POINT('Ctrl Pts',(11.2699291451004,28.6643155818253,24.7737323767569));
#13968=CARTESIAN_POINT('Ctrl Pts',(11.5167438041729,28.828873246207,23.9737323767569));
#13969=CARTESIAN_POINT('Ctrl Pts',(11.5167438041729,28.828873246207,24.7737323767569));
#13970=CARTESIAN_POINT('Ctrl Pts',(11.6754906857134,29.080066019624,23.9737323767569));
#13971=CARTESIAN_POINT('Ctrl Pts',(11.6754906857134,29.080066019624,24.7737323767569));
#13972=CARTESIAN_POINT('Ctrl Pts',(11.7595711353351,29.2131105312746,23.9737323767569));
#13973=CARTESIAN_POINT('Ctrl Pts',(11.7595711353351,29.2131105312746,24.7737323767569));
#13974=CARTESIAN_POINT('',(11.153840124898,28.5869160541933,23.9737323767569));
#13975=CARTESIAN_POINT('Ctrl Pts',(11.7595711353351,29.2131105312746,23.9737323767569));
#13976=CARTESIAN_POINT('Ctrl Pts',(11.6754906857134,29.080066019624,23.9737323767569));
#13977=CARTESIAN_POINT('Ctrl Pts',(11.5167438041729,28.828873246207,23.9737323767569));
#13978=CARTESIAN_POINT('Ctrl Pts',(11.2699291451004,28.6643155818253,23.9737323767569));
#13979=CARTESIAN_POINT('Ctrl Pts',(11.153840124898,28.5869160541933,23.9737323767569));
#13980=CARTESIAN_POINT('',(11.153840124898,28.5869160541933,24.7737323767569));
#13981=CARTESIAN_POINT('Ctrl Pts',(11.153840124898,28.5869160541933,24.7737323767569));
#13982=CARTESIAN_POINT('Ctrl Pts',(11.2699291451004,28.6643155818253,24.7737323767569));
#13983=CARTESIAN_POINT('Ctrl Pts',(11.5167438041729,28.828873246207,24.7737323767569));
#13984=CARTESIAN_POINT('Ctrl Pts',(11.6754906857134,29.080066019624,24.7737323767569));
#13985=CARTESIAN_POINT('Ctrl Pts',(11.7595711353351,29.2131105312746,24.7737323767569));
#13986=CARTESIAN_POINT('',(11.153840124898,28.5869160541933,23.9737323767569));
#13987=CARTESIAN_POINT('Ctrl Pts',(10.1361027362872,28.3972850689333,23.9737323767569));
#13988=CARTESIAN_POINT('Ctrl Pts',(10.1361027362872,28.3972850689333,24.7737323767569));
#13989=CARTESIAN_POINT('Ctrl Pts',(10.3340118506259,28.4002580869796,23.9737323767569));
#13990=CARTESIAN_POINT('Ctrl Pts',(10.3340118506259,28.4002580869796,24.7737323767569));
#13991=CARTESIAN_POINT('Ctrl Pts',(10.6849697581184,28.4055302251322,23.9737323767569));
#13992=CARTESIAN_POINT('Ctrl Pts',(10.6849697581184,28.4055302251322,24.7737323767569));
#13993=CARTESIAN_POINT('Ctrl Pts',(11.0114609785708,28.5318356709416,23.9737323767569));
#13994=CARTESIAN_POINT('Ctrl Pts',(11.0114609785708,28.5318356709416,24.7737323767569));
#13995=CARTESIAN_POINT('Ctrl Pts',(11.153840124898,28.5869160541933,23.9737323767569));
#13996=CARTESIAN_POINT('Ctrl Pts',(11.153840124898,28.5869160541933,24.7737323767569));
#13997=CARTESIAN_POINT('',(10.1361027362872,28.3972850689333,23.9737323767569));
#13998=CARTESIAN_POINT('Ctrl Pts',(11.153840124898,28.5869160541933,23.9737323767569));
#13999=CARTESIAN_POINT('Ctrl Pts',(11.0114609785708,28.5318356709416,23.9737323767569));
#14000=CARTESIAN_POINT('Ctrl Pts',(10.6849697581184,28.4055302251322,23.9737323767569));
#14001=CARTESIAN_POINT('Ctrl Pts',(10.3340118506259,28.4002580869796,23.9737323767569));
#14002=CARTESIAN_POINT('Ctrl Pts',(10.1361027362872,28.3972850689333,23.9737323767569));
#14003=CARTESIAN_POINT('',(10.1361027362872,28.3972850689333,24.7737323767569));
#14004=CARTESIAN_POINT('Ctrl Pts',(10.1361027362872,28.3972850689333,24.7737323767569));
#14005=CARTESIAN_POINT('Ctrl Pts',(10.3340118506259,28.4002580869796,24.7737323767569));
#14006=CARTESIAN_POINT('Ctrl Pts',(10.6849697581184,28.4055302251322,24.7737323767569));
#14007=CARTESIAN_POINT('Ctrl Pts',(11.0114609785708,28.5318356709416,24.7737323767569));
#14008=CARTESIAN_POINT('Ctrl Pts',(11.153840124898,28.5869160541933,24.7737323767569));
#14009=CARTESIAN_POINT('',(10.1361027362872,28.3972850689333,23.9737323767569));
#14010=CARTESIAN_POINT('Ctrl Pts',(9.2302361133624,28.5596314320009,23.9737323767569));
#14011=CARTESIAN_POINT('Ctrl Pts',(9.2302361133624,28.5596314320009,24.7737323767569));
#14012=CARTESIAN_POINT('Ctrl Pts',(9.35947916331856,28.5124388829084,23.9737323767569));
#14013=CARTESIAN_POINT('Ctrl Pts',(9.35947916331856,28.5124388829084,24.7737323767569));
#14014=CARTESIAN_POINT('Ctrl Pts',(9.65133970746191,28.4058672485937,23.9737323767569));
#14015=CARTESIAN_POINT('Ctrl Pts',(9.65133970746191,28.4058672485937,24.7737323767569));
#14016=CARTESIAN_POINT('Ctrl Pts',(9.96264892251935,28.4003558719938,23.9737323767569));
#14017=CARTESIAN_POINT('Ctrl Pts',(9.96264892251935,28.4003558719938,24.7737323767569));
#14018=CARTESIAN_POINT('Ctrl Pts',(10.1361027362872,28.3972850689333,23.9737323767569));
#14019=CARTESIAN_POINT('Ctrl Pts',(10.1361027362872,28.3972850689333,24.7737323767569));
#14020=CARTESIAN_POINT('',(9.2302361133624,28.5596314320009,23.9737323767569));
#14021=CARTESIAN_POINT('Ctrl Pts',(10.1361027362872,28.3972850689333,23.9737323767569));
#14022=CARTESIAN_POINT('Ctrl Pts',(9.96264892251935,28.4003558719938,23.9737323767569));
#14023=CARTESIAN_POINT('Ctrl Pts',(9.65133970746191,28.4058672485937,23.9737323767569));
#14024=CARTESIAN_POINT('Ctrl Pts',(9.35947916331856,28.5124388829084,23.9737323767569));
#14025=CARTESIAN_POINT('Ctrl Pts',(9.2302361133624,28.5596314320009,23.9737323767569));
#14026=CARTESIAN_POINT('',(9.2302361133624,28.5596314320009,24.7737323767569));
#14027=CARTESIAN_POINT('Ctrl Pts',(9.2302361133624,28.5596314320009,24.7737323767569));
#14028=CARTESIAN_POINT('Ctrl Pts',(9.35947916331856,28.5124388829084,24.7737323767569));
#14029=CARTESIAN_POINT('Ctrl Pts',(9.65133970746191,28.4058672485937,24.7737323767569));
#14030=CARTESIAN_POINT('Ctrl Pts',(9.96264892251935,28.4003558719938,24.7737323767569));
#14031=CARTESIAN_POINT('Ctrl Pts',(10.1361027362872,28.3972850689333,24.7737323767569));
#14032=CARTESIAN_POINT('',(9.2302361133624,28.5596314320009,23.9737323767569));
#14033=CARTESIAN_POINT('Ctrl Pts',(8.68317037849912,29.0753200897615,23.9737323767569));
#14034=CARTESIAN_POINT('Ctrl Pts',(8.68317037849912,29.0753200897615,24.7737323767569));
#14035=CARTESIAN_POINT('Ctrl Pts',(8.75834704314945,28.9664266911867,23.9737323767569));
#14036=CARTESIAN_POINT('Ctrl Pts',(8.75834704314945,28.9664266911867,24.7737323767569));
#14037=CARTESIAN_POINT('Ctrl Pts',(8.90408395313303,28.7553267774073,23.9737323767569));
#14038=CARTESIAN_POINT('Ctrl Pts',(8.90408395313303,28.7553267774073,24.7737323767569));
#14039=CARTESIAN_POINT('Ctrl Pts',(9.12383907634153,28.6234709751619,23.9737323767569));
#14040=CARTESIAN_POINT('Ctrl Pts',(9.12383907634153,28.6234709751619,24.7737323767569));
#14041=CARTESIAN_POINT('Ctrl Pts',(9.2302361133624,28.5596314320009,23.9737323767569));
#14042=CARTESIAN_POINT('Ctrl Pts',(9.2302361133624,28.5596314320009,24.7737323767569));
#14043=CARTESIAN_POINT('',(8.68317037849912,29.0753200897615,23.9737323767569));
#14044=CARTESIAN_POINT('Ctrl Pts',(9.2302361133624,28.5596314320009,23.9737323767569));
#14045=CARTESIAN_POINT('Ctrl Pts',(9.12383907634153,28.6234709751619,23.9737323767569));
#14046=CARTESIAN_POINT('Ctrl Pts',(8.90408395313303,28.7553267774073,23.9737323767569));
#14047=CARTESIAN_POINT('Ctrl Pts',(8.75834704314945,28.9664266911867,23.9737323767569));
#14048=CARTESIAN_POINT('Ctrl Pts',(8.68317037849912,29.0753200897615,23.9737323767569));
#14049=CARTESIAN_POINT('',(8.68317037849912,29.0753200897615,24.7737323767569));
#14050=CARTESIAN_POINT('Ctrl Pts',(8.68317037849912,29.0753200897615,24.7737323767569));
#14051=CARTESIAN_POINT('Ctrl Pts',(8.75834704314945,28.9664266911867,24.7737323767569));
#14052=CARTESIAN_POINT('Ctrl Pts',(8.90408395313303,28.7553267774073,24.7737323767569));
#14053=CARTESIAN_POINT('Ctrl Pts',(9.12383907634153,28.6234709751619,24.7737323767569));
#14054=CARTESIAN_POINT('Ctrl Pts',(9.2302361133624,28.5596314320009,24.7737323767569));
#14055=CARTESIAN_POINT('',(8.68317037849912,29.0753200897615,23.9737323767569));
#14056=CARTESIAN_POINT('Ctrl Pts',(8.46625238686094,29.9061528095644,23.9737323767569));
#14057=CARTESIAN_POINT('Ctrl Pts',(8.46625238686094,29.9061528095644,24.7737323767569));
#14058=CARTESIAN_POINT('Ctrl Pts',(8.47386434861459,29.7545441397773,23.9737323767569));
#14059=CARTESIAN_POINT('Ctrl Pts',(8.47386434861459,29.7545441397773,24.7737323767569));
#14060=CARTESIAN_POINT('Ctrl Pts',(8.48854083194409,29.4622302545075,23.9737323767569));
#14061=CARTESIAN_POINT('Ctrl Pts',(8.48854083194409,29.4622302545075,24.7737323767569));
#14062=CARTESIAN_POINT('Ctrl Pts',(8.61992745863776,29.2010426687619,23.9737323767569));
#14063=CARTESIAN_POINT('Ctrl Pts',(8.61992745863776,29.2010426687619,24.7737323767569));
#14064=CARTESIAN_POINT('Ctrl Pts',(8.68317037849912,29.0753200897615,23.9737323767569));
#14065=CARTESIAN_POINT('Ctrl Pts',(8.68317037849912,29.0753200897615,24.7737323767569));
#14066=CARTESIAN_POINT('',(8.46625238686094,29.9061528095644,23.9737323767569));
#14067=CARTESIAN_POINT('Ctrl Pts',(8.68317037849912,29.0753200897615,23.9737323767569));
#14068=CARTESIAN_POINT('Ctrl Pts',(8.61992745863776,29.2010426687619,23.9737323767569));
#14069=CARTESIAN_POINT('Ctrl Pts',(8.48854083194409,29.4622302545075,23.9737323767569));
#14070=CARTESIAN_POINT('Ctrl Pts',(8.47386434861459,29.7545441397773,23.9737323767569));
#14071=CARTESIAN_POINT('Ctrl Pts',(8.46625238686094,29.9061528095644,23.9737323767569));
#14072=CARTESIAN_POINT('',(8.46625238686094,29.9061528095644,24.7737323767569));
#14073=CARTESIAN_POINT('Ctrl Pts',(8.46625238686094,29.9061528095644,24.7737323767569));
#14074=CARTESIAN_POINT('Ctrl Pts',(8.47386434861459,29.7545441397773,24.7737323767569));
#14075=CARTESIAN_POINT('Ctrl Pts',(8.48854083194409,29.4622302545075,24.7737323767569));
#14076=CARTESIAN_POINT('Ctrl Pts',(8.61992745863776,29.2010426687619,24.7737323767569));
#14077=CARTESIAN_POINT('Ctrl Pts',(8.68317037849912,29.0753200897615,24.7737323767569));
#14078=CARTESIAN_POINT('',(8.46625238686094,29.9061528095644,23.9737323767569));
#14079=CARTESIAN_POINT('Ctrl Pts',(8.90145212440976,31.0057428726595,23.9737323767569));
#14080=CARTESIAN_POINT('Ctrl Pts',(8.90145212440976,31.0057428726595,24.7737323767569));
#14081=CARTESIAN_POINT('Ctrl Pts',(8.77455647533584,30.8513861447082,23.9737323767569));
#14082=CARTESIAN_POINT('Ctrl Pts',(8.77455647533584,30.8513861447082,24.7737323767569));
#14083=CARTESIAN_POINT('Ctrl Pts',(8.51217892297502,30.5322283109616,23.9737323767569));
#14084=CARTESIAN_POINT('Ctrl Pts',(8.51217892297502,30.5322283109616,24.7737323767569));
#14085=CARTESIAN_POINT('Ctrl Pts',(8.48189161432125,30.1193484476887,23.9737323767569));
#14086=CARTESIAN_POINT('Ctrl Pts',(8.48189161432125,30.1193484476887,24.7737323767569));
#14087=CARTESIAN_POINT('Ctrl Pts',(8.46625238686094,29.9061528095644,23.9737323767569));
#14088=CARTESIAN_POINT('Ctrl Pts',(8.46625238686094,29.9061528095644,24.7737323767569));
#14089=CARTESIAN_POINT('',(8.90145212440976,31.0057428726595,23.9737323767569));
#14090=CARTESIAN_POINT('Ctrl Pts',(8.46625238686094,29.9061528095644,23.9737323767569));
#14091=CARTESIAN_POINT('Ctrl Pts',(8.48189161432125,30.1193484476887,23.9737323767569));
#14092=CARTESIAN_POINT('Ctrl Pts',(8.51217892297502,30.5322283109616,23.9737323767569));
#14093=CARTESIAN_POINT('Ctrl Pts',(8.77455647533584,30.8513861447082,23.9737323767569));
#14094=CARTESIAN_POINT('Ctrl Pts',(8.90145212440976,31.0057428726595,23.9737323767569));
#14095=CARTESIAN_POINT('',(8.90145212440976,31.0057428726595,24.7737323767569));
#14096=CARTESIAN_POINT('Ctrl Pts',(8.90145212440976,31.0057428726595,24.7737323767569));
#14097=CARTESIAN_POINT('Ctrl Pts',(8.77455647533584,30.8513861447082,24.7737323767569));
#14098=CARTESIAN_POINT('Ctrl Pts',(8.51217892297502,30.5322283109616,24.7737323767569));
#14099=CARTESIAN_POINT('Ctrl Pts',(8.48189161432125,30.1193484476887,24.7737323767569));
#14100=CARTESIAN_POINT('Ctrl Pts',(8.46625238686094,29.9061528095644,24.7737323767569));
#14101=CARTESIAN_POINT('',(8.90145212440976,31.0057428726595,23.9737323767569));
#14102=CARTESIAN_POINT('Ctrl Pts',(10.103363097005,31.4259341606539,23.9737323767569));
#14103=CARTESIAN_POINT('Ctrl Pts',(10.103363097005,31.4259341606539,24.7737323767569));
#14104=CARTESIAN_POINT('Ctrl Pts',(9.86718053297964,31.4135235872989,23.9737323767569));
#14105=CARTESIAN_POINT('Ctrl Pts',(9.86718053297964,31.4135235872989,24.7737323767569));
#14106=CARTESIAN_POINT('Ctrl Pts',(9.42398851457972,31.3902353861676,23.9737323767569));
#14107=CARTESIAN_POINT('Ctrl Pts',(9.42398851457972,31.3902353861676,24.7737323767569));
#14108=CARTESIAN_POINT('Ctrl Pts',(9.06781590171462,31.1281565994276,23.9737323767569));
#14109=CARTESIAN_POINT('Ctrl Pts',(9.06781590171462,31.1281565994276,24.7737323767569));
#14110=CARTESIAN_POINT('Ctrl Pts',(8.90145212440976,31.0057428726595,23.9737323767569));
#14111=CARTESIAN_POINT('Ctrl Pts',(8.90145212440976,31.0057428726595,24.7737323767569));
#14112=CARTESIAN_POINT('',(10.103363097005,31.4259341606539,23.9737323767569));
#14113=CARTESIAN_POINT('Ctrl Pts',(8.90145212440976,31.0057428726595,23.9737323767569));
#14114=CARTESIAN_POINT('Ctrl Pts',(9.06781590171462,31.1281565994276,23.9737323767569));
#14115=CARTESIAN_POINT('Ctrl Pts',(9.42398851457972,31.3902353861676,23.9737323767569));
#14116=CARTESIAN_POINT('Ctrl Pts',(9.86718053297964,31.4135235872989,23.9737323767569));
#14117=CARTESIAN_POINT('Ctrl Pts',(10.103363097005,31.4259341606539,23.9737323767569));
#14118=CARTESIAN_POINT('',(10.103363097005,31.4259341606539,24.7737323767569));
#14119=CARTESIAN_POINT('Ctrl Pts',(10.103363097005,31.4259341606539,24.7737323767569));
#14120=CARTESIAN_POINT('Ctrl Pts',(9.86718053297964,31.4135235872989,24.7737323767569));
#14121=CARTESIAN_POINT('Ctrl Pts',(9.42398851457972,31.3902353861676,24.7737323767569));
#14122=CARTESIAN_POINT('Ctrl Pts',(9.06781590171462,31.1281565994276,24.7737323767569));
#14123=CARTESIAN_POINT('Ctrl Pts',(8.90145212440976,31.0057428726595,24.7737323767569));
#14124=CARTESIAN_POINT('',(10.103363097005,31.4259341606539,23.9737323767569));
#14125=CARTESIAN_POINT('Ctrl Pts',(11.0856238010455,31.2376669296663,23.9737323767569));
#14126=CARTESIAN_POINT('Ctrl Pts',(11.0856238010455,31.2376669296663,24.7737323767569));
#14127=CARTESIAN_POINT('Ctrl Pts',(10.945316992605,31.2924087361083,23.9737323767569));
#14128=CARTESIAN_POINT('Ctrl Pts',(10.945316992605,31.2924087361083,24.7737323767569));
#14129=CARTESIAN_POINT('Ctrl Pts',(10.6302408561601,31.4153381724447,23.9737323767569));
#14130=CARTESIAN_POINT('Ctrl Pts',(10.6302408561601,31.4153381724447,24.7737323767569));
#14131=CARTESIAN_POINT('Ctrl Pts',(10.2913449782122,31.4221536750247,23.9737323767569));
#14132=CARTESIAN_POINT('Ctrl Pts',(10.2913449782122,31.4221536750247,24.7737323767569));
#14133=CARTESIAN_POINT('Ctrl Pts',(10.103363097005,31.4259341606539,23.9737323767569));
#14134=CARTESIAN_POINT('Ctrl Pts',(10.103363097005,31.4259341606539,24.7737323767569));
#14135=CARTESIAN_POINT('',(11.0856238010455,31.2376669296663,23.9737323767569));
#14136=CARTESIAN_POINT('Ctrl Pts',(10.103363097005,31.4259341606539,23.9737323767569));
#14137=CARTESIAN_POINT('Ctrl Pts',(10.2913449782122,31.4221536750247,23.9737323767569));
#14138=CARTESIAN_POINT('Ctrl Pts',(10.6302408561601,31.4153381724447,23.9737323767569));
#14139=CARTESIAN_POINT('Ctrl Pts',(10.945316992605,31.2924087361083,23.9737323767569));
#14140=CARTESIAN_POINT('Ctrl Pts',(11.0856238010455,31.2376669296663,23.9737323767569));
#14141=CARTESIAN_POINT('',(11.0856238010455,31.2376669296663,24.7737323767569));
#14142=CARTESIAN_POINT('Ctrl Pts',(11.0856238010455,31.2376669296663,24.7737323767569));
#14143=CARTESIAN_POINT('Ctrl Pts',(10.945316992605,31.2924087361083,24.7737323767569));
#14144=CARTESIAN_POINT('Ctrl Pts',(10.6302408561601,31.4153381724447,24.7737323767569));
#14145=CARTESIAN_POINT('Ctrl Pts',(10.2913449782122,31.4221536750247,24.7737323767569));
#14146=CARTESIAN_POINT('Ctrl Pts',(10.103363097005,31.4259341606539,24.7737323767569));
#14147=CARTESIAN_POINT('',(11.0856238010455,31.2376669296663,23.9737323767569));
#14148=CARTESIAN_POINT('Ctrl Pts',(11.6340580585528,30.6919637569826,23.9737323767569));
#14149=CARTESIAN_POINT('Ctrl Pts',(11.6340580585528,30.6919637569826,24.7737323767569));
#14150=CARTESIAN_POINT('Ctrl Pts',(11.5640441842396,30.8041104611396,23.9737323767569));
#14151=CARTESIAN_POINT('Ctrl Pts',(11.5640441842396,30.8041104611396,24.7737323767569));
#14152=CARTESIAN_POINT('Ctrl Pts',(11.4237923501913,31.0287628046181,23.9737323767569));
#14153=CARTESIAN_POINT('Ctrl Pts',(11.4237923501913,31.0287628046181,24.7737323767569));
#14154=CARTESIAN_POINT('Ctrl Pts',(11.1984666544287,31.1679580888722,23.9737323767569));
#14155=CARTESIAN_POINT('Ctrl Pts',(11.1984666544287,31.1679580888722,24.7737323767569));
#14156=CARTESIAN_POINT('Ctrl Pts',(11.0856238010455,31.2376669296663,23.9737323767569));
#14157=CARTESIAN_POINT('Ctrl Pts',(11.0856238010455,31.2376669296663,24.7737323767569));
#14158=CARTESIAN_POINT('',(11.6340580585528,30.6919637569826,23.9737323767569));
#14159=CARTESIAN_POINT('Ctrl Pts',(11.0856238010455,31.2376669296663,23.9737323767569));
#14160=CARTESIAN_POINT('Ctrl Pts',(11.1984666544287,31.1679580888722,23.9737323767569));
#14161=CARTESIAN_POINT('Ctrl Pts',(11.4237923501913,31.0287628046181,23.9737323767569));
#14162=CARTESIAN_POINT('Ctrl Pts',(11.5640441842396,30.8041104611396,23.9737323767569));
#14163=CARTESIAN_POINT('Ctrl Pts',(11.6340580585528,30.6919637569826,23.9737323767569));
#14164=CARTESIAN_POINT('',(11.6340580585528,30.6919637569826,24.7737323767569));
#14165=CARTESIAN_POINT('Ctrl Pts',(11.6340580585528,30.6919637569826,24.7737323767569));
#14166=CARTESIAN_POINT('Ctrl Pts',(11.5640441842396,30.8041104611396,24.7737323767569));
#14167=CARTESIAN_POINT('Ctrl Pts',(11.4237923501913,31.0287628046181,24.7737323767569));
#14168=CARTESIAN_POINT('Ctrl Pts',(11.1984666544287,31.1679580888722,24.7737323767569));
#14169=CARTESIAN_POINT('Ctrl Pts',(11.0856238010455,31.2376669296663,24.7737323767569));
#14170=CARTESIAN_POINT('',(11.6340580585528,30.6919637569826,23.9737323767569));
#14171=CARTESIAN_POINT('Ctrl Pts',(11.8223229053546,29.7615412125032,23.9737323767569));
#14172=CARTESIAN_POINT('Ctrl Pts',(11.8223229053546,29.7615412125032,24.7737323767569));
#14173=CARTESIAN_POINT('Ctrl Pts',(11.8177341382158,29.9369465286173,23.9737323767569));
#14174=CARTESIAN_POINT('Ctrl Pts',(11.8177341382158,29.9369465286173,24.7737323767569));
#14175=CARTESIAN_POINT('Ctrl Pts',(11.8093167620546,30.2587001678259,23.9737323767569));
#14176=CARTESIAN_POINT('Ctrl Pts',(11.8093167620546,30.2587001678259,24.7737323767569));
#14177=CARTESIAN_POINT('Ctrl Pts',(11.6888512861629,30.5565073717561,23.9737323767569));
#14178=CARTESIAN_POINT('Ctrl Pts',(11.6888512861629,30.5565073717561,24.7737323767569));
#14179=CARTESIAN_POINT('Ctrl Pts',(11.6340580585528,30.6919637569826,23.9737323767569));
#14180=CARTESIAN_POINT('Ctrl Pts',(11.6340580585528,30.6919637569826,24.7737323767569));
#14181=CARTESIAN_POINT('',(11.8223229053546,29.7615412125032,23.9737323767569));
#14182=CARTESIAN_POINT('Ctrl Pts',(11.6340580585528,30.6919637569826,23.9737323767569));
#14183=CARTESIAN_POINT('Ctrl Pts',(11.6888512861629,30.5565073717561,23.9737323767569));
#14184=CARTESIAN_POINT('Ctrl Pts',(11.8093167620546,30.2587001678259,23.9737323767569));
#14185=CARTESIAN_POINT('Ctrl Pts',(11.8177341382158,29.9369465286173,23.9737323767569));
#14186=CARTESIAN_POINT('Ctrl Pts',(11.8223229053546,29.7615412125032,23.9737323767569));
#14187=CARTESIAN_POINT('',(11.8223229053546,29.7615412125032,24.7737323767569));
#14188=CARTESIAN_POINT('Ctrl Pts',(11.8223229053546,29.7615412125032,24.7737323767569));
#14189=CARTESIAN_POINT('Ctrl Pts',(11.8177341382158,29.9369465286173,24.7737323767569));
#14190=CARTESIAN_POINT('Ctrl Pts',(11.8093167620546,30.2587001678259,24.7737323767569));
#14191=CARTESIAN_POINT('Ctrl Pts',(11.6888512861629,30.5565073717561,24.7737323767569));
#14192=CARTESIAN_POINT('Ctrl Pts',(11.6340580585528,30.6919637569826,24.7737323767569));
#14193=CARTESIAN_POINT('',(11.8223229053546,29.7615412125032,23.9737323767569));
#14194=CARTESIAN_POINT('Origin',(11.8223229053546,29.6360293278139,23.9737323767569));
#14195=CARTESIAN_POINT('',(11.8223229053546,29.7615412125032,23.9737323767569));
#14196=CARTESIAN_POINT('',(11.8223229053546,29.7615412125032,24.7737323767569));
#14197=CARTESIAN_POINT('Origin',(0.245244205288975,33.814747209255,24.7737323767569));
#14198=CARTESIAN_POINT('Origin',(0.245244205288975,33.814747209255,23.9737323767569));
#14199=CARTESIAN_POINT('Origin',(2.18521744041928,31.3604501137178,23.9737323767569));
#14200=CARTESIAN_POINT('',(1.15111261635312,31.3604501137178,23.9737323767569));
#14201=CARTESIAN_POINT('',(2.18521744041928,31.3604501137178,23.9737323767569));
#14202=CARTESIAN_POINT('',(1.15111261635312,31.3604501137178,23.9737323767569));
#14203=CARTESIAN_POINT('',(1.15111261635312,31.3604501137178,24.7737323767569));
#14204=CARTESIAN_POINT('',(1.15111261635312,31.3604501137178,23.9737323767569));
#14205=CARTESIAN_POINT('',(2.18521744041928,31.3604501137178,24.7737323767569));
#14206=CARTESIAN_POINT('',(1.15111261635312,31.3604501137178,24.7737323767569));
#14207=CARTESIAN_POINT('',(2.18521744041928,31.3604501137178,23.9737323767569));
#14208=CARTESIAN_POINT('Origin',(2.18521744041928,30.8884170898836,23.9737323767569));
#14209=CARTESIAN_POINT('',(2.18521744041928,30.8884170898836,23.9737323767569));
#14210=CARTESIAN_POINT('',(2.18521744041928,31.3604501137178,23.9737323767569));
#14211=CARTESIAN_POINT('',(2.18521744041928,30.8884170898836,24.7737323767569));
#14212=CARTESIAN_POINT('',(2.18521744041928,31.3604501137178,24.7737323767569));
#14213=CARTESIAN_POINT('',(2.18521744041928,30.8884170898836,23.9737323767569));
#14214=CARTESIAN_POINT('Ctrl Pts',(2.65452295570859,31.3017872223299,23.9737323767569));
#14215=CARTESIAN_POINT('Ctrl Pts',(2.65452295570859,31.3017872223299,24.7737323767569));
#14216=CARTESIAN_POINT('Ctrl Pts',(2.57290792352709,31.2500476973288,23.9737323767569));
#14217=CARTESIAN_POINT('Ctrl Pts',(2.57290792352709,31.2500476973288,24.7737323767569));
#14218=CARTESIAN_POINT('Ctrl Pts',(2.39488572050702,31.1371912298656,23.9737323767569));
#14219=CARTESIAN_POINT('Ctrl Pts',(2.39488572050702,31.1371912298656,24.7737323767569));
#14220=CARTESIAN_POINT('Ctrl Pts',(2.25887400791288,30.9758115647397,23.9737323767569));
#14221=CARTESIAN_POINT('Ctrl Pts',(2.25887400791288,30.9758115647397,24.7737323767569));
#14222=CARTESIAN_POINT('Ctrl Pts',(2.18521744041928,30.8884170898836,23.9737323767569));
#14223=CARTESIAN_POINT('Ctrl Pts',(2.18521744041928,30.8884170898836,24.7737323767569));
#14224=CARTESIAN_POINT('',(2.65452295570859,31.3017872223299,23.9737323767569));
#14225=CARTESIAN_POINT('Ctrl Pts',(2.18521744041928,30.8884170898836,23.9737323767569));
#14226=CARTESIAN_POINT('Ctrl Pts',(2.25887400791288,30.9758115647397,23.9737323767569));
#14227=CARTESIAN_POINT('Ctrl Pts',(2.39488572050702,31.1371912298656,23.9737323767569));
#14228=CARTESIAN_POINT('Ctrl Pts',(2.57290792352709,31.2500476973288,23.9737323767569));
#14229=CARTESIAN_POINT('Ctrl Pts',(2.65452295570859,31.3017872223299,23.9737323767569));
#14230=CARTESIAN_POINT('',(2.65452295570859,31.3017872223299,24.7737323767569));
#14231=CARTESIAN_POINT('Ctrl Pts',(2.65452295570859,31.3017872223299,24.7737323767569));
#14232=CARTESIAN_POINT('Ctrl Pts',(2.57290792352709,31.2500476973288,24.7737323767569));
#14233=CARTESIAN_POINT('Ctrl Pts',(2.39488572050702,31.1371912298656,24.7737323767569));
#14234=CARTESIAN_POINT('Ctrl Pts',(2.25887400791288,30.9758115647397,24.7737323767569));
#14235=CARTESIAN_POINT('Ctrl Pts',(2.18521744041928,30.8884170898836,24.7737323767569));
#14236=CARTESIAN_POINT('',(2.65452295570859,31.3017872223299,23.9737323767569));
#14237=CARTESIAN_POINT('Ctrl Pts',(3.23296695976743,31.4259341606539,23.9737323767569));
#14238=CARTESIAN_POINT('Ctrl Pts',(3.23296695976743,31.4259341606539,24.7737323767569));
#14239=CARTESIAN_POINT('Ctrl Pts',(3.1264494151821,31.4221902113136,23.9737323767569));
#14240=CARTESIAN_POINT('Ctrl Pts',(3.1264494151821,31.4221902113136,24.7737323767569));
#14241=CARTESIAN_POINT('Ctrl Pts',(2.9259912109594,31.4151443733309,23.9737323767569));
#14242=CARTESIAN_POINT('Ctrl Pts',(2.9259912109594,31.4151443733309,24.7737323767569));
#14243=CARTESIAN_POINT('Ctrl Pts',(2.74114661530596,31.3379587122603,23.9737323767569));
#14244=CARTESIAN_POINT('Ctrl Pts',(2.74114661530596,31.3379587122603,24.7737323767569));
#14245=CARTESIAN_POINT('Ctrl Pts',(2.65452295570859,31.3017872223299,23.9737323767569));
#14246=CARTESIAN_POINT('Ctrl Pts',(2.65452295570859,31.3017872223299,24.7737323767569));
#14247=CARTESIAN_POINT('',(3.23296695976743,31.4259341606539,23.9737323767569));
#14248=CARTESIAN_POINT('Ctrl Pts',(2.65452295570859,31.3017872223299,23.9737323767569));
#14249=CARTESIAN_POINT('Ctrl Pts',(2.74114661530596,31.3379587122603,23.9737323767569));
#14250=CARTESIAN_POINT('Ctrl Pts',(2.9259912109594,31.4151443733309,23.9737323767569));
#14251=CARTESIAN_POINT('Ctrl Pts',(3.1264494151821,31.4221902113136,23.9737323767569));
#14252=CARTESIAN_POINT('Ctrl Pts',(3.23296695976743,31.4259341606539,23.9737323767569));
#14253=CARTESIAN_POINT('',(3.23296695976743,31.4259341606539,24.7737323767569));
#14254=CARTESIAN_POINT('Ctrl Pts',(3.23296695976743,31.4259341606539,24.7737323767569));
#14255=CARTESIAN_POINT('Ctrl Pts',(3.1264494151821,31.4221902113136,24.7737323767569));
#14256=CARTESIAN_POINT('Ctrl Pts',(2.9259912109594,31.4151443733309,24.7737323767569));
#14257=CARTESIAN_POINT('Ctrl Pts',(2.74114661530596,31.3379587122603,24.7737323767569));
#14258=CARTESIAN_POINT('Ctrl Pts',(2.65452295570859,31.3017872223299,24.7737323767569));
#14259=CARTESIAN_POINT('',(3.23296695976743,31.4259341606539,23.9737323767569));
#14260=CARTESIAN_POINT('Ctrl Pts',(3.95465761452207,31.1517182239931,23.9737323767569));
#14261=CARTESIAN_POINT('Ctrl Pts',(3.95465761452207,31.1517182239931,24.7737323767569));
#14262=CARTESIAN_POINT('Ctrl Pts',(3.85555943316443,31.2316305843565,23.9737323767569));
#14263=CARTESIAN_POINT('Ctrl Pts',(3.85555943316443,31.2316305843565,24.7737323767569));
#14264=CARTESIAN_POINT('Ctrl Pts',(3.64564624020083,31.4009037081548,23.9737323767569));
#14265=CARTESIAN_POINT('Ctrl Pts',(3.64564624020083,31.4009037081548,24.7737323767569));
#14266=CARTESIAN_POINT('Ctrl Pts',(3.37555204769926,31.4172858726497,23.9737323767569));
#14267=CARTESIAN_POINT('Ctrl Pts',(3.37555204769926,31.4172858726497,24.7737323767569));
#14268=CARTESIAN_POINT('Ctrl Pts',(3.23296695976743,31.4259341606539,23.9737323767569));
#14269=CARTESIAN_POINT('Ctrl Pts',(3.23296695976743,31.4259341606539,24.7737323767569));
#14270=CARTESIAN_POINT('',(3.95465761452207,31.1517182239931,23.9737323767569));
#14271=CARTESIAN_POINT('Ctrl Pts',(3.23296695976743,31.4259341606539,23.9737323767569));
#14272=CARTESIAN_POINT('Ctrl Pts',(3.37555204769926,31.4172858726497,23.9737323767569));
#14273=CARTESIAN_POINT('Ctrl Pts',(3.64564624020083,31.4009037081548,23.9737323767569));
#14274=CARTESIAN_POINT('Ctrl Pts',(3.85555943316443,31.2316305843565,23.9737323767569));
#14275=CARTESIAN_POINT('Ctrl Pts',(3.95465761452207,31.1517182239931,23.9737323767569));
#14276=CARTESIAN_POINT('',(3.95465761452207,31.1517182239931,24.7737323767569));
#14277=CARTESIAN_POINT('Ctrl Pts',(3.95465761452207,31.1517182239931,24.7737323767569));
#14278=CARTESIAN_POINT('Ctrl Pts',(3.85555943316443,31.2316305843565,24.7737323767569));
#14279=CARTESIAN_POINT('Ctrl Pts',(3.64564624020083,31.4009037081548,24.7737323767569));
#14280=CARTESIAN_POINT('Ctrl Pts',(3.37555204769926,31.4172858726497,24.7737323767569));
#14281=CARTESIAN_POINT('Ctrl Pts',(3.23296695976743,31.4259341606539,24.7737323767569));
#14282=CARTESIAN_POINT('',(3.95465761452207,31.1517182239931,23.9737323767569));
#14283=CARTESIAN_POINT('Ctrl Pts',(4.21523004799375,30.3045156845491,23.9737323767569));
#14284=CARTESIAN_POINT('Ctrl Pts',(4.21523004799375,30.3045156845491,24.7737323767569));
#14285=CARTESIAN_POINT('Ctrl Pts',(4.21026312042136,30.4761689491632,23.9737323767569));
#14286=CARTESIAN_POINT('Ctrl Pts',(4.21026312042136,30.4761689491632,24.7737323767569));
#14287=CARTESIAN_POINT('Ctrl Pts',(4.20134355525701,30.7844223829171,23.9737323767569));
#14288=CARTESIAN_POINT('Ctrl Pts',(4.20134355525701,30.7844223829171,24.7737323767569));
#14289=CARTESIAN_POINT('Ctrl Pts',(4.03040689700425,31.0389335377751,23.9737323767569));
#14290=CARTESIAN_POINT('Ctrl Pts',(4.03040689700425,31.0389335377751,24.7737323767569));
#14291=CARTESIAN_POINT('Ctrl Pts',(3.95465761452207,31.1517182239931,23.9737323767569));
#14292=CARTESIAN_POINT('Ctrl Pts',(3.95465761452207,31.1517182239931,24.7737323767569));
#14293=CARTESIAN_POINT('',(4.21523004799375,30.3045156845491,23.9737323767569));
#14294=CARTESIAN_POINT('Ctrl Pts',(3.95465761452207,31.1517182239931,23.9737323767569));
#14295=CARTESIAN_POINT('Ctrl Pts',(4.03040689700425,31.0389335377751,23.9737323767569));
#14296=CARTESIAN_POINT('Ctrl Pts',(4.20134355525701,30.7844223829171,23.9737323767569));
#14297=CARTESIAN_POINT('Ctrl Pts',(4.21026312042136,30.4761689491632,23.9737323767569));
#14298=CARTESIAN_POINT('Ctrl Pts',(4.21523004799375,30.3045156845491,23.9737323767569));
#14299=CARTESIAN_POINT('',(4.21523004799375,30.3045156845491,24.7737323767569));
#14300=CARTESIAN_POINT('Ctrl Pts',(4.21523004799375,30.3045156845491,24.7737323767569));
#14301=CARTESIAN_POINT('Ctrl Pts',(4.21026312042136,30.4761689491632,24.7737323767569));
#14302=CARTESIAN_POINT('Ctrl Pts',(4.20134355525701,30.7844223829171,24.7737323767569));
#14303=CARTESIAN_POINT('Ctrl Pts',(4.03040689700425,31.0389335377751,24.7737323767569));
#14304=CARTESIAN_POINT('Ctrl Pts',(3.95465761452207,31.1517182239931,24.7737323767569));
#14305=CARTESIAN_POINT('',(4.21523004799375,30.3045156845491,23.9737323767569));
#14306=CARTESIAN_POINT('Origin',(4.21523004799375,28.4627691158693,23.9737323767569));
#14307=CARTESIAN_POINT('',(4.21523004799375,28.4627691158693,23.9737323767569));
#14308=CARTESIAN_POINT('',(4.21523004799375,30.3045156845491,23.9737323767569));
#14309=CARTESIAN_POINT('',(4.21523004799375,28.4627691158693,24.7737323767569));
#14310=CARTESIAN_POINT('',(4.21523004799375,30.3045156845491,24.7737323767569));
#14311=CARTESIAN_POINT('',(4.21523004799375,28.4627691158693,23.9737323767569));
#14312=CARTESIAN_POINT('Origin',(3.09926897316465,28.4627691158693,23.9737323767569));
#14313=CARTESIAN_POINT('',(3.09926897316465,28.4627691158693,23.9737323767569));
#14314=CARTESIAN_POINT('',(4.21523004799375,28.4627691158693,23.9737323767569));
#14315=CARTESIAN_POINT('',(3.09926897316465,28.4627691158693,24.7737323767569));
#14316=CARTESIAN_POINT('',(4.21523004799375,28.4627691158693,24.7737323767569));
#14317=CARTESIAN_POINT('',(3.09926897316465,28.4627691158693,23.9737323767569));
#14318=CARTESIAN_POINT('Origin',(3.09926897316465,30.0562206158083,23.9737323767569));
#14319=CARTESIAN_POINT('',(3.09926897316465,30.0562206158083,23.9737323767569));
#14320=CARTESIAN_POINT('',(3.09926897316465,28.4627691158693,23.9737323767569));
#14321=CARTESIAN_POINT('',(3.09926897316465,30.0562206158083,24.7737323767569));
#14322=CARTESIAN_POINT('',(3.09926897316465,28.4627691158693,24.7737323767569));
#14323=CARTESIAN_POINT('',(3.09926897316465,30.0562206158083,23.9737323767569));
#14324=CARTESIAN_POINT('Ctrl Pts',(2.99831301002988,30.4423049339693,23.9737323767569));
#14325=CARTESIAN_POINT('Ctrl Pts',(2.99831301002988,30.4423049339693,24.7737323767569));
#14326=CARTESIAN_POINT('Ctrl Pts',(3.02757995478268,30.3924329017724,23.9737323767569));
#14327=CARTESIAN_POINT('Ctrl Pts',(3.02757995478268,30.3924329017724,24.7737323767569));
#14328=CARTESIAN_POINT('Ctrl Pts',(3.0969885369866,30.2741579306182,23.9737323767569));
#14329=CARTESIAN_POINT('Ctrl Pts',(3.0969885369866,30.2741579306182,24.7737323767569));
#14330=CARTESIAN_POINT('Ctrl Pts',(3.09843337062019,30.1360776960197,23.9737323767569));
#14331=CARTESIAN_POINT('Ctrl Pts',(3.09843337062019,30.1360776960197,24.7737323767569));
#14332=CARTESIAN_POINT('Ctrl Pts',(3.09926897316465,30.0562206158083,23.9737323767569));
#14333=CARTESIAN_POINT('Ctrl Pts',(3.09926897316465,30.0562206158083,24.7737323767569));
#14334=CARTESIAN_POINT('',(2.99831301002988,30.4423049339693,23.9737323767569));
#14335=CARTESIAN_POINT('Ctrl Pts',(3.09926897316465,30.0562206158083,23.9737323767569));
#14336=CARTESIAN_POINT('Ctrl Pts',(3.09843337062019,30.1360776960197,23.9737323767569));
#14337=CARTESIAN_POINT('Ctrl Pts',(3.0969885369866,30.2741579306182,23.9737323767569));
#14338=CARTESIAN_POINT('Ctrl Pts',(3.02757995478268,30.3924329017724,23.9737323767569));
#14339=CARTESIAN_POINT('Ctrl Pts',(2.99831301002988,30.4423049339693,23.9737323767569));
#14340=CARTESIAN_POINT('',(2.99831301002988,30.4423049339693,24.7737323767569));
#14341=CARTESIAN_POINT('Ctrl Pts',(2.99831301002988,30.4423049339693,24.7737323767569));
#14342=CARTESIAN_POINT('Ctrl Pts',(3.02757995478268,30.3924329017724,24.7737323767569));
#14343=CARTESIAN_POINT('Ctrl Pts',(3.0969885369866,30.2741579306182,24.7737323767569));
#14344=CARTESIAN_POINT('Ctrl Pts',(3.09843337062019,30.1360776960197,24.7737323767569));
#14345=CARTESIAN_POINT('Ctrl Pts',(3.09926897316465,30.0562206158083,24.7737323767569));
#14346=CARTESIAN_POINT('',(2.99831301002988,30.4423049339693,23.9737323767569));
#14347=CARTESIAN_POINT('Ctrl Pts',(2.71454960136899,30.5555382618349,23.9737323767569));
#14348=CARTESIAN_POINT('Ctrl Pts',(2.71454960136899,30.5555382618349,24.7737323767569));
#14349=CARTESIAN_POINT('Ctrl Pts',(2.7710614243947,30.5519075571409,23.9737323767569));
#14350=CARTESIAN_POINT('Ctrl Pts',(2.7710614243947,30.5519075571409,24.7737323767569));
#14351=CARTESIAN_POINT('Ctrl Pts',(2.87838393069948,30.545012427829,23.9737323767569));
#14352=CARTESIAN_POINT('Ctrl Pts',(2.87838393069948,30.545012427829,24.7737323767569));
#14353=CARTESIAN_POINT('Ctrl Pts',(2.95977790881651,30.4753064686542,23.9737323767569));
#14354=CARTESIAN_POINT('Ctrl Pts',(2.95977790881651,30.4753064686542,24.7737323767569));
#14355=CARTESIAN_POINT('Ctrl Pts',(2.99831301002988,30.4423049339693,23.9737323767569));
#14356=CARTESIAN_POINT('Ctrl Pts',(2.99831301002988,30.4423049339693,24.7737323767569));
#14357=CARTESIAN_POINT('',(2.71454960136899,30.5555382618349,23.9737323767569));
#14358=CARTESIAN_POINT('Ctrl Pts',(2.99831301002988,30.4423049339693,23.9737323767569));
#14359=CARTESIAN_POINT('Ctrl Pts',(2.95977790881651,30.4753064686542,23.9737323767569));
#14360=CARTESIAN_POINT('Ctrl Pts',(2.87838393069948,30.545012427829,23.9737323767569));
#14361=CARTESIAN_POINT('Ctrl Pts',(2.7710614243947,30.5519075571409,23.9737323767569));
#14362=CARTESIAN_POINT('Ctrl Pts',(2.71454960136899,30.5555382618349,23.9737323767569));
#14363=CARTESIAN_POINT('',(2.71454960136899,30.5555382618349,24.7737323767569));
#14364=CARTESIAN_POINT('Ctrl Pts',(2.71454960136899,30.5555382618349,24.7737323767569));
#14365=CARTESIAN_POINT('Ctrl Pts',(2.7710614243947,30.5519075571409,24.7737323767569));
#14366=CARTESIAN_POINT('Ctrl Pts',(2.87838393069948,30.545012427829,24.7737323767569));
#14367=CARTESIAN_POINT('Ctrl Pts',(2.95977790881651,30.4753064686542,24.7737323767569));
#14368=CARTESIAN_POINT('Ctrl Pts',(2.99831301002988,30.4423049339693,24.7737323767569));
#14369=CARTESIAN_POINT('',(2.71454960136899,30.5555382618349,23.9737323767569));
#14370=CARTESIAN_POINT('Ctrl Pts',(2.38712698250303,30.4027417549532,23.9737323767569));
#14371=CARTESIAN_POINT('Ctrl Pts',(2.38712698250303,30.4027417549532,24.7737323767569));
#14372=CARTESIAN_POINT('Ctrl Pts',(2.43234937277031,30.4473067918622,23.9737323767569));
#14373=CARTESIAN_POINT('Ctrl Pts',(2.43234937277031,30.4473067918622,24.7737323767569));
#14374=CARTESIAN_POINT('Ctrl Pts',(2.52334423002483,30.5369789464764,23.9737323767569));
#14375=CARTESIAN_POINT('Ctrl Pts',(2.52334423002483,30.5369789464764,24.7737323767569));
#14376=CARTESIAN_POINT('Ctrl Pts',(2.65055813559927,30.5493269415926,23.9737323767569));
#14377=CARTESIAN_POINT('Ctrl Pts',(2.65055813559927,30.5493269415926,24.7737323767569));
#14378=CARTESIAN_POINT('Ctrl Pts',(2.71454960136899,30.5555382618349,23.9737323767569));
#14379=CARTESIAN_POINT('Ctrl Pts',(2.71454960136899,30.5555382618349,24.7737323767569));
#14380=CARTESIAN_POINT('',(2.38712698250303,30.4027417549532,23.9737323767569));
#14381=CARTESIAN_POINT('Ctrl Pts',(2.71454960136899,30.5555382618349,23.9737323767569));
#14382=CARTESIAN_POINT('Ctrl Pts',(2.65055813559927,30.5493269415926,23.9737323767569));
#14383=CARTESIAN_POINT('Ctrl Pts',(2.52334423002483,30.5369789464764,23.9737323767569));
#14384=CARTESIAN_POINT('Ctrl Pts',(2.43234937277031,30.4473067918622,23.9737323767569));
#14385=CARTESIAN_POINT('Ctrl Pts',(2.38712698250303,30.4027417549532,23.9737323767569));
#14386=CARTESIAN_POINT('',(2.38712698250303,30.4027417549532,24.7737323767569));
#14387=CARTESIAN_POINT('Ctrl Pts',(2.38712698250303,30.4027417549532,24.7737323767569));
#14388=CARTESIAN_POINT('Ctrl Pts',(2.43234937277031,30.4473067918622,24.7737323767569));
#14389=CARTESIAN_POINT('Ctrl Pts',(2.52334423002483,30.5369789464764,24.7737323767569));
#14390=CARTESIAN_POINT('Ctrl Pts',(2.65055813559927,30.5493269415926,24.7737323767569));
#14391=CARTESIAN_POINT('Ctrl Pts',(2.71454960136899,30.5555382618349,24.7737323767569));
#14392=CARTESIAN_POINT('',(2.38712698250303,30.4027417549532,23.9737323767569));
#14393=CARTESIAN_POINT('Ctrl Pts',(2.26161628990659,29.8543110737246,23.9737323767569));
#14394=CARTESIAN_POINT('Ctrl Pts',(2.26161628990659,29.8543110737246,24.7737323767569));
#14395=CARTESIAN_POINT('Ctrl Pts',(2.26180891046207,29.9686219508207,23.9737323767569));
#14396=CARTESIAN_POINT('Ctrl Pts',(2.26180891046207,29.9686219508207,24.7737323767569));
#14397=CARTESIAN_POINT('Ctrl Pts',(2.26213514035472,30.1622234336423,23.9737323767569));
#14398=CARTESIAN_POINT('Ctrl Pts',(2.26213514035472,30.1622234336423,24.7737323767569));
#14399=CARTESIAN_POINT('Ctrl Pts',(2.35080977401434,30.332857561951,23.9737323767569));
#14400=CARTESIAN_POINT('Ctrl Pts',(2.35080977401434,30.332857561951,24.7737323767569));
#14401=CARTESIAN_POINT('Ctrl Pts',(2.38712698250303,30.4027417549532,23.9737323767569));
#14402=CARTESIAN_POINT('Ctrl Pts',(2.38712698250303,30.4027417549532,24.7737323767569));
#14403=CARTESIAN_POINT('',(2.26161628990659,29.8543110737246,23.9737323767569));
#14404=CARTESIAN_POINT('Ctrl Pts',(2.38712698250303,30.4027417549532,23.9737323767569));
#14405=CARTESIAN_POINT('Ctrl Pts',(2.35080977401434,30.332857561951,23.9737323767569));
#14406=CARTESIAN_POINT('Ctrl Pts',(2.26213514035472,30.1622234336423,23.9737323767569));
#14407=CARTESIAN_POINT('Ctrl Pts',(2.26180891046207,29.9686219508207,23.9737323767569));
#14408=CARTESIAN_POINT('Ctrl Pts',(2.26161628990659,29.8543110737246,23.9737323767569));
#14409=CARTESIAN_POINT('',(2.26161628990659,29.8543110737246,24.7737323767569));
#14410=CARTESIAN_POINT('Ctrl Pts',(2.26161628990659,29.8543110737246,24.7737323767569));
#14411=CARTESIAN_POINT('Ctrl Pts',(2.26180891046207,29.9686219508207,24.7737323767569));
#14412=CARTESIAN_POINT('Ctrl Pts',(2.26213514035472,30.1622234336423,24.7737323767569));
#14413=CARTESIAN_POINT('Ctrl Pts',(2.35080977401434,30.332857561951,24.7737323767569));
#14414=CARTESIAN_POINT('Ctrl Pts',(2.38712698250303,30.4027417549532,24.7737323767569));
#14415=CARTESIAN_POINT('',(2.26161628990659,29.8543110737246,23.9737323767569));
#14416=CARTESIAN_POINT('Origin',(2.26161628990659,28.4627691158693,23.9737323767569));
#14417=CARTESIAN_POINT('',(2.26161628990659,28.4627691158693,23.9737323767569));
#14418=CARTESIAN_POINT('',(2.26161628990659,29.8543110737246,23.9737323767569));
#14419=CARTESIAN_POINT('',(2.26161628990659,28.4627691158693,24.7737323767569));
#14420=CARTESIAN_POINT('',(2.26161628990659,29.8543110737246,24.7737323767569));
#14421=CARTESIAN_POINT('',(2.26161628990659,28.4627691158693,23.9737323767569));
#14422=CARTESIAN_POINT('Origin',(1.15111261635312,28.4627691158693,23.9737323767569));
#14423=CARTESIAN_POINT('',(1.15111261635312,28.4627691158693,23.9737323767569));
#14424=CARTESIAN_POINT('',(2.26161628990659,28.4627691158693,23.9737323767569));
#14425=CARTESIAN_POINT('',(1.15111261635312,28.4627691158693,24.7737323767569));
#14426=CARTESIAN_POINT('',(2.26161628990659,28.4627691158693,24.7737323767569));
#14427=CARTESIAN_POINT('',(1.15111261635312,28.4627691158693,23.9737323767569));
#14428=CARTESIAN_POINT('Origin',(1.15111261635312,31.3604501137178,23.9737323767569));
#14429=CARTESIAN_POINT('',(1.15111261635312,28.4627691158693,23.9737323767569));
#14430=CARTESIAN_POINT('',(1.15111261635312,28.4627691158693,24.7737323767569));
#14431=CARTESIAN_POINT('Origin',(0.245244205288975,33.814747209255,24.7737323767569));
#14432=CARTESIAN_POINT('Origin',(0.245244205288975,33.814747209255,23.9737323767569));
#14433=CARTESIAN_POINT('Origin',(-7.61982053489199,31.3604501137178,23.9737323767569));
#14434=CARTESIAN_POINT('',(-8.79158943862429,31.3604501137178,23.9737323767569));
#14435=CARTESIAN_POINT('',(-7.61982053489199,31.3604501137178,23.9737323767569));
#14436=CARTESIAN_POINT('',(-8.79158943862429,31.3604501137178,23.9737323767569));
#14437=CARTESIAN_POINT('',(-8.79158943862429,31.3604501137178,24.7737323767569));
#14438=CARTESIAN_POINT('',(-8.79158943862429,31.3604501137178,23.9737323767569));
#14439=CARTESIAN_POINT('',(-7.61982053489199,31.3604501137178,24.7737323767569));
#14440=CARTESIAN_POINT('',(-8.79158943862429,31.3604501137178,24.7737323767569));
#14441=CARTESIAN_POINT('',(-7.61982053489199,31.3604501137178,23.9737323767569));
#14442=CARTESIAN_POINT('Origin',(-7.02214807242862,29.4313910850924,23.9737323767569));
#14443=CARTESIAN_POINT('',(-7.02214807242862,29.4313910850924,23.9737323767569));
#14444=CARTESIAN_POINT('',(-7.61982053489199,31.3604501137178,23.9737323767569));
#14445=CARTESIAN_POINT('',(-7.02214807242862,29.4313910850924,24.7737323767569));
#14446=CARTESIAN_POINT('',(-7.61982053489199,31.3604501137178,24.7737323767569));
#14447=CARTESIAN_POINT('',(-7.02214807242862,29.4313910850924,23.9737323767569));
#14448=CARTESIAN_POINT('Origin',(-6.46706670493594,31.3604501137178,23.9737323767569));
#14449=CARTESIAN_POINT('',(-6.46706670493594,31.3604501137178,23.9737323767569));
#14450=CARTESIAN_POINT('',(-7.02214807242862,29.4313910850924,23.9737323767569));
#14451=CARTESIAN_POINT('',(-6.46706670493594,31.3604501137178,24.7737323767569));
#14452=CARTESIAN_POINT('',(-7.02214807242862,29.4313910850924,24.7737323767569));
#14453=CARTESIAN_POINT('',(-6.46706670493594,31.3604501137178,23.9737323767569));
#14454=CARTESIAN_POINT('Origin',(-5.37276238173953,31.3604501137178,23.9737323767569));
#14455=CARTESIAN_POINT('',(-5.37276238173953,31.3604501137178,23.9737323767569));
#14456=CARTESIAN_POINT('',(-6.46706670493594,31.3604501137178,23.9737323767569));
#14457=CARTESIAN_POINT('',(-5.37276238173953,31.3604501137178,24.7737323767569));
#14458=CARTESIAN_POINT('',(-6.46706670493594,31.3604501137178,24.7737323767569));
#14459=CARTESIAN_POINT('',(-5.37276238173953,31.3604501137178,23.9737323767569));
#14460=CARTESIAN_POINT('Origin',(-6.52240484923831,28.264311874811,23.9737323767569));
#14461=CARTESIAN_POINT('',(-6.52240484923831,28.264311874811,23.9737323767569));
#14462=CARTESIAN_POINT('',(-5.37276238173953,31.3604501137178,23.9737323767569));
#14463=CARTESIAN_POINT('',(-6.52240484923831,28.264311874811,24.7737323767569));
#14464=CARTESIAN_POINT('',(-5.37276238173953,31.3604501137178,24.7737323767569));
#14465=CARTESIAN_POINT('',(-6.52240484923831,28.264311874811,23.9737323767569));
#14466=CARTESIAN_POINT('Ctrl Pts',(-6.92332595557681,27.5489309677523,23.9737323767569));
#14467=CARTESIAN_POINT('Ctrl Pts',(-6.92332595557681,27.5489309677523,24.7737323767569));
#14468=CARTESIAN_POINT('Ctrl Pts',(-6.85142910640884,27.63691255568,23.9737323767569));
#14469=CARTESIAN_POINT('Ctrl Pts',(-6.85142910640884,27.63691255568,24.7737323767569));
#14470=CARTESIAN_POINT('Ctrl Pts',(-6.676403236572,27.8510951538729,23.9737323767569));
#14471=CARTESIAN_POINT('Ctrl Pts',(-6.676403236572,27.8510951538729,24.7737323767569));
#14472=CARTESIAN_POINT('Ctrl Pts',(-6.5795014648737,28.1111071776839,23.9737323767569));
#14473=CARTESIAN_POINT('Ctrl Pts',(-6.5795014648737,28.1111071776839,24.7737323767569));
#14474=CARTESIAN_POINT('Ctrl Pts',(-6.52240484923831,28.264311874811,23.9737323767569));
#14475=CARTESIAN_POINT('Ctrl Pts',(-6.52240484923831,28.264311874811,24.7737323767569));
#14476=CARTESIAN_POINT('',(-6.92332595557681,27.5489309677523,23.9737323767569));
#14477=CARTESIAN_POINT('Ctrl Pts',(-6.52240484923831,28.264311874811,23.9737323767569));
#14478=CARTESIAN_POINT('Ctrl Pts',(-6.5795014648737,28.1111071776839,23.9737323767569));
#14479=CARTESIAN_POINT('Ctrl Pts',(-6.676403236572,27.8510951538729,23.9737323767569));
#14480=CARTESIAN_POINT('Ctrl Pts',(-6.85142910640884,27.63691255568,23.9737323767569));
#14481=CARTESIAN_POINT('Ctrl Pts',(-6.92332595557681,27.5489309677523,23.9737323767569));
#14482=CARTESIAN_POINT('',(-6.92332595557681,27.5489309677523,24.7737323767569));
#14483=CARTESIAN_POINT('Ctrl Pts',(-6.92332595557681,27.5489309677523,24.7737323767569));
#14484=CARTESIAN_POINT('Ctrl Pts',(-6.85142910640884,27.63691255568,24.7737323767569));
#14485=CARTESIAN_POINT('Ctrl Pts',(-6.676403236572,27.8510951538729,24.7737323767569));
#14486=CARTESIAN_POINT('Ctrl Pts',(-6.5795014648737,28.1111071776839,24.7737323767569));
#14487=CARTESIAN_POINT('Ctrl Pts',(-6.52240484923831,28.264311874811,24.7737323767569));
#14488=CARTESIAN_POINT('',(-6.92332595557681,27.5489309677523,23.9737323767569));
#14489=CARTESIAN_POINT('Ctrl Pts',(-7.8042516109418,27.2867802032869,23.9737323767569));
#14490=CARTESIAN_POINT('Ctrl Pts',(-7.8042516109418,27.2867802032869,24.7737323767569));
#14491=CARTESIAN_POINT('Ctrl Pts',(-7.62680821759306,27.2918041214052,23.9737323767569));
#14492=CARTESIAN_POINT('Ctrl Pts',(-7.62680821759306,27.2918041214052,24.7737323767569));
#14493=CARTESIAN_POINT('Ctrl Pts',(-7.30803785893695,27.30082940068,23.9737323767569));
#14494=CARTESIAN_POINT('Ctrl Pts',(-7.30803785893695,27.30082940068,24.7737323767569));
#14495=CARTESIAN_POINT('Ctrl Pts',(-7.04149696633415,27.4727222185679,23.9737323767569));
#14496=CARTESIAN_POINT('Ctrl Pts',(-7.04149696633415,27.4727222185679,24.7737323767569));
#14497=CARTESIAN_POINT('Ctrl Pts',(-6.92332595557681,27.5489309677523,23.9737323767569));
#14498=CARTESIAN_POINT('Ctrl Pts',(-6.92332595557681,27.5489309677523,24.7737323767569));
#14499=CARTESIAN_POINT('',(-7.8042516109418,27.2867802032869,23.9737323767569));
#14500=CARTESIAN_POINT('Ctrl Pts',(-6.92332595557681,27.5489309677523,23.9737323767569));
#14501=CARTESIAN_POINT('Ctrl Pts',(-7.04149696633415,27.4727222185679,23.9737323767569));
#14502=CARTESIAN_POINT('Ctrl Pts',(-7.30803785893695,27.30082940068,23.9737323767569));
#14503=CARTESIAN_POINT('Ctrl Pts',(-7.62680821759306,27.2918041214052,23.9737323767569));
#14504=CARTESIAN_POINT('Ctrl Pts',(-7.8042516109418,27.2867802032869,23.9737323767569));
#14505=CARTESIAN_POINT('',(-7.8042516109418,27.2867802032869,24.7737323767569));
#14506=CARTESIAN_POINT('Ctrl Pts',(-7.8042516109418,27.2867802032869,24.7737323767569));
#14507=CARTESIAN_POINT('Ctrl Pts',(-7.62680821759306,27.2918041214052,24.7737323767569));
#14508=CARTESIAN_POINT('Ctrl Pts',(-7.30803785893695,27.30082940068,24.7737323767569));
#14509=CARTESIAN_POINT('Ctrl Pts',(-7.04149696633415,27.4727222185679,24.7737323767569));
#14510=CARTESIAN_POINT('Ctrl Pts',(-6.92332595557681,27.5489309677523,24.7737323767569));
#14511=CARTESIAN_POINT('',(-7.8042516109418,27.2867802032869,23.9737323767569));
#14512=CARTESIAN_POINT('Ctrl Pts',(-8.54610770911685,27.352264250223,23.9737323767569));
#14513=CARTESIAN_POINT('Ctrl Pts',(-8.54610770911685,27.352264250223,24.7737323767569));
#14514=CARTESIAN_POINT('Ctrl Pts',(-8.40085656438061,27.3333771981844,23.9737323767569));
#14515=CARTESIAN_POINT('Ctrl Pts',(-8.40085656438061,27.3333771981844,24.7737323767569));
#14516=CARTESIAN_POINT('Ctrl Pts',(-8.154419127679,27.3013328607735,23.9737323767569));
#14517=CARTESIAN_POINT('Ctrl Pts',(-8.154419127679,27.3013328607735,24.7737323767569));
#14518=CARTESIAN_POINT('Ctrl Pts',(-7.90617834857053,27.2910161898663,23.9737323767569));
#14519=CARTESIAN_POINT('Ctrl Pts',(-7.90617834857053,27.2910161898663,24.7737323767569));
#14520=CARTESIAN_POINT('Ctrl Pts',(-7.8042516109418,27.2867802032869,23.9737323767569));
#14521=CARTESIAN_POINT('Ctrl Pts',(-7.8042516109418,27.2867802032869,24.7737323767569));
#14522=CARTESIAN_POINT('',(-8.54610770911685,27.352264250223,23.9737323767569));
#14523=CARTESIAN_POINT('Ctrl Pts',(-7.8042516109418,27.2867802032869,23.9737323767569));
#14524=CARTESIAN_POINT('Ctrl Pts',(-7.90617834857053,27.2910161898663,23.9737323767569));
#14525=CARTESIAN_POINT('Ctrl Pts',(-8.154419127679,27.3013328607735,23.9737323767569));
#14526=CARTESIAN_POINT('Ctrl Pts',(-8.40085656438061,27.3333771981844,23.9737323767569));
#14527=CARTESIAN_POINT('Ctrl Pts',(-8.54610770911685,27.352264250223,23.9737323767569));
#14528=CARTESIAN_POINT('',(-8.54610770911685,27.352264250223,24.7737323767569));
#14529=CARTESIAN_POINT('Ctrl Pts',(-8.54610770911685,27.352264250223,24.7737323767569));
#14530=CARTESIAN_POINT('Ctrl Pts',(-8.40085656438061,27.3333771981844,24.7737323767569));
#14531=CARTESIAN_POINT('Ctrl Pts',(-8.154419127679,27.3013328607735,24.7737323767569));
#14532=CARTESIAN_POINT('Ctrl Pts',(-7.90617834857053,27.2910161898663,24.7737323767569));
#14533=CARTESIAN_POINT('Ctrl Pts',(-7.8042516109418,27.2867802032869,24.7737323767569));
#14534=CARTESIAN_POINT('',(-8.54610770911685,27.352264250223,23.9737323767569));
#14535=CARTESIAN_POINT('Origin',(-8.63333553046695,28.1271615871828,23.9737323767569));
#14536=CARTESIAN_POINT('',(-8.63333553046695,28.1271615871828,23.9737323767569));
#14537=CARTESIAN_POINT('',(-8.54610770911685,27.352264250223,23.9737323767569));
#14538=CARTESIAN_POINT('',(-8.63333553046695,28.1271615871828,24.7737323767569));
#14539=CARTESIAN_POINT('',(-8.54610770911685,27.352264250223,24.7737323767569));
#14540=CARTESIAN_POINT('',(-8.63333553046695,28.1271615871828,23.9737323767569));
#14541=CARTESIAN_POINT('Ctrl Pts',(-8.09901565284243,28.0507639297884,23.9737323767569));
#14542=CARTESIAN_POINT('Ctrl Pts',(-8.09901565284243,28.0507639297884,24.7737323767569));
#14543=CARTESIAN_POINT('Ctrl Pts',(-8.19315690088714,28.0534097278359,23.9737323767569));
#14544=CARTESIAN_POINT('Ctrl Pts',(-8.19315690088714,28.0534097278359,24.7737323767569));
#14545=CARTESIAN_POINT('Ctrl Pts',(-8.37424094269295,28.0584990145641,23.9737323767569));
#14546=CARTESIAN_POINT('Ctrl Pts',(-8.37424094269295,28.0584990145641,24.7737323767569));
#14547=CARTESIAN_POINT('Ctrl Pts',(-8.54929018753773,28.1048887581294,23.9737323767569));
#14548=CARTESIAN_POINT('Ctrl Pts',(-8.54929018753773,28.1048887581294,24.7737323767569));
#14549=CARTESIAN_POINT('Ctrl Pts',(-8.63333553046695,28.1271615871828,23.9737323767569));
#14550=CARTESIAN_POINT('Ctrl Pts',(-8.63333553046695,28.1271615871828,24.7737323767569));
#14551=CARTESIAN_POINT('',(-8.09901565284243,28.0507639297884,23.9737323767569));
#14552=CARTESIAN_POINT('Ctrl Pts',(-8.63333553046695,28.1271615871828,23.9737323767569));
#14553=CARTESIAN_POINT('Ctrl Pts',(-8.54929018753773,28.1048887581294,23.9737323767569));
#14554=CARTESIAN_POINT('Ctrl Pts',(-8.37424094269295,28.0584990145641,23.9737323767569));
#14555=CARTESIAN_POINT('Ctrl Pts',(-8.19315690088714,28.0534097278359,23.9737323767569));
#14556=CARTESIAN_POINT('Ctrl Pts',(-8.09901565284243,28.0507639297884,23.9737323767569));
#14557=CARTESIAN_POINT('',(-8.09901565284243,28.0507639297884,24.7737323767569));
#14558=CARTESIAN_POINT('Ctrl Pts',(-8.09901565284243,28.0507639297884,24.7737323767569));
#14559=CARTESIAN_POINT('Ctrl Pts',(-8.19315690088714,28.0534097278359,24.7737323767569));
#14560=CARTESIAN_POINT('Ctrl Pts',(-8.37424094269295,28.0584990145641,24.7737323767569));
#14561=CARTESIAN_POINT('Ctrl Pts',(-8.54929018753773,28.1048887581294,24.7737323767569));
#14562=CARTESIAN_POINT('Ctrl Pts',(-8.63333553046695,28.1271615871828,24.7737323767569));
#14563=CARTESIAN_POINT('',(-8.09901565284243,28.0507639297884,23.9737323767569));
#14564=CARTESIAN_POINT('Ctrl Pts',(-7.78142064780703,28.1409111866396,23.9737323767569));
#14565=CARTESIAN_POINT('Ctrl Pts',(-7.78142064780703,28.1409111866396,24.7737323767569));
#14566=CARTESIAN_POINT('Ctrl Pts',(-7.82700326857454,28.114652579948,23.9737323767569));
#14567=CARTESIAN_POINT('Ctrl Pts',(-7.82700326857454,28.114652579948,24.7737323767569));
#14568=CARTESIAN_POINT('Ctrl Pts',(-7.92503968914774,28.0581771126331,23.9737323767569));
#14569=CARTESIAN_POINT('Ctrl Pts',(-7.92503968914774,28.0581771126331,24.7737323767569));
#14570=CARTESIAN_POINT('Ctrl Pts',(-8.03837582955247,28.0533478160229,23.9737323767569));
#14571=CARTESIAN_POINT('Ctrl Pts',(-8.03837582955247,28.0533478160229,24.7737323767569));
#14572=CARTESIAN_POINT('Ctrl Pts',(-8.09901565284243,28.0507639297884,23.9737323767569));
#14573=CARTESIAN_POINT('Ctrl Pts',(-8.09901565284243,28.0507639297884,24.7737323767569));
#14574=CARTESIAN_POINT('',(-7.78142064780703,28.1409111866396,23.9737323767569));
#14575=CARTESIAN_POINT('Ctrl Pts',(-8.09901565284243,28.0507639297884,23.9737323767569));
#14576=CARTESIAN_POINT('Ctrl Pts',(-8.03837582955247,28.0533478160229,23.9737323767569));
#14577=CARTESIAN_POINT('Ctrl Pts',(-7.92503968914774,28.0581771126331,23.9737323767569));
#14578=CARTESIAN_POINT('Ctrl Pts',(-7.82700326857454,28.114652579948,23.9737323767569));
#14579=CARTESIAN_POINT('Ctrl Pts',(-7.78142064780703,28.1409111866396,23.9737323767569));
#14580=CARTESIAN_POINT('',(-7.78142064780703,28.1409111866396,24.7737323767569));
#14581=CARTESIAN_POINT('Ctrl Pts',(-7.78142064780703,28.1409111866396,24.7737323767569));
#14582=CARTESIAN_POINT('Ctrl Pts',(-7.82700326857454,28.114652579948,24.7737323767569));
#14583=CARTESIAN_POINT('Ctrl Pts',(-7.92503968914774,28.0581771126331,24.7737323767569));
#14584=CARTESIAN_POINT('Ctrl Pts',(-8.03837582955247,28.0533478160229,24.7737323767569));
#14585=CARTESIAN_POINT('Ctrl Pts',(-8.09901565284243,28.0507639297884,24.7737323767569));
#14586=CARTESIAN_POINT('',(-7.78142064780703,28.1409111866396,23.9737323767569));
#14587=CARTESIAN_POINT('Ctrl Pts',(-7.57561057776919,28.4632805237215,23.9737323767569));
#14588=CARTESIAN_POINT('Ctrl Pts',(-7.57561057776919,28.4632805237215,24.7737323767569));
#14589=CARTESIAN_POINT('Ctrl Pts',(-7.6020174371318,28.3945052536841,23.9737323767569));
#14590=CARTESIAN_POINT('Ctrl Pts',(-7.6020174371318,28.3945052536841,24.7737323767569));
#14591=CARTESIAN_POINT('Ctrl Pts',(-7.64883475419782,28.2725720249186,23.9737323767569));
#14592=CARTESIAN_POINT('Ctrl Pts',(-7.64883475419782,28.2725720249186,24.7737323767569));
#14593=CARTESIAN_POINT('Ctrl Pts',(-7.74116736286846,28.1808836233312,23.9737323767569));
#14594=CARTESIAN_POINT('Ctrl Pts',(-7.74116736286846,28.1808836233312,24.7737323767569));
#14595=CARTESIAN_POINT('Ctrl Pts',(-7.78142064780703,28.1409111866396,23.9737323767569));
#14596=CARTESIAN_POINT('Ctrl Pts',(-7.78142064780703,28.1409111866396,24.7737323767569));
#14597=CARTESIAN_POINT('',(-7.57561057776919,28.4632805237215,23.9737323767569));
#14598=CARTESIAN_POINT('Ctrl Pts',(-7.78142064780703,28.1409111866396,23.9737323767569));
#14599=CARTESIAN_POINT('Ctrl Pts',(-7.74116736286846,28.1808836233312,23.9737323767569));
#14600=CARTESIAN_POINT('Ctrl Pts',(-7.64883475419782,28.2725720249186,23.9737323767569));
#14601=CARTESIAN_POINT('Ctrl Pts',(-7.6020174371318,28.3945052536841,23.9737323767569));
#14602=CARTESIAN_POINT('Ctrl Pts',(-7.57561057776919,28.4632805237215,23.9737323767569));
#14603=CARTESIAN_POINT('',(-7.57561057776919,28.4632805237215,24.7737323767569));
#14604=CARTESIAN_POINT('Ctrl Pts',(-7.57561057776919,28.4632805237215,24.7737323767569));
#14605=CARTESIAN_POINT('Ctrl Pts',(-7.6020174371318,28.3945052536841,24.7737323767569));
#14606=CARTESIAN_POINT('Ctrl Pts',(-7.64883475419782,28.2725720249186,24.7737323767569));
#14607=CARTESIAN_POINT('Ctrl Pts',(-7.74116736286846,28.1808836233312,24.7737323767569));
#14608=CARTESIAN_POINT('Ctrl Pts',(-7.78142064780703,28.1409111866396,24.7737323767569));
#14609=CARTESIAN_POINT('',(-7.57561057776919,28.4632805237215,23.9737323767569));
#14610=CARTESIAN_POINT('Origin',(-8.79158943862429,31.3604501137178,23.9737323767569));
#14611=CARTESIAN_POINT('',(-7.57561057776919,28.4632805237215,23.9737323767569));
#14612=CARTESIAN_POINT('',(-7.57561057776919,28.4632805237215,24.7737323767569));
#14613=CARTESIAN_POINT('Origin',(0.245244205288975,33.814747209255,24.7737323767569));
#14614=CARTESIAN_POINT('Origin',(0.245244205288975,33.814747209255,23.9737323767569));
#14615=CARTESIAN_POINT('Origin',(15.3830328586627,29.5760026821535,23.9737323767569));
#14616=CARTESIAN_POINT('',(14.1961327198077,29.5760026821535,23.9737323767569));
#14617=CARTESIAN_POINT('',(15.3830328586627,29.5760026821535,23.9737323767569));
#14618=CARTESIAN_POINT('',(14.1961327198077,29.5760026821535,23.9737323767569));
#14619=CARTESIAN_POINT('',(14.1961327198077,29.5760026821535,24.7737323767569));
#14620=CARTESIAN_POINT('',(14.1961327198077,29.5760026821535,23.9737323767569));
#14621=CARTESIAN_POINT('',(15.3830328586627,29.5760026821535,24.7737323767569));
#14622=CARTESIAN_POINT('',(14.1961327198077,29.5760026821535,24.7737323767569));
#14623=CARTESIAN_POINT('',(15.3830328586627,29.5760026821535,23.9737323767569));
#14624=CARTESIAN_POINT('Origin',(15.3830328586627,28.4627691158693,23.9737323767569));
#14625=CARTESIAN_POINT('',(15.3830328586627,28.4627691158693,23.9737323767569));
#14626=CARTESIAN_POINT('',(15.3830328586627,29.5760026821535,23.9737323767569));
#14627=CARTESIAN_POINT('',(15.3830328586627,28.4627691158693,24.7737323767569));
#14628=CARTESIAN_POINT('',(15.3830328586627,29.5760026821535,24.7737323767569));
#14629=CARTESIAN_POINT('',(15.3830328586627,28.4627691158693,23.9737323767569));
#14630=CARTESIAN_POINT('Origin',(14.1961327198077,28.4627691158693,23.9737323767569));
#14631=CARTESIAN_POINT('',(14.1961327198077,28.4627691158693,23.9737323767569));
#14632=CARTESIAN_POINT('',(15.3830328586627,28.4627691158693,23.9737323767569));
#14633=CARTESIAN_POINT('',(14.1961327198077,28.4627691158693,24.7737323767569));
#14634=CARTESIAN_POINT('',(15.3830328586627,28.4627691158693,24.7737323767569));
#14635=CARTESIAN_POINT('',(14.1961327198077,28.4627691158693,23.9737323767569));
#14636=CARTESIAN_POINT('Origin',(14.1961327198077,29.5760026821535,23.9737323767569));
#14637=CARTESIAN_POINT('',(14.1961327198077,28.4627691158693,23.9737323767569));
#14638=CARTESIAN_POINT('',(14.1961327198077,28.4627691158693,24.7737323767569));
#14639=CARTESIAN_POINT('Origin',(0.245244205288975,33.814747209255,24.7737323767569));
#14640=CARTESIAN_POINT('Origin',(0.245244205288975,33.814747209255,23.9737323767569));
#14641=CARTESIAN_POINT('Ctrl Pts',(12.3434701564837,38.3086076626223,23.9737323767569));
#14642=CARTESIAN_POINT('Ctrl Pts',(12.3434701564837,38.3086076626223,24.7737323767569));
#14643=CARTESIAN_POINT('Ctrl Pts',(12.3855021436345,38.2400386461544,23.9737323767569));
#14644=CARTESIAN_POINT('Ctrl Pts',(12.3855021436345,38.2400386461544,24.7737323767569));
#14645=CARTESIAN_POINT('Ctrl Pts',(12.4806496960765,38.0848193826237,23.9737323767569));
#14646=CARTESIAN_POINT('Ctrl Pts',(12.4806496960765,38.0848193826237,24.7737323767569));
#14647=CARTESIAN_POINT('Ctrl Pts',(12.4854199687732,37.9018703750726,23.9737323767569));
#14648=CARTESIAN_POINT('Ctrl Pts',(12.4854199687732,37.9018703750726,24.7737323767569));
#14649=CARTESIAN_POINT('Ctrl Pts',(12.4880829456378,37.7997401604097,23.9737323767569));
#14650=CARTESIAN_POINT('Ctrl Pts',(12.4880829456378,37.7997401604097,24.7737323767569));
#14651=CARTESIAN_POINT('',(12.4880829456378,37.7997401604097,23.9737323767569));
#14652=CARTESIAN_POINT('',(12.3434701564837,38.3086076626223,23.9737323767569));
#14653=CARTESIAN_POINT('Ctrl Pts',(12.4880829456378,37.7997401604097,23.9737323767569));
#14654=CARTESIAN_POINT('Ctrl Pts',(12.4854199687732,37.9018703750726,23.9737323767569));
#14655=CARTESIAN_POINT('Ctrl Pts',(12.4806496960765,38.0848193826237,23.9737323767569));
#14656=CARTESIAN_POINT('Ctrl Pts',(12.3855021436345,38.2400386461544,23.9737323767569));
#14657=CARTESIAN_POINT('Ctrl Pts',(12.3434701564837,38.3086076626223,23.9737323767569));
#14658=CARTESIAN_POINT('',(12.4880829456378,37.7997401604097,24.7737323767569));
#14659=CARTESIAN_POINT('',(12.4880829456378,37.7997401604097,23.9737323767569));
#14660=CARTESIAN_POINT('',(12.3434701564837,38.3086076626223,24.7737323767569));
#14661=CARTESIAN_POINT('Ctrl Pts',(12.3434701564837,38.3086076626223,24.7737323767569));
#14662=CARTESIAN_POINT('Ctrl Pts',(12.3855021436345,38.2400386461544,24.7737323767569));
#14663=CARTESIAN_POINT('Ctrl Pts',(12.4806496960765,38.0848193826237,24.7737323767569));
#14664=CARTESIAN_POINT('Ctrl Pts',(12.4854199687732,37.9018703750726,24.7737323767569));
#14665=CARTESIAN_POINT('Ctrl Pts',(12.4880829456378,37.7997401604097,24.7737323767569));
#14666=CARTESIAN_POINT('',(12.3434701564837,38.3086076626223,23.9737323767569));
#14667=CARTESIAN_POINT('Ctrl Pts',(11.9778504970599,38.4764114269655,23.9737323767569));
#14668=CARTESIAN_POINT('Ctrl Pts',(11.9778504970599,38.4764114269655,24.7737323767569));
#14669=CARTESIAN_POINT('Ctrl Pts',(12.0483528705554,38.4694011354028,23.9737323767569));
#14670=CARTESIAN_POINT('Ctrl Pts',(12.0483528705554,38.4694011354028,24.7737323767569));
#14671=CARTESIAN_POINT('Ctrl Pts',(12.189450883253,38.4553712785499,23.9737323767569));
#14672=CARTESIAN_POINT('Ctrl Pts',(12.189450883253,38.4553712785499,24.7737323767569));
#14673=CARTESIAN_POINT('Ctrl Pts',(12.2921077800233,38.3575504211086,23.9737323767569));
#14674=CARTESIAN_POINT('Ctrl Pts',(12.2921077800233,38.3575504211086,24.7737323767569));
#14675=CARTESIAN_POINT('Ctrl Pts',(12.3434701564837,38.3086076626223,23.9737323767569));
#14676=CARTESIAN_POINT('Ctrl Pts',(12.3434701564837,38.3086076626223,24.7737323767569));
#14677=CARTESIAN_POINT('',(11.9778504970599,38.4764114269655,23.9737323767569));
#14678=CARTESIAN_POINT('Ctrl Pts',(12.3434701564837,38.3086076626223,23.9737323767569));
#14679=CARTESIAN_POINT('Ctrl Pts',(12.2921077800233,38.3575504211086,23.9737323767569));
#14680=CARTESIAN_POINT('Ctrl Pts',(12.189450883253,38.4553712785499,23.9737323767569));
#14681=CARTESIAN_POINT('Ctrl Pts',(12.0483528705554,38.4694011354028,23.9737323767569));
#14682=CARTESIAN_POINT('Ctrl Pts',(11.9778504970599,38.4764114269655,23.9737323767569));
#14683=CARTESIAN_POINT('',(11.9778504970599,38.4764114269655,24.7737323767569));
#14684=CARTESIAN_POINT('Ctrl Pts',(11.9778504970599,38.4764114269655,24.7737323767569));
#14685=CARTESIAN_POINT('Ctrl Pts',(12.0483528705554,38.4694011354028,24.7737323767569));
#14686=CARTESIAN_POINT('Ctrl Pts',(12.189450883253,38.4553712785499,24.7737323767569));
#14687=CARTESIAN_POINT('Ctrl Pts',(12.2921077800233,38.3575504211086,24.7737323767569));
#14688=CARTESIAN_POINT('Ctrl Pts',(12.3434701564837,38.3086076626223,24.7737323767569));
#14689=CARTESIAN_POINT('',(11.9778504970599,38.4764114269655,23.9737323767569));
#14690=CARTESIAN_POINT('Ctrl Pts',(11.6531577709247,38.3154288181704,23.9737323767569));
#14691=CARTESIAN_POINT('Ctrl Pts',(11.6531577709247,38.3154288181704,24.7737323767569));
#14692=CARTESIAN_POINT('Ctrl Pts',(11.6987604915331,38.3623766225754,23.9737323767569));
#14693=CARTESIAN_POINT('Ctrl Pts',(11.6987604915331,38.3623766225754,24.7737323767569));
#14694=CARTESIAN_POINT('Ctrl Pts',(11.7881806214258,38.4544342610685,23.9737323767569));
#14695=CARTESIAN_POINT('Ctrl Pts',(11.7881806214258,38.4544342610685,24.7737323767569));
#14696=CARTESIAN_POINT('Ctrl Pts',(11.9154743632699,38.4691838657319,23.9737323767569));
#14697=CARTESIAN_POINT('Ctrl Pts',(11.9154743632699,38.4691838657319,24.7737323767569));
#14698=CARTESIAN_POINT('Ctrl Pts',(11.9778504970599,38.4764114269655,23.9737323767569));
#14699=CARTESIAN_POINT('Ctrl Pts',(11.9778504970599,38.4764114269655,24.7737323767569));
#14700=CARTESIAN_POINT('',(11.6531577709247,38.3154288181704,23.9737323767569));
#14701=CARTESIAN_POINT('Ctrl Pts',(11.9778504970599,38.4764114269655,23.9737323767569));
#14702=CARTESIAN_POINT('Ctrl Pts',(11.9154743632699,38.4691838657319,23.9737323767569));
#14703=CARTESIAN_POINT('Ctrl Pts',(11.7881806214258,38.4544342610685,23.9737323767569));
#14704=CARTESIAN_POINT('Ctrl Pts',(11.6987604915331,38.3623766225754,23.9737323767569));
#14705=CARTESIAN_POINT('Ctrl Pts',(11.6531577709247,38.3154288181704,23.9737323767569));
#14706=CARTESIAN_POINT('',(11.6531577709247,38.3154288181704,24.7737323767569));
#14707=CARTESIAN_POINT('Ctrl Pts',(11.6531577709247,38.3154288181704,24.7737323767569));
#14708=CARTESIAN_POINT('Ctrl Pts',(11.6987604915331,38.3623766225754,24.7737323767569));
#14709=CARTESIAN_POINT('Ctrl Pts',(11.7881806214258,38.4544342610685,24.7737323767569));
#14710=CARTESIAN_POINT('Ctrl Pts',(11.9154743632699,38.4691838657319,24.7737323767569));
#14711=CARTESIAN_POINT('Ctrl Pts',(11.9778504970599,38.4764114269655,24.7737323767569));
#14712=CARTESIAN_POINT('',(11.6531577709247,38.3154288181704,23.9737323767569));
#14713=CARTESIAN_POINT('Ctrl Pts',(11.5221872928668,37.7751833447855,23.9737323767569));
#14714=CARTESIAN_POINT('Ctrl Pts',(11.5221872928668,37.7751833447855,24.7737323767569));
#14715=CARTESIAN_POINT('Ctrl Pts',(11.5231960599414,37.8860925069992,23.9737323767569));
#14716=CARTESIAN_POINT('Ctrl Pts',(11.5231960599414,37.8860925069992,24.7737323767569));
#14717=CARTESIAN_POINT('Ctrl Pts',(11.5249370536518,38.0775065199,23.9737323767569));
#14718=CARTESIAN_POINT('Ctrl Pts',(11.5249370536518,38.0775065199,24.7737323767569));
#14719=CARTESIAN_POINT('Ctrl Pts',(11.6151964851101,38.2449890596165,23.9737323767569));
#14720=CARTESIAN_POINT('Ctrl Pts',(11.6151964851101,38.2449890596165,24.7737323767569));
#14721=CARTESIAN_POINT('Ctrl Pts',(11.6531577709247,38.3154288181704,23.9737323767569));
#14722=CARTESIAN_POINT('Ctrl Pts',(11.6531577709247,38.3154288181704,24.7737323767569));
#14723=CARTESIAN_POINT('',(11.5221872928668,37.7751833447855,23.9737323767569));
#14724=CARTESIAN_POINT('Ctrl Pts',(11.6531577709247,38.3154288181704,23.9737323767569));
#14725=CARTESIAN_POINT('Ctrl Pts',(11.6151964851101,38.2449890596165,23.9737323767569));
#14726=CARTESIAN_POINT('Ctrl Pts',(11.5249370536518,38.0775065199,23.9737323767569));
#14727=CARTESIAN_POINT('Ctrl Pts',(11.5231960599414,37.8860925069992,23.9737323767569));
#14728=CARTESIAN_POINT('Ctrl Pts',(11.5221872928668,37.7751833447855,23.9737323767569));
#14729=CARTESIAN_POINT('',(11.5221872928668,37.7751833447855,24.7737323767569));
#14730=CARTESIAN_POINT('Ctrl Pts',(11.5221872928668,37.7751833447855,24.7737323767569));
#14731=CARTESIAN_POINT('Ctrl Pts',(11.5231960599414,37.8860925069992,24.7737323767569));
#14732=CARTESIAN_POINT('Ctrl Pts',(11.5249370536518,38.0775065199,24.7737323767569));
#14733=CARTESIAN_POINT('Ctrl Pts',(11.6151964851101,38.2449890596165,24.7737323767569));
#14734=CARTESIAN_POINT('Ctrl Pts',(11.6531577709247,38.3154288181704,24.7737323767569));
#14735=CARTESIAN_POINT('',(11.5221872928668,37.7751833447855,23.9737323767569));
#14736=CARTESIAN_POINT('Ctrl Pts',(11.657249033742,37.2554019340914,23.9737323767569));
#14737=CARTESIAN_POINT('Ctrl Pts',(11.657249033742,37.2554019340914,24.7737323767569));
#14738=CARTESIAN_POINT('Ctrl Pts',(11.6180375974901,37.3246803749781,23.9737323767569));
#14739=CARTESIAN_POINT('Ctrl Pts',(11.6180375974901,37.3246803749781,24.7737323767569));
#14740=CARTESIAN_POINT('Ctrl Pts',(11.5273287842859,37.4849439550494,23.9737323767569));
#14741=CARTESIAN_POINT('Ctrl Pts',(11.5273287842859,37.4849439550494,24.7737323767569));
#14742=CARTESIAN_POINT('Ctrl Pts',(11.5240491901683,37.6700784457429,23.9737323767569));
#14743=CARTESIAN_POINT('Ctrl Pts',(11.5240491901683,37.6700784457429,24.7737323767569));
#14744=CARTESIAN_POINT('Ctrl Pts',(11.5221872928668,37.7751833447855,23.9737323767569));
#14745=CARTESIAN_POINT('Ctrl Pts',(11.5221872928668,37.7751833447855,24.7737323767569));
#14746=CARTESIAN_POINT('',(11.657249033742,37.2554019340914,23.9737323767569));
#14747=CARTESIAN_POINT('Ctrl Pts',(11.5221872928668,37.7751833447855,23.9737323767569));
#14748=CARTESIAN_POINT('Ctrl Pts',(11.5240491901683,37.6700784457429,23.9737323767569));
#14749=CARTESIAN_POINT('Ctrl Pts',(11.5273287842859,37.4849439550494,23.9737323767569));
#14750=CARTESIAN_POINT('Ctrl Pts',(11.6180375974901,37.3246803749781,23.9737323767569));
#14751=CARTESIAN_POINT('Ctrl Pts',(11.657249033742,37.2554019340914,23.9737323767569));
#14752=CARTESIAN_POINT('',(11.657249033742,37.2554019340914,24.7737323767569));
#14753=CARTESIAN_POINT('Ctrl Pts',(11.657249033742,37.2554019340914,24.7737323767569));
#14754=CARTESIAN_POINT('Ctrl Pts',(11.6180375974901,37.3246803749781,24.7737323767569));
#14755=CARTESIAN_POINT('Ctrl Pts',(11.5273287842859,37.4849439550494,24.7737323767569));
#14756=CARTESIAN_POINT('Ctrl Pts',(11.5240491901683,37.6700784457429,24.7737323767569));
#14757=CARTESIAN_POINT('Ctrl Pts',(11.5221872928668,37.7751833447855,24.7737323767569));
#14758=CARTESIAN_POINT('',(11.657249033742,37.2554019340914,23.9737323767569));
#14759=CARTESIAN_POINT('Ctrl Pts',(11.9914928081561,37.0903268703859,23.9737323767569));
#14760=CARTESIAN_POINT('Ctrl Pts',(11.9914928081561,37.0903268703859,24.7737323767569));
#14761=CARTESIAN_POINT('Ctrl Pts',(11.9273441593038,37.0977347367082,23.9737323767569));
#14762=CARTESIAN_POINT('Ctrl Pts',(11.9273441593038,37.0977347367082,24.7737323767569));
#14763=CARTESIAN_POINT('Ctrl Pts',(11.796451610613,37.1128501681417,23.9737323767569));
#14764=CARTESIAN_POINT('Ctrl Pts',(11.796451610613,37.1128501681417,24.7737323767569));
#14765=CARTESIAN_POINT('Ctrl Pts',(11.7042592027522,37.2072607088308,23.9737323767569));
#14766=CARTESIAN_POINT('Ctrl Pts',(11.7042592027522,37.2072607088308,24.7737323767569));
#14767=CARTESIAN_POINT('Ctrl Pts',(11.657249033742,37.2554019340914,23.9737323767569));
#14768=CARTESIAN_POINT('Ctrl Pts',(11.657249033742,37.2554019340914,24.7737323767569));
#14769=CARTESIAN_POINT('',(11.9914928081561,37.0903268703859,23.9737323767569));
#14770=CARTESIAN_POINT('Ctrl Pts',(11.657249033742,37.2554019340914,23.9737323767569));
#14771=CARTESIAN_POINT('Ctrl Pts',(11.7042592027522,37.2072607088308,23.9737323767569));
#14772=CARTESIAN_POINT('Ctrl Pts',(11.796451610613,37.1128501681417,23.9737323767569));
#14773=CARTESIAN_POINT('Ctrl Pts',(11.9273441593038,37.0977347367082,23.9737323767569));
#14774=CARTESIAN_POINT('Ctrl Pts',(11.9914928081561,37.0903268703859,23.9737323767569));
#14775=CARTESIAN_POINT('',(11.9914928081561,37.0903268703859,24.7737323767569));
#14776=CARTESIAN_POINT('Ctrl Pts',(11.9914928081561,37.0903268703859,24.7737323767569));
#14777=CARTESIAN_POINT('Ctrl Pts',(11.9273441593038,37.0977347367082,24.7737323767569));
#14778=CARTESIAN_POINT('Ctrl Pts',(11.796451610613,37.1128501681417,24.7737323767569));
#14779=CARTESIAN_POINT('Ctrl Pts',(11.7042592027522,37.2072607088308,24.7737323767569));
#14780=CARTESIAN_POINT('Ctrl Pts',(11.657249033742,37.2554019340914,24.7737323767569));
#14781=CARTESIAN_POINT('',(11.9914928081561,37.0903268703859,23.9737323767569));
#14782=CARTESIAN_POINT('Ctrl Pts',(12.3462000492145,37.2567656883638,23.9737323767569));
#14783=CARTESIAN_POINT('Ctrl Pts',(12.3462000492145,37.2567656883638,24.7737323767569));
#14784=CARTESIAN_POINT('Ctrl Pts',(12.296232914577,37.2082220424161,23.9737323767569));
#14785=CARTESIAN_POINT('Ctrl Pts',(12.296232914577,37.2082220424161,24.7737323767569));
#14786=CARTESIAN_POINT('Ctrl Pts',(12.1970761428234,37.1118900983041,23.9737323767569));
#14787=CARTESIAN_POINT('Ctrl Pts',(12.1970761428234,37.1118900983041,24.7737323767569));
#14788=CARTESIAN_POINT('Ctrl Pts',(12.0596614258291,37.0974769413882,23.9737323767569));
#14789=CARTESIAN_POINT('Ctrl Pts',(12.0596614258291,37.0974769413882,24.7737323767569));
#14790=CARTESIAN_POINT('Ctrl Pts',(11.9914928081561,37.0903268703859,23.9737323767569));
#14791=CARTESIAN_POINT('Ctrl Pts',(11.9914928081561,37.0903268703859,24.7737323767569));
#14792=CARTESIAN_POINT('',(12.3462000492145,37.2567656883638,23.9737323767569));
#14793=CARTESIAN_POINT('Ctrl Pts',(11.9914928081561,37.0903268703859,23.9737323767569));
#14794=CARTESIAN_POINT('Ctrl Pts',(12.0596614258291,37.0974769413882,23.9737323767569));
#14795=CARTESIAN_POINT('Ctrl Pts',(12.1970761428234,37.1118900983041,23.9737323767569));
#14796=CARTESIAN_POINT('Ctrl Pts',(12.296232914577,37.2082220424161,23.9737323767569));
#14797=CARTESIAN_POINT('Ctrl Pts',(12.3462000492145,37.2567656883638,23.9737323767569));
#14798=CARTESIAN_POINT('',(12.3462000492145,37.2567656883638,24.7737323767569));
#14799=CARTESIAN_POINT('Ctrl Pts',(12.3462000492145,37.2567656883638,24.7737323767569));
#14800=CARTESIAN_POINT('Ctrl Pts',(12.296232914577,37.2082220424161,24.7737323767569));
#14801=CARTESIAN_POINT('Ctrl Pts',(12.1970761428234,37.1118900983041,24.7737323767569));
#14802=CARTESIAN_POINT('Ctrl Pts',(12.0596614258291,37.0974769413882,24.7737323767569));
#14803=CARTESIAN_POINT('Ctrl Pts',(11.9914928081561,37.0903268703859,24.7737323767569));
#14804=CARTESIAN_POINT('',(12.3462000492145,37.2567656883638,23.9737323767569));
#14805=CARTESIAN_POINT('Ctrl Pts',(12.4880829456378,37.7997401604097,23.9737323767569));
#14806=CARTESIAN_POINT('Ctrl Pts',(12.4880829456378,37.7997401604097,24.7737323767569));
#14807=CARTESIAN_POINT('Ctrl Pts',(12.4864685065373,37.68879318272,23.9737323767569));
#14808=CARTESIAN_POINT('Ctrl Pts',(12.4864685065373,37.68879318272,24.7737323767569));
#14809=CARTESIAN_POINT('Ctrl Pts',(12.4836482302209,37.4949790379413,23.9737323767569));
#14810=CARTESIAN_POINT('Ctrl Pts',(12.4836482302209,37.4949790379413,24.7737323767569));
#14811=CARTESIAN_POINT('Ctrl Pts',(12.3873663329242,37.3281115458379,23.9737323767569));
#14812=CARTESIAN_POINT('Ctrl Pts',(12.3873663329242,37.3281115458379,24.7737323767569));
#14813=CARTESIAN_POINT('Ctrl Pts',(12.3462000492145,37.2567656883638,23.9737323767569));
#14814=CARTESIAN_POINT('Ctrl Pts',(12.3462000492145,37.2567656883638,24.7737323767569));
#14815=CARTESIAN_POINT('Ctrl Pts',(12.3462000492145,37.2567656883638,23.9737323767569));
#14816=CARTESIAN_POINT('Ctrl Pts',(12.3873663329242,37.3281115458379,23.9737323767569));
#14817=CARTESIAN_POINT('Ctrl Pts',(12.4836482302209,37.4949790379413,23.9737323767569));
#14818=CARTESIAN_POINT('Ctrl Pts',(12.4864685065373,37.68879318272,23.9737323767569));
#14819=CARTESIAN_POINT('Ctrl Pts',(12.4880829456378,37.7997401604097,23.9737323767569));
#14820=CARTESIAN_POINT('Ctrl Pts',(12.4880829456378,37.7997401604097,24.7737323767569));
#14821=CARTESIAN_POINT('Ctrl Pts',(12.4864685065373,37.68879318272,24.7737323767569));
#14822=CARTESIAN_POINT('Ctrl Pts',(12.4836482302209,37.4949790379413,24.7737323767569));
#14823=CARTESIAN_POINT('Ctrl Pts',(12.3873663329242,37.3281115458379,24.7737323767569));
#14824=CARTESIAN_POINT('Ctrl Pts',(12.3462000492145,37.2567656883638,24.7737323767569));
#14825=CARTESIAN_POINT('Origin',(13.601316511922,36.3427141556185,23.9737323767569));
#14826=CARTESIAN_POINT('',(13.601316511922,40.3427139171999,23.9737323767569));
#14827=CARTESIAN_POINT('',(13.601316511922,36.3427141556185,23.9737323767569));
#14828=CARTESIAN_POINT('',(13.601316511922,40.3427139171999,23.9737323767569));
#14829=CARTESIAN_POINT('',(13.601316511922,40.3427139171999,24.7737323767569));
#14830=CARTESIAN_POINT('',(13.601316511922,40.3427139171999,23.9737323767569));
#14831=CARTESIAN_POINT('',(13.601316511922,36.3427141556185,24.7737323767569));
#14832=CARTESIAN_POINT('',(13.601316511922,40.3427139171999,24.7737323767569));
#14833=CARTESIAN_POINT('',(13.601316511922,36.3427141556185,23.9737323767569));
#14834=CARTESIAN_POINT('Origin',(12.5617519023944,36.3427141556185,23.9737323767569));
#14835=CARTESIAN_POINT('',(12.5617519023944,36.3427141556185,23.9737323767569));
#14836=CARTESIAN_POINT('',(13.601316511922,36.3427141556185,23.9737323767569));
#14837=CARTESIAN_POINT('',(12.5617519023944,36.3427141556185,24.7737323767569));
#14838=CARTESIAN_POINT('',(13.601316511922,36.3427141556185,24.7737323767569));
#14839=CARTESIAN_POINT('',(12.5617519023944,36.3427141556185,23.9737323767569));
#14840=CARTESIAN_POINT('Origin',(12.5617519023944,36.7710909494799,23.9737323767569));
#14841=CARTESIAN_POINT('',(12.5617519023944,36.7710909494799,23.9737323767569));
#14842=CARTESIAN_POINT('',(12.5617519023944,36.3427141556185,23.9737323767569));
#14843=CARTESIAN_POINT('',(12.5617519023944,36.7710909494799,24.7737323767569));
#14844=CARTESIAN_POINT('',(12.5617519023944,36.3427141556185,24.7737323767569));
#14845=CARTESIAN_POINT('',(12.5617519023944,36.7710909494799,23.9737323767569));
#14846=CARTESIAN_POINT('Ctrl Pts',(12.1633878353167,36.4027413973253,23.9737323767569));
#14847=CARTESIAN_POINT('Ctrl Pts',(12.1633878353167,36.4027413973253,24.7737323767569));
#14848=CARTESIAN_POINT('Ctrl Pts',(12.2288115988292,36.4468951680113,23.9737323767569));
#14849=CARTESIAN_POINT('Ctrl Pts',(12.2288115988292,36.4468951680113,24.7737323767569));
#14850=CARTESIAN_POINT('Ctrl Pts',(12.3801739462371,36.5490479335987,23.9737323767569));
#14851=CARTESIAN_POINT('Ctrl Pts',(12.3801739462371,36.5490479335987,24.7737323767569));
#14852=CARTESIAN_POINT('Ctrl Pts',(12.4959934060704,36.6906780229739,23.9737323767569));
#14853=CARTESIAN_POINT('Ctrl Pts',(12.4959934060704,36.6906780229739,24.7737323767569));
#14854=CARTESIAN_POINT('Ctrl Pts',(12.5617519023944,36.7710909494799,23.9737323767569));
#14855=CARTESIAN_POINT('Ctrl Pts',(12.5617519023944,36.7710909494799,24.7737323767569));
#14856=CARTESIAN_POINT('',(12.1633878353167,36.4027413973253,23.9737323767569));
#14857=CARTESIAN_POINT('Ctrl Pts',(12.5617519023944,36.7710909494799,23.9737323767569));
#14858=CARTESIAN_POINT('Ctrl Pts',(12.4959934060704,36.6906780229739,23.9737323767569));
#14859=CARTESIAN_POINT('Ctrl Pts',(12.3801739462371,36.5490479335987,23.9737323767569));
#14860=CARTESIAN_POINT('Ctrl Pts',(12.2288115988292,36.4468951680113,23.9737323767569));
#14861=CARTESIAN_POINT('Ctrl Pts',(12.1633878353167,36.4027413973253,23.9737323767569));
#14862=CARTESIAN_POINT('',(12.1633878353167,36.4027413973253,24.7737323767569));
#14863=CARTESIAN_POINT('Ctrl Pts',(12.1633878353167,36.4027413973253,24.7737323767569));
#14864=CARTESIAN_POINT('Ctrl Pts',(12.2288115988292,36.4468951680113,24.7737323767569));
#14865=CARTESIAN_POINT('Ctrl Pts',(12.3801739462371,36.5490479335987,24.7737323767569));
#14866=CARTESIAN_POINT('Ctrl Pts',(12.4959934060704,36.6906780229739,24.7737323767569));
#14867=CARTESIAN_POINT('Ctrl Pts',(12.5617519023944,36.7710909494799,24.7737323767569));
#14868=CARTESIAN_POINT('',(12.1633878353167,36.4027413973253,23.9737323767569));
#14869=CARTESIAN_POINT('Ctrl Pts',(11.6286006572772,36.2772301086824,23.9737323767569));
#14870=CARTESIAN_POINT('Ctrl Pts',(11.6286006572772,36.2772301086824,24.7737323767569));
#14871=CARTESIAN_POINT('Ctrl Pts',(11.7236340796707,36.2819859321781,23.9737323767569));
#14872=CARTESIAN_POINT('Ctrl Pts',(11.7236340796707,36.2819859321781,24.7737323767569));
#14873=CARTESIAN_POINT('Ctrl Pts',(11.9096232809906,36.291293518828,23.9737323767569));
#14874=CARTESIAN_POINT('Ctrl Pts',(11.9096232809906,36.291293518828,24.7737323767569));
#14875=CARTESIAN_POINT('Ctrl Pts',(12.0800450981344,36.3661390780148,23.9737323767569));
#14876=CARTESIAN_POINT('Ctrl Pts',(12.0800450981344,36.3661390780148,24.7737323767569));
#14877=CARTESIAN_POINT('Ctrl Pts',(12.1633878353167,36.4027413973253,23.9737323767569));
#14878=CARTESIAN_POINT('Ctrl Pts',(12.1633878353167,36.4027413973253,24.7737323767569));
#14879=CARTESIAN_POINT('',(11.6286006572772,36.2772301086824,23.9737323767569));
#14880=CARTESIAN_POINT('Ctrl Pts',(12.1633878353167,36.4027413973253,23.9737323767569));
#14881=CARTESIAN_POINT('Ctrl Pts',(12.0800450981344,36.3661390780148,23.9737323767569));
#14882=CARTESIAN_POINT('Ctrl Pts',(11.9096232809906,36.291293518828,23.9737323767569));
#14883=CARTESIAN_POINT('Ctrl Pts',(11.7236340796707,36.2819859321781,23.9737323767569));
#14884=CARTESIAN_POINT('Ctrl Pts',(11.6286006572772,36.2772301086824,23.9737323767569));
#14885=CARTESIAN_POINT('',(11.6286006572772,36.2772301086824,24.7737323767569));
#14886=CARTESIAN_POINT('Ctrl Pts',(11.6286006572772,36.2772301086824,24.7737323767569));
#14887=CARTESIAN_POINT('Ctrl Pts',(11.7236340796707,36.2819859321781,24.7737323767569));
#14888=CARTESIAN_POINT('Ctrl Pts',(11.9096232809906,36.291293518828,24.7737323767569));
#14889=CARTESIAN_POINT('Ctrl Pts',(12.0800450981344,36.3661390780148,24.7737323767569));
#14890=CARTESIAN_POINT('Ctrl Pts',(12.1633878353167,36.4027413973253,24.7737323767569));
#14891=CARTESIAN_POINT('',(11.6286006572772,36.2772301086824,23.9737323767569));
#14892=CARTESIAN_POINT('Ctrl Pts',(10.7240977886249,36.727434719507,23.9737323767569));
#14893=CARTESIAN_POINT('Ctrl Pts',(10.7240977886249,36.727434719507,24.7737323767569));
#14894=CARTESIAN_POINT('Ctrl Pts',(10.8420736972923,36.5961446817159,23.9737323767569));
#14895=CARTESIAN_POINT('Ctrl Pts',(10.8420736972923,36.5961446817159,24.7737323767569));
#14896=CARTESIAN_POINT('Ctrl Pts',(11.0835939716195,36.3273677229122,23.9737323767569));
#14897=CARTESIAN_POINT('Ctrl Pts',(11.0835939716195,36.3273677229122,24.7737323767569));
#14898=CARTESIAN_POINT('Ctrl Pts',(11.444160703678,36.2941975688723,23.9737323767569));
#14899=CARTESIAN_POINT('Ctrl Pts',(11.444160703678,36.2941975688723,24.7737323767569));
#14900=CARTESIAN_POINT('Ctrl Pts',(11.6286006572772,36.2772301086824,23.9737323767569));
#14901=CARTESIAN_POINT('Ctrl Pts',(11.6286006572772,36.2772301086824,24.7737323767569));
#14902=CARTESIAN_POINT('',(10.7240977886249,36.727434719507,23.9737323767569));
#14903=CARTESIAN_POINT('Ctrl Pts',(11.6286006572772,36.2772301086824,23.9737323767569));
#14904=CARTESIAN_POINT('Ctrl Pts',(11.444160703678,36.2941975688723,23.9737323767569));
#14905=CARTESIAN_POINT('Ctrl Pts',(11.0835939716195,36.3273677229122,23.9737323767569));
#14906=CARTESIAN_POINT('Ctrl Pts',(10.8420736972923,36.5961446817159,23.9737323767569));
#14907=CARTESIAN_POINT('Ctrl Pts',(10.7240977886249,36.727434719507,23.9737323767569));
#14908=CARTESIAN_POINT('',(10.7240977886249,36.727434719507,24.7737323767569));
#14909=CARTESIAN_POINT('Ctrl Pts',(10.7240977886249,36.727434719507,24.7737323767569));
#14910=CARTESIAN_POINT('Ctrl Pts',(10.8420736972923,36.5961446817159,24.7737323767569));
#14911=CARTESIAN_POINT('Ctrl Pts',(11.0835939716195,36.3273677229122,24.7737323767569));
#14912=CARTESIAN_POINT('Ctrl Pts',(11.444160703678,36.2941975688723,24.7737323767569));
#14913=CARTESIAN_POINT('Ctrl Pts',(11.6286006572772,36.2772301086824,24.7737323767569));
#14914=CARTESIAN_POINT('',(10.7240977886249,36.727434719507,23.9737323767569));
#14915=CARTESIAN_POINT('Ctrl Pts',(10.4116836193133,37.8215679773729,23.9737323767569));
#14916=CARTESIAN_POINT('Ctrl Pts',(10.4116836193133,37.8215679773729,24.7737323767569));
#14917=CARTESIAN_POINT('Ctrl Pts',(10.4223039330618,37.6185553892397,23.9737323767569));
#14918=CARTESIAN_POINT('Ctrl Pts',(10.4223039330618,37.6185553892397,24.7737323767569));
#14919=CARTESIAN_POINT('Ctrl Pts',(10.4426665380488,37.2293140506631,23.9737323767569));
#14920=CARTESIAN_POINT('Ctrl Pts',(10.4426665380488,37.2293140506631,24.7737323767569));
#14921=CARTESIAN_POINT('Ctrl Pts',(10.6330233937423,36.8898486529118,23.9737323767569));
#14922=CARTESIAN_POINT('Ctrl Pts',(10.6330233937423,36.8898486529118,24.7737323767569));
#14923=CARTESIAN_POINT('Ctrl Pts',(10.7240977886249,36.727434719507,23.9737323767569));
#14924=CARTESIAN_POINT('Ctrl Pts',(10.7240977886249,36.727434719507,24.7737323767569));
#14925=CARTESIAN_POINT('',(10.4116836193133,37.8215679773729,23.9737323767569));
#14926=CARTESIAN_POINT('Ctrl Pts',(10.7240977886249,36.727434719507,23.9737323767569));
#14927=CARTESIAN_POINT('Ctrl Pts',(10.6330233937423,36.8898486529118,23.9737323767569));
#14928=CARTESIAN_POINT('Ctrl Pts',(10.4426665380488,37.2293140506631,23.9737323767569));
#14929=CARTESIAN_POINT('Ctrl Pts',(10.4223039330618,37.6185553892397,23.9737323767569));
#14930=CARTESIAN_POINT('Ctrl Pts',(10.4116836193133,37.8215679773729,23.9737323767569));
#14931=CARTESIAN_POINT('',(10.4116836193133,37.8215679773729,24.7737323767569));
#14932=CARTESIAN_POINT('Ctrl Pts',(10.4116836193133,37.8215679773729,24.7737323767569));
#14933=CARTESIAN_POINT('Ctrl Pts',(10.4223039330618,37.6185553892397,24.7737323767569));
#14934=CARTESIAN_POINT('Ctrl Pts',(10.4426665380488,37.2293140506631,24.7737323767569));
#14935=CARTESIAN_POINT('Ctrl Pts',(10.6330233937423,36.8898486529118,24.7737323767569));
#14936=CARTESIAN_POINT('Ctrl Pts',(10.7240977886249,36.727434719507,24.7737323767569));
#14937=CARTESIAN_POINT('',(10.4116836193133,37.8215679773729,23.9737323767569));
#14938=CARTESIAN_POINT('Ctrl Pts',(10.7568398120929,38.9238873371523,23.9737323767569));
#14939=CARTESIAN_POINT('Ctrl Pts',(10.7568398120929,38.9238873371523,24.7737323767569));
#14940=CARTESIAN_POINT('Ctrl Pts',(10.6563914451597,38.7730656596827,23.9737323767569));
#14941=CARTESIAN_POINT('Ctrl Pts',(10.6563914451597,38.7730656596827,24.7737323767569));
#14942=CARTESIAN_POINT('Ctrl Pts',(10.4351641679705,38.440896306746,23.9737323767569));
#14943=CARTESIAN_POINT('Ctrl Pts',(10.4351641679705,38.440896306746,24.7737323767569));
#14944=CARTESIAN_POINT('Ctrl Pts',(10.4199757356057,38.0402827359309,23.9737323767569));
#14945=CARTESIAN_POINT('Ctrl Pts',(10.4199757356057,38.0402827359309,24.7737323767569));
#14946=CARTESIAN_POINT('Ctrl Pts',(10.4116836193133,37.8215679773729,23.9737323767569));
#14947=CARTESIAN_POINT('Ctrl Pts',(10.4116836193133,37.8215679773729,24.7737323767569));
#14948=CARTESIAN_POINT('',(10.7568398120929,38.9238873371523,23.9737323767569));
#14949=CARTESIAN_POINT('Ctrl Pts',(10.4116836193133,37.8215679773729,23.9737323767569));
#14950=CARTESIAN_POINT('Ctrl Pts',(10.4199757356057,38.0402827359309,23.9737323767569));
#14951=CARTESIAN_POINT('Ctrl Pts',(10.4351641679705,38.440896306746,23.9737323767569));
#14952=CARTESIAN_POINT('Ctrl Pts',(10.6563914451597,38.7730656596827,23.9737323767569));
#14953=CARTESIAN_POINT('Ctrl Pts',(10.7568398120929,38.9238873371523,23.9737323767569));
#14954=CARTESIAN_POINT('',(10.7568398120929,38.9238873371523,24.7737323767569));
#14955=CARTESIAN_POINT('Ctrl Pts',(10.7568398120929,38.9238873371523,24.7737323767569));
#14956=CARTESIAN_POINT('Ctrl Pts',(10.6563914451597,38.7730656596827,24.7737323767569));
#14957=CARTESIAN_POINT('Ctrl Pts',(10.4351641679705,38.440896306746,24.7737323767569));
#14958=CARTESIAN_POINT('Ctrl Pts',(10.4199757356057,38.0402827359309,24.7737323767569));
#14959=CARTESIAN_POINT('Ctrl Pts',(10.4116836193133,37.8215679773729,24.7737323767569));
#14960=CARTESIAN_POINT('',(10.7568398120929,38.9238873371523,23.9737323767569));
#14961=CARTESIAN_POINT('Ctrl Pts',(11.6340580585528,39.305879200403,23.9737323767569));
#14962=CARTESIAN_POINT('Ctrl Pts',(11.6340580585528,39.305879200403,24.7737323767569));
#14963=CARTESIAN_POINT('Ctrl Pts',(11.465044055935,39.2905690536413,23.9737323767569));
#14964=CARTESIAN_POINT('Ctrl Pts',(11.465044055935,39.2905690536413,24.7737323767569));
#14965=CARTESIAN_POINT('Ctrl Pts',(11.1301599149098,39.2602335473055,23.9737323767569));
#14966=CARTESIAN_POINT('Ctrl Pts',(11.1301599149098,39.2602335473055,24.7737323767569));
#14967=CARTESIAN_POINT('Ctrl Pts',(10.8804985798116,39.0352988511869,23.9737323767569));
#14968=CARTESIAN_POINT('Ctrl Pts',(10.8804985798116,39.0352988511869,24.7737323767569));
#14969=CARTESIAN_POINT('Ctrl Pts',(10.7568398120929,38.9238873371523,23.9737323767569));
#14970=CARTESIAN_POINT('Ctrl Pts',(10.7568398120929,38.9238873371523,24.7737323767569));
#14971=CARTESIAN_POINT('',(11.6340580585528,39.305879200403,23.9737323767569));
#14972=CARTESIAN_POINT('Ctrl Pts',(10.7568398120929,38.9238873371523,23.9737323767569));
#14973=CARTESIAN_POINT('Ctrl Pts',(10.8804985798116,39.0352988511869,23.9737323767569));
#14974=CARTESIAN_POINT('Ctrl Pts',(11.1301599149098,39.2602335473055,23.9737323767569));
#14975=CARTESIAN_POINT('Ctrl Pts',(11.465044055935,39.2905690536413,23.9737323767569));
#14976=CARTESIAN_POINT('Ctrl Pts',(11.6340580585528,39.305879200403,23.9737323767569));
#14977=CARTESIAN_POINT('',(11.6340580585528,39.305879200403,24.7737323767569));
#14978=CARTESIAN_POINT('Ctrl Pts',(11.6340580585528,39.305879200403,24.7737323767569));
#14979=CARTESIAN_POINT('Ctrl Pts',(11.465044055935,39.2905690536413,24.7737323767569));
#14980=CARTESIAN_POINT('Ctrl Pts',(11.1301599149098,39.2602335473055,24.7737323767569));
#14981=CARTESIAN_POINT('Ctrl Pts',(10.8804985798116,39.0352988511869,24.7737323767569));
#14982=CARTESIAN_POINT('Ctrl Pts',(10.7568398120929,38.9238873371523,24.7737323767569));
#14983=CARTESIAN_POINT('',(11.6340580585528,39.305879200403,23.9737323767569));
#14984=CARTESIAN_POINT('Ctrl Pts',(12.1047249439288,39.2185667404573,23.9737323767569));
#14985=CARTESIAN_POINT('Ctrl Pts',(12.1047249439288,39.2185667404573,24.7737323767569));
#14986=CARTESIAN_POINT('Ctrl Pts',(12.0309451269842,39.2440256143666,23.9737323767569));
#14987=CARTESIAN_POINT('Ctrl Pts',(12.0309451269842,39.2440256143666,24.7737323767569));
#14988=CARTESIAN_POINT('Ctrl Pts',(11.8784931120955,39.2966315543782,23.9737323767569));
#14989=CARTESIAN_POINT('Ctrl Pts',(11.8784931120955,39.2966315543782,24.7737323767569));
#14990=CARTESIAN_POINT('Ctrl Pts',(11.7172611236107,39.3027314010891,23.9737323767569));
#14991=CARTESIAN_POINT('Ctrl Pts',(11.7172611236107,39.3027314010891,24.7737323767569));
#14992=CARTESIAN_POINT('Ctrl Pts',(11.6340580585528,39.305879200403,23.9737323767569));
#14993=CARTESIAN_POINT('Ctrl Pts',(11.6340580585528,39.305879200403,24.7737323767569));
#14994=CARTESIAN_POINT('',(12.1047249439288,39.2185667404573,23.9737323767569));
#14995=CARTESIAN_POINT('Ctrl Pts',(11.6340580585528,39.305879200403,23.9737323767569));
#14996=CARTESIAN_POINT('Ctrl Pts',(11.7172611236107,39.3027314010891,23.9737323767569));
#14997=CARTESIAN_POINT('Ctrl Pts',(11.8784931120955,39.2966315543782,23.9737323767569));
#14998=CARTESIAN_POINT('Ctrl Pts',(12.0309451269842,39.2440256143666,23.9737323767569));
#14999=CARTESIAN_POINT('Ctrl Pts',(12.1047249439288,39.2185667404573,23.9737323767569));
#15000=CARTESIAN_POINT('',(12.1047249439288,39.2185667404573,24.7737323767569));
#15001=CARTESIAN_POINT('Ctrl Pts',(12.1047249439288,39.2185667404573,24.7737323767569));
#15002=CARTESIAN_POINT('Ctrl Pts',(12.0309451269842,39.2440256143666,24.7737323767569));
#15003=CARTESIAN_POINT('Ctrl Pts',(11.8784931120955,39.2966315543782,24.7737323767569));
#15004=CARTESIAN_POINT('Ctrl Pts',(11.7172611236107,39.3027314010891,24.7737323767569));
#15005=CARTESIAN_POINT('Ctrl Pts',(11.6340580585528,39.305879200403,24.7737323767569));
#15006=CARTESIAN_POINT('',(12.1047249439288,39.2185667404573,23.9737323767569));
#15007=CARTESIAN_POINT('Ctrl Pts',(12.4798956516314,38.9566293606203,23.9737323767569));
#15008=CARTESIAN_POINT('Ctrl Pts',(12.4798956516314,38.9566293606203,24.7737323767569));
#15009=CARTESIAN_POINT('Ctrl Pts',(12.4237575207119,39.0110243702331,23.9737323767569));
#15010=CARTESIAN_POINT('Ctrl Pts',(12.4237575207119,39.0110243702331,24.7737323767569));
#15011=CARTESIAN_POINT('Ctrl Pts',(12.3127795536431,39.1185564074891,23.9737323767569));
#15012=CARTESIAN_POINT('Ctrl Pts',(12.3127795536431,39.1185564074891,24.7737323767569));
#15013=CARTESIAN_POINT('Ctrl Pts',(12.1735334824898,39.1854909779833,23.9737323767569));
#15014=CARTESIAN_POINT('Ctrl Pts',(12.1735334824898,39.1854909779833,24.7737323767569));
#15015=CARTESIAN_POINT('Ctrl Pts',(12.1047249439288,39.2185667404573,23.9737323767569));
#15016=CARTESIAN_POINT('Ctrl Pts',(12.1047249439288,39.2185667404573,24.7737323767569));
#15017=CARTESIAN_POINT('',(12.4798956516314,38.9566293606203,23.9737323767569));
#15018=CARTESIAN_POINT('Ctrl Pts',(12.1047249439288,39.2185667404573,23.9737323767569));
#15019=CARTESIAN_POINT('Ctrl Pts',(12.1735334824898,39.1854909779833,23.9737323767569));
#15020=CARTESIAN_POINT('Ctrl Pts',(12.3127795536431,39.1185564074891,23.9737323767569));
#15021=CARTESIAN_POINT('Ctrl Pts',(12.4237575207119,39.0110243702331,23.9737323767569));
#15022=CARTESIAN_POINT('Ctrl Pts',(12.4798956516314,38.9566293606203,23.9737323767569));
#15023=CARTESIAN_POINT('',(12.4798956516314,38.9566293606203,24.7737323767569));
#15024=CARTESIAN_POINT('Ctrl Pts',(12.4798956516314,38.9566293606203,24.7737323767569));
#15025=CARTESIAN_POINT('Ctrl Pts',(12.4237575207119,39.0110243702331,24.7737323767569));
#15026=CARTESIAN_POINT('Ctrl Pts',(12.3127795536431,39.1185564074891,24.7737323767569));
#15027=CARTESIAN_POINT('Ctrl Pts',(12.1735334824898,39.1854909779833,24.7737323767569));
#15028=CARTESIAN_POINT('Ctrl Pts',(12.1047249439288,39.2185667404573,24.7737323767569));
#15029=CARTESIAN_POINT('',(12.4798956516314,38.9566293606203,23.9737323767569));
#15030=CARTESIAN_POINT('Origin',(12.4798956516314,40.3427139171999,23.9737323767569));
#15031=CARTESIAN_POINT('',(12.4798956516314,40.3427139171999,23.9737323767569));
#15032=CARTESIAN_POINT('',(12.4798956516314,38.9566293606203,23.9737323767569));
#15033=CARTESIAN_POINT('',(12.4798956516314,40.3427139171999,24.7737323767569));
#15034=CARTESIAN_POINT('',(12.4798956516314,38.9566293606203,24.7737323767569));
#15035=CARTESIAN_POINT('',(12.4798956516314,40.3427139171999,23.9737323767569));
#15036=CARTESIAN_POINT('Origin',(13.601316511922,40.3427139171999,23.9737323767569));
#15037=CARTESIAN_POINT('',(12.4798956516314,40.3427139171999,23.9737323767569));
#15038=CARTESIAN_POINT('',(12.4798956516314,40.3427139171999,24.7737323767569));
#15039=CARTESIAN_POINT('Origin',(0.245244205288975,33.814747209255,24.7737323767569));
#15040=CARTESIAN_POINT('Origin',(0.245244205288975,33.814747209255,23.9737323767569));
#15041=CARTESIAN_POINT('Origin',(4.54538255959043,38.6373934397142,23.9737323767569));
#15042=CARTESIAN_POINT('',(4.24251705437192,38.6373934397142,23.9737323767569));
#15043=CARTESIAN_POINT('',(4.54538255959043,38.6373934397142,23.9737323767569));
#15044=CARTESIAN_POINT('',(4.24251705437192,38.6373934397142,23.9737323767569));
#15045=CARTESIAN_POINT('',(4.24251705437192,38.6373934397142,24.7737323767569));
#15046=CARTESIAN_POINT('',(4.24251705437192,38.6373934397142,23.9737323767569));
#15047=CARTESIAN_POINT('',(4.54538255959043,38.6373934397142,24.7737323767569));
#15048=CARTESIAN_POINT('',(4.24251705437192,38.6373934397142,24.7737323767569));
#15049=CARTESIAN_POINT('',(4.54538255959043,38.6373934397142,23.9737323767569));
#15050=CARTESIAN_POINT('Ctrl Pts',(5.04743009834775,38.7615409740847,23.9737323767569));
#15051=CARTESIAN_POINT('Ctrl Pts',(5.04743009834775,38.7615409740847,24.7737323767569));
#15052=CARTESIAN_POINT('Ctrl Pts',(4.98285868304302,38.725576304716,23.9737323767569));
#15053=CARTESIAN_POINT('Ctrl Pts',(4.98285868304302,38.725576304716,24.7737323767569));
#15054=CARTESIAN_POINT('Ctrl Pts',(4.82797059126091,38.6393074970122,23.9737323767569));
#15055=CARTESIAN_POINT('Ctrl Pts',(4.82797059126091,38.6393074970122,24.7737323767569));
#15056=CARTESIAN_POINT('Ctrl Pts',(4.64946867510085,38.6380984475938,23.9737323767569));
#15057=CARTESIAN_POINT('Ctrl Pts',(4.64946867510085,38.6380984475938,24.7737323767569));
#15058=CARTESIAN_POINT('Ctrl Pts',(4.54538255959043,38.6373934397142,23.9737323767569));
#15059=CARTESIAN_POINT('Ctrl Pts',(4.54538255959043,38.6373934397142,24.7737323767569));
#15060=CARTESIAN_POINT('',(5.04743009834775,38.7615409740847,23.9737323767569));
#15061=CARTESIAN_POINT('Ctrl Pts',(4.54538255959043,38.6373934397142,23.9737323767569));
#15062=CARTESIAN_POINT('Ctrl Pts',(4.64946867510085,38.6380984475938,23.9737323767569));
#15063=CARTESIAN_POINT('Ctrl Pts',(4.82797059126091,38.6393074970122,23.9737323767569));
#15064=CARTESIAN_POINT('Ctrl Pts',(4.98285868304302,38.725576304716,23.9737323767569));
#15065=CARTESIAN_POINT('Ctrl Pts',(5.04743009834775,38.7615409740847,23.9737323767569));
#15066=CARTESIAN_POINT('',(5.04743009834775,38.7615409740847,24.7737323767569));
#15067=CARTESIAN_POINT('Ctrl Pts',(5.04743009834775,38.7615409740847,24.7737323767569));
#15068=CARTESIAN_POINT('Ctrl Pts',(4.98285868304302,38.725576304716,24.7737323767569));
#15069=CARTESIAN_POINT('Ctrl Pts',(4.82797059126091,38.6393074970122,24.7737323767569));
#15070=CARTESIAN_POINT('Ctrl Pts',(4.64946867510085,38.6380984475938,24.7737323767569));
#15071=CARTESIAN_POINT('Ctrl Pts',(4.54538255959043,38.6373934397142,24.7737323767569));
#15072=CARTESIAN_POINT('',(5.04743009834775,38.7615409740847,23.9737323767569));
#15073=CARTESIAN_POINT('Ctrl Pts',(5.19204050331601,39.0794125446718,23.9737323767569));
#15074=CARTESIAN_POINT('Ctrl Pts',(5.19204050331601,39.0794125446718,24.7737323767569));
#15075=CARTESIAN_POINT('Ctrl Pts',(5.18612840279981,39.0178349040494,23.9737323767569));
#15076=CARTESIAN_POINT('Ctrl Pts',(5.18612840279981,39.0178349040494,24.7737323767569));
#15077=CARTESIAN_POINT('Ctrl Pts',(5.1743594438521,38.8952549982113,23.9737323767569));
#15078=CARTESIAN_POINT('Ctrl Pts',(5.1743594438521,38.8952549982113,24.7737323767569));
#15079=CARTESIAN_POINT('Ctrl Pts',(5.08960727466976,38.805972621864,23.9737323767569));
#15080=CARTESIAN_POINT('Ctrl Pts',(5.08960727466976,38.805972621864,24.7737323767569));
#15081=CARTESIAN_POINT('Ctrl Pts',(5.04743009834775,38.7615409740847,23.9737323767569));
#15082=CARTESIAN_POINT('Ctrl Pts',(5.04743009834775,38.7615409740847,24.7737323767569));
#15083=CARTESIAN_POINT('',(5.19204050331601,39.0794125446718,23.9737323767569));
#15084=CARTESIAN_POINT('Ctrl Pts',(5.04743009834775,38.7615409740847,23.9737323767569));
#15085=CARTESIAN_POINT('Ctrl Pts',(5.08960727466976,38.805972621864,23.9737323767569));
#15086=CARTESIAN_POINT('Ctrl Pts',(5.1743594438521,38.8952549982113,23.9737323767569));
#15087=CARTESIAN_POINT('Ctrl Pts',(5.18612840279981,39.0178349040494,23.9737323767569));
#15088=CARTESIAN_POINT('Ctrl Pts',(5.19204050331601,39.0794125446718,23.9737323767569));
#15089=CARTESIAN_POINT('',(5.19204050331601,39.0794125446718,24.7737323767569));
#15090=CARTESIAN_POINT('Ctrl Pts',(5.19204050331601,39.0794125446718,24.7737323767569));
#15091=CARTESIAN_POINT('Ctrl Pts',(5.18612840279981,39.0178349040494,24.7737323767569));
#15092=CARTESIAN_POINT('Ctrl Pts',(5.1743594438521,38.8952549982113,24.7737323767569));
#15093=CARTESIAN_POINT('Ctrl Pts',(5.08960727466976,38.805972621864,24.7737323767569));
#15094=CARTESIAN_POINT('Ctrl Pts',(5.04743009834775,38.7615409740847,24.7737323767569));
#15095=CARTESIAN_POINT('',(5.19204050331601,39.0794125446718,23.9737323767569));
#15096=CARTESIAN_POINT('Ctrl Pts',(5.06652742653379,39.3986487636011,23.9737323767569));
#15097=CARTESIAN_POINT('Ctrl Pts',(5.06652742653379,39.3986487636011,24.7737323767569));
#15098=CARTESIAN_POINT('Ctrl Pts',(5.10313310954275,39.3522857485633,23.9737323767569));
#15099=CARTESIAN_POINT('Ctrl Pts',(5.10313310954275,39.3522857485633,24.7737323767569));
#15100=CARTESIAN_POINT('Ctrl Pts',(5.17711182716993,39.2585878274787,23.9737323767569));
#15101=CARTESIAN_POINT('Ctrl Pts',(5.17711182716993,39.2585878274787,24.7737323767569));
#15102=CARTESIAN_POINT('Ctrl Pts',(5.18702998557237,39.139549218878,23.9737323767569));
#15103=CARTESIAN_POINT('Ctrl Pts',(5.18702998557237,39.139549218878,24.7737323767569));
#15104=CARTESIAN_POINT('Ctrl Pts',(5.19204050331601,39.0794125446718,23.9737323767569));
#15105=CARTESIAN_POINT('Ctrl Pts',(5.19204050331601,39.0794125446718,24.7737323767569));
#15106=CARTESIAN_POINT('',(5.06652742653379,39.3986487636011,23.9737323767569));
#15107=CARTESIAN_POINT('Ctrl Pts',(5.19204050331601,39.0794125446718,23.9737323767569));
#15108=CARTESIAN_POINT('Ctrl Pts',(5.18702998557237,39.139549218878,23.9737323767569));
#15109=CARTESIAN_POINT('Ctrl Pts',(5.17711182716993,39.2585878274787,23.9737323767569));
#15110=CARTESIAN_POINT('Ctrl Pts',(5.10313310954275,39.3522857485633,23.9737323767569));
#15111=CARTESIAN_POINT('Ctrl Pts',(5.06652742653379,39.3986487636011,23.9737323767569));
#15112=CARTESIAN_POINT('',(5.06652742653379,39.3986487636011,24.7737323767569));
#15113=CARTESIAN_POINT('Ctrl Pts',(5.06652742653379,39.3986487636011,24.7737323767569));
#15114=CARTESIAN_POINT('Ctrl Pts',(5.10313310954275,39.3522857485633,24.7737323767569));
#15115=CARTESIAN_POINT('Ctrl Pts',(5.17711182716993,39.2585878274787,24.7737323767569));
#15116=CARTESIAN_POINT('Ctrl Pts',(5.18702998557237,39.139549218878,24.7737323767569));
#15117=CARTESIAN_POINT('Ctrl Pts',(5.19204050331601,39.0794125446718,24.7737323767569));
#15118=CARTESIAN_POINT('',(5.06652742653379,39.3986487636011,23.9737323767569));
#15119=CARTESIAN_POINT('Ctrl Pts',(4.59449678688535,39.5296171554964,23.9737323767569));
#15120=CARTESIAN_POINT('Ctrl Pts',(4.59449678688535,39.5296171554964,24.7737323767569));
#15121=CARTESIAN_POINT('Ctrl Pts',(4.69488893865095,39.5292013068305,23.9737323767569));
#15122=CARTESIAN_POINT('Ctrl Pts',(4.69488893865095,39.5292013068305,24.7737323767569));
#15123=CARTESIAN_POINT('Ctrl Pts',(4.86574657547476,39.5284935730177,23.9737323767569));
#15124=CARTESIAN_POINT('Ctrl Pts',(4.86574657547476,39.5284935730177,24.7737323767569));
#15125=CARTESIAN_POINT('Ctrl Pts',(5.00790013897868,39.4365629817103,23.9737323767569));
#15126=CARTESIAN_POINT('Ctrl Pts',(5.00790013897868,39.4365629817103,24.7737323767569));
#15127=CARTESIAN_POINT('Ctrl Pts',(5.06652742653379,39.3986487636011,23.9737323767569));
#15128=CARTESIAN_POINT('Ctrl Pts',(5.06652742653379,39.3986487636011,24.7737323767569));
#15129=CARTESIAN_POINT('',(4.59449678688535,39.5296171554964,23.9737323767569));
#15130=CARTESIAN_POINT('Ctrl Pts',(5.06652742653379,39.3986487636011,23.9737323767569));
#15131=CARTESIAN_POINT('Ctrl Pts',(5.00790013897868,39.4365629817103,23.9737323767569));
#15132=CARTESIAN_POINT('Ctrl Pts',(4.86574657547476,39.5284935730177,23.9737323767569));
#15133=CARTESIAN_POINT('Ctrl Pts',(4.69488893865095,39.5292013068305,23.9737323767569));
#15134=CARTESIAN_POINT('Ctrl Pts',(4.59449678688535,39.5296171554964,23.9737323767569));
#15135=CARTESIAN_POINT('',(4.59449678688535,39.5296171554964,24.7737323767569));
#15136=CARTESIAN_POINT('Ctrl Pts',(4.59449678688535,39.5296171554964,24.7737323767569));
#15137=CARTESIAN_POINT('Ctrl Pts',(4.69488893865095,39.5292013068305,24.7737323767569));
#15138=CARTESIAN_POINT('Ctrl Pts',(4.86574657547476,39.5284935730177,24.7737323767569));
#15139=CARTESIAN_POINT('Ctrl Pts',(5.00790013897868,39.4365629817103,24.7737323767569));
#15140=CARTESIAN_POINT('Ctrl Pts',(5.06652742653379,39.3986487636011,24.7737323767569));
#15141=CARTESIAN_POINT('',(4.59449678688535,39.5296171554964,23.9737323767569));
#15142=CARTESIAN_POINT('Origin',(4.24251705437192,39.5296171554964,23.9737323767569));
#15143=CARTESIAN_POINT('',(4.24251705437192,39.5296171554964,23.9737323767569));
#15144=CARTESIAN_POINT('',(4.59449678688535,39.5296171554964,23.9737323767569));
#15145=CARTESIAN_POINT('',(4.24251705437192,39.5296171554964,24.7737323767569));
#15146=CARTESIAN_POINT('',(4.59449678688535,39.5296171554964,24.7737323767569));
#15147=CARTESIAN_POINT('',(4.24251705437192,39.5296171554964,23.9737323767569));
#15148=CARTESIAN_POINT('Origin',(4.24251705437192,38.6373934397142,23.9737323767569));
#15149=CARTESIAN_POINT('',(4.24251705437192,39.5296171554964,23.9737323767569));
#15150=CARTESIAN_POINT('',(4.24251705437192,39.5296171554964,24.7737323767569));
#15151=CARTESIAN_POINT('Origin',(5.05561262398252,40.3427142152231,23.9737323767569));
#15152=CARTESIAN_POINT('',(3.00104528694638,40.3427142152231,23.9737323767569));
#15153=CARTESIAN_POINT('',(5.05561262398252,40.3427142152231,23.9737323767569));
#15154=CARTESIAN_POINT('',(3.00104528694638,40.3427142152231,23.9737323767569));
#15155=CARTESIAN_POINT('',(3.00104528694638,40.3427142152231,24.7737323767569));
#15156=CARTESIAN_POINT('',(3.00104528694638,40.3427142152231,23.9737323767569));
#15157=CARTESIAN_POINT('',(5.05561262398252,40.3427142152231,24.7737323767569));
#15158=CARTESIAN_POINT('',(3.00104528694638,40.3427142152231,24.7737323767569));
#15159=CARTESIAN_POINT('',(5.05561262398252,40.3427142152231,23.9737323767569));
#15160=CARTESIAN_POINT('Ctrl Pts',(6.06107145576963,40.0234779962938,23.9737323767569));
#15161=CARTESIAN_POINT('Ctrl Pts',(6.06107145576963,40.0234779962938,24.7737323767569));
#15162=CARTESIAN_POINT('Ctrl Pts',(5.92600724925403,40.116334650049,23.9737323767569));
#15163=CARTESIAN_POINT('Ctrl Pts',(5.92600724925403,40.116334650049,24.7737323767569));
#15164=CARTESIAN_POINT('Ctrl Pts',(5.62499779889642,40.3232786734136,23.9737323767569));
#15165=CARTESIAN_POINT('Ctrl Pts',(5.62499779889642,40.3232786734136,24.7737323767569));
#15166=CARTESIAN_POINT('Ctrl Pts',(5.25795936739211,40.3358072587992,23.9737323767569));
#15167=CARTESIAN_POINT('Ctrl Pts',(5.25795936739211,40.3358072587992,24.7737323767569));
#15168=CARTESIAN_POINT('Ctrl Pts',(5.05561262398252,40.3427142152231,23.9737323767569));
#15169=CARTESIAN_POINT('Ctrl Pts',(5.05561262398252,40.3427142152231,24.7737323767569));
#15170=CARTESIAN_POINT('',(6.06107145576963,40.0234779962938,23.9737323767569));
#15171=CARTESIAN_POINT('Ctrl Pts',(5.05561262398252,40.3427142152231,23.9737323767569));
#15172=CARTESIAN_POINT('Ctrl Pts',(5.25795936739211,40.3358072587992,23.9737323767569));
#15173=CARTESIAN_POINT('Ctrl Pts',(5.62499779889642,40.3232786734136,23.9737323767569));
#15174=CARTESIAN_POINT('Ctrl Pts',(5.92600724925403,40.116334650049,23.9737323767569));
#15175=CARTESIAN_POINT('Ctrl Pts',(6.06107145576963,40.0234779962938,23.9737323767569));
#15176=CARTESIAN_POINT('',(6.06107145576963,40.0234779962938,24.7737323767569));
#15177=CARTESIAN_POINT('Ctrl Pts',(6.06107145576963,40.0234779962938,24.7737323767569));
#15178=CARTESIAN_POINT('Ctrl Pts',(5.92600724925403,40.116334650049,24.7737323767569));
#15179=CARTESIAN_POINT('Ctrl Pts',(5.62499779889642,40.3232786734136,24.7737323767569));
#15180=CARTESIAN_POINT('Ctrl Pts',(5.25795936739211,40.3358072587992,24.7737323767569));
#15181=CARTESIAN_POINT('Ctrl Pts',(5.05561262398252,40.3427142152231,24.7737323767569));
#15182=CARTESIAN_POINT('',(6.06107145576963,40.0234779962938,23.9737323767569));
#15183=CARTESIAN_POINT('Ctrl Pts',(6.39531523018369,39.1148832687777,23.9737323767569));
#15184=CARTESIAN_POINT('Ctrl Pts',(6.39531523018369,39.1148832687777,24.7737323767569));
#15185=CARTESIAN_POINT('Ctrl Pts',(6.38561157087058,39.2958015646286,23.9737323767569));
#15186=CARTESIAN_POINT('Ctrl Pts',(6.38561157087058,39.2958015646286,24.7737323767569));
#15187=CARTESIAN_POINT('Ctrl Pts',(6.36744502183572,39.6345048297402,23.9737323767569));
#15188=CARTESIAN_POINT('Ctrl Pts',(6.36744502183572,39.6345048297402,24.7737323767569));
#15189=CARTESIAN_POINT('Ctrl Pts',(6.15843759731606,39.8998615339511,23.9737323767569));
#15190=CARTESIAN_POINT('Ctrl Pts',(6.15843759731606,39.8998615339511,24.7737323767569));
#15191=CARTESIAN_POINT('Ctrl Pts',(6.06107145576963,40.0234779962938,23.9737323767569));
#15192=CARTESIAN_POINT('Ctrl Pts',(6.06107145576963,40.0234779962938,24.7737323767569));
#15193=CARTESIAN_POINT('',(6.39531523018369,39.1148832687777,23.9737323767569));
#15194=CARTESIAN_POINT('Ctrl Pts',(6.06107145576963,40.0234779962938,23.9737323767569));
#15195=CARTESIAN_POINT('Ctrl Pts',(6.15843759731606,39.8998615339511,23.9737323767569));
#15196=CARTESIAN_POINT('Ctrl Pts',(6.36744502183572,39.6345048297402,23.9737323767569));
#15197=CARTESIAN_POINT('Ctrl Pts',(6.38561157087058,39.2958015646286,23.9737323767569));
#15198=CARTESIAN_POINT('Ctrl Pts',(6.39531523018369,39.1148832687777,23.9737323767569));
#15199=CARTESIAN_POINT('',(6.39531523018369,39.1148832687777,24.7737323767569));
#15200=CARTESIAN_POINT('Ctrl Pts',(6.39531523018369,39.1148832687777,24.7737323767569));
#15201=CARTESIAN_POINT('Ctrl Pts',(6.38561157087058,39.2958015646286,24.7737323767569));
#15202=CARTESIAN_POINT('Ctrl Pts',(6.36744502183572,39.6345048297402,24.7737323767569));
#15203=CARTESIAN_POINT('Ctrl Pts',(6.15843759731606,39.8998615339511,24.7737323767569));
#15204=CARTESIAN_POINT('Ctrl Pts',(6.06107145576963,40.0234779962938,24.7737323767569));
#15205=CARTESIAN_POINT('',(6.39531523018369,39.1148832687777,23.9737323767569));
#15206=CARTESIAN_POINT('Ctrl Pts',(6.03105932503232,38.1680891165178,23.9737323767569));
#15207=CARTESIAN_POINT('Ctrl Pts',(6.03105932503232,38.1680891165178,24.7737323767569));
#15208=CARTESIAN_POINT('Ctrl Pts',(6.13721433826988,38.2978218617816,23.9737323767569));
#15209=CARTESIAN_POINT('Ctrl Pts',(6.13721433826988,38.2978218617816,24.7737323767569));
#15210=CARTESIAN_POINT('Ctrl Pts',(6.3618235912724,38.5723183185664,23.9737323767569));
#15211=CARTESIAN_POINT('Ctrl Pts',(6.3618235912724,38.5723183185664,24.7737323767569));
#15212=CARTESIAN_POINT('Ctrl Pts',(6.38375111243477,38.927544423184,23.9737323767569));
#15213=CARTESIAN_POINT('Ctrl Pts',(6.38375111243477,38.927544423184,24.7737323767569));
#15214=CARTESIAN_POINT('Ctrl Pts',(6.39531523018369,39.1148832687777,23.9737323767569));
#15215=CARTESIAN_POINT('Ctrl Pts',(6.39531523018369,39.1148832687777,24.7737323767569));
#15216=CARTESIAN_POINT('',(6.03105932503232,38.1680891165178,23.9737323767569));
#15217=CARTESIAN_POINT('Ctrl Pts',(6.39531523018369,39.1148832687777,23.9737323767569));
#15218=CARTESIAN_POINT('Ctrl Pts',(6.38375111243477,38.927544423184,23.9737323767569));
#15219=CARTESIAN_POINT('Ctrl Pts',(6.3618235912724,38.5723183185664,23.9737323767569));
#15220=CARTESIAN_POINT('Ctrl Pts',(6.13721433826988,38.2978218617816,23.9737323767569));
#15221=CARTESIAN_POINT('Ctrl Pts',(6.03105932503232,38.1680891165178,23.9737323767569));
#15222=CARTESIAN_POINT('',(6.03105932503232,38.1680891165178,24.7737323767569));
#15223=CARTESIAN_POINT('Ctrl Pts',(6.03105932503232,38.1680891165178,24.7737323767569));
#15224=CARTESIAN_POINT('Ctrl Pts',(6.13721433826988,38.2978218617816,24.7737323767569));
#15225=CARTESIAN_POINT('Ctrl Pts',(6.3618235912724,38.5723183185664,24.7737323767569));
#15226=CARTESIAN_POINT('Ctrl Pts',(6.38375111243477,38.927544423184,24.7737323767569));
#15227=CARTESIAN_POINT('Ctrl Pts',(6.39531523018369,39.1148832687777,24.7737323767569));
#15228=CARTESIAN_POINT('',(6.03105932503232,38.1680891165178,23.9737323767569));
#15229=CARTESIAN_POINT('Ctrl Pts',(4.9191895130206,37.8270253786486,23.9737323767569));
#15230=CARTESIAN_POINT('Ctrl Pts',(4.9191895130206,37.8270253786486,24.7737323767569));
#15231=CARTESIAN_POINT('Ctrl Pts',(5.1435976561212,37.8337782987426,23.9737323767569));
#15232=CARTESIAN_POINT('Ctrl Pts',(5.1435976561212,37.8337782987426,24.7737323767569));
#15233=CARTESIAN_POINT('Ctrl Pts',(5.54772470114436,37.8459393442608,23.9737323767569));
#15234=CARTESIAN_POINT('Ctrl Pts',(5.54772470114436,37.8459393442608,24.7737323767569));
#15235=CARTESIAN_POINT('Ctrl Pts',(5.88227972260343,38.0689252812159,23.9737323767569));
#15236=CARTESIAN_POINT('Ctrl Pts',(5.88227972260343,38.0689252812159,24.7737323767569));
#15237=CARTESIAN_POINT('Ctrl Pts',(6.03105932503232,38.1680891165178,23.9737323767569));
#15238=CARTESIAN_POINT('Ctrl Pts',(6.03105932503232,38.1680891165178,24.7737323767569));
#15239=CARTESIAN_POINT('',(4.9191895130206,37.8270253786486,23.9737323767569));
#15240=CARTESIAN_POINT('Ctrl Pts',(6.03105932503232,38.1680891165178,23.9737323767569));
#15241=CARTESIAN_POINT('Ctrl Pts',(5.88227972260343,38.0689252812159,23.9737323767569));
#15242=CARTESIAN_POINT('Ctrl Pts',(5.54772470114436,37.8459393442608,23.9737323767569));
#15243=CARTESIAN_POINT('Ctrl Pts',(5.1435976561212,37.8337782987426,23.9737323767569));
#15244=CARTESIAN_POINT('Ctrl Pts',(4.9191895130206,37.8270253786486,23.9737323767569));
#15245=CARTESIAN_POINT('',(4.9191895130206,37.8270253786486,24.7737323767569));
#15246=CARTESIAN_POINT('Ctrl Pts',(4.9191895130206,37.8270253786486,24.7737323767569));
#15247=CARTESIAN_POINT('Ctrl Pts',(5.1435976561212,37.8337782987426,24.7737323767569));
#15248=CARTESIAN_POINT('Ctrl Pts',(5.54772470114436,37.8459393442608,24.7737323767569));
#15249=CARTESIAN_POINT('Ctrl Pts',(5.88227972260343,38.0689252812159,24.7737323767569));
#15250=CARTESIAN_POINT('Ctrl Pts',(6.03105932503232,38.1680891165178,24.7737323767569));
#15251=CARTESIAN_POINT('',(4.9191895130206,37.8270253786486,23.9737323767569));
#15252=CARTESIAN_POINT('Origin',(4.24251705437192,37.8270253786486,23.9737323767569));
#15253=CARTESIAN_POINT('',(4.24251705437192,37.8270253786486,23.9737323767569));
#15254=CARTESIAN_POINT('',(4.9191895130206,37.8270253786486,23.9737323767569));
#15255=CARTESIAN_POINT('',(4.24251705437192,37.8270253786486,24.7737323767569));
#15256=CARTESIAN_POINT('',(4.9191895130206,37.8270253786486,24.7737323767569));
#15257=CARTESIAN_POINT('',(4.24251705437192,37.8270253786486,23.9737323767569));
#15258=CARTESIAN_POINT('Origin',(4.24251705437192,36.3427141556185,23.9737323767569));
#15259=CARTESIAN_POINT('',(4.24251705437192,36.3427141556185,23.9737323767569));
#15260=CARTESIAN_POINT('',(4.24251705437192,37.8270253786486,23.9737323767569));
#15261=CARTESIAN_POINT('',(4.24251705437192,36.3427141556185,24.7737323767569));
#15262=CARTESIAN_POINT('',(4.24251705437192,37.8270253786486,24.7737323767569));
#15263=CARTESIAN_POINT('',(4.24251705437192,36.3427141556185,23.9737323767569));
#15264=CARTESIAN_POINT('Origin',(3.00104528694638,36.3427141556185,23.9737323767569));
#15265=CARTESIAN_POINT('',(3.00104528694638,36.3427141556185,23.9737323767569));
#15266=CARTESIAN_POINT('',(4.24251705437192,36.3427141556185,23.9737323767569));
#15267=CARTESIAN_POINT('',(3.00104528694638,36.3427141556185,24.7737323767569));
#15268=CARTESIAN_POINT('',(4.24251705437192,36.3427141556185,24.7737323767569));
#15269=CARTESIAN_POINT('',(3.00104528694638,36.3427141556185,23.9737323767569));
#15270=CARTESIAN_POINT('Origin',(3.00104528694638,40.3427142152231,23.9737323767569));
#15271=CARTESIAN_POINT('',(3.00104528694638,36.3427141556185,23.9737323767569));
#15272=CARTESIAN_POINT('',(3.00104528694638,36.3427141556185,24.7737323767569));
#15273=CARTESIAN_POINT('Origin',(0.245244205288975,33.814747209255,24.7737323767569));
#15274=CARTESIAN_POINT('Origin',(0.245244205288975,33.814747209255,23.9737323767569));
#15275=CARTESIAN_POINT('Origin',(-3.48736017913333,39.2403948554438,23.9737323767569));
#15276=CARTESIAN_POINT('',(-4.52146619529239,39.2403948554438,23.9737323767569));
#15277=CARTESIAN_POINT('',(-3.48736017913333,39.2403948554438,23.9737323767569));
#15278=CARTESIAN_POINT('',(-4.52146619529239,39.2403948554438,23.9737323767569));
#15279=CARTESIAN_POINT('',(-4.52146619529239,39.2403948554438,24.7737323767569));
#15280=CARTESIAN_POINT('',(-4.52146619529239,39.2403948554438,23.9737323767569));
#15281=CARTESIAN_POINT('',(-3.48736017913333,39.2403948554438,24.7737323767569));
#15282=CARTESIAN_POINT('',(-4.52146619529239,39.2403948554438,24.7737323767569));
#15283=CARTESIAN_POINT('',(-3.48736017913333,39.2403948554438,23.9737323767569));
#15284=CARTESIAN_POINT('Origin',(-3.48736017913333,38.7683621296328,23.9737323767569));
#15285=CARTESIAN_POINT('',(-3.48736017913333,38.7683621296328,23.9737323767569));
#15286=CARTESIAN_POINT('',(-3.48736017913333,39.2403948554438,23.9737323767569));
#15287=CARTESIAN_POINT('',(-3.48736017913333,38.7683621296328,24.7737323767569));
#15288=CARTESIAN_POINT('',(-3.48736017913333,39.2403948554438,24.7737323767569));
#15289=CARTESIAN_POINT('',(-3.48736017913333,38.7683621296328,23.9737323767569));
#15290=CARTESIAN_POINT('Ctrl Pts',(-3.01805585593692,39.1817319640558,23.9737323767569));
#15291=CARTESIAN_POINT('Ctrl Pts',(-3.01805585593692,39.1817319640558,24.7737323767569));
#15292=CARTESIAN_POINT('Ctrl Pts',(-3.09967097408494,39.1299928322165,23.9737323767569));
#15293=CARTESIAN_POINT('Ctrl Pts',(-3.09967097408494,39.1299928322165,24.7737323767569));
#15294=CARTESIAN_POINT('Ctrl Pts',(-3.27769342787624,39.0171371822331,23.9737323767569));
#15295=CARTESIAN_POINT('Ctrl Pts',(-3.27769342787624,39.0171371822331,24.7737323767569));
#15296=CARTESIAN_POINT('Ctrl Pts',(-3.41370413434561,38.8557569421461,23.9737323767569));
#15297=CARTESIAN_POINT('Ctrl Pts',(-3.41370413434561,38.8557569421461,24.7737323767569));
#15298=CARTESIAN_POINT('Ctrl Pts',(-3.48736017913333,38.7683621296328,23.9737323767569));
#15299=CARTESIAN_POINT('Ctrl Pts',(-3.48736017913333,38.7683621296328,24.7737323767569));
#15300=CARTESIAN_POINT('',(-3.01805585593692,39.1817319640558,23.9737323767569));
#15301=CARTESIAN_POINT('Ctrl Pts',(-3.48736017913333,38.7683621296328,23.9737323767569));
#15302=CARTESIAN_POINT('Ctrl Pts',(-3.41370413434561,38.8557569421461,23.9737323767569));
#15303=CARTESIAN_POINT('Ctrl Pts',(-3.27769342787624,39.0171371822331,23.9737323767569));
#15304=CARTESIAN_POINT('Ctrl Pts',(-3.09967097408494,39.1299928322165,23.9737323767569));
#15305=CARTESIAN_POINT('Ctrl Pts',(-3.01805585593692,39.1817319640558,23.9737323767569));
#15306=CARTESIAN_POINT('',(-3.01805585593692,39.1817319640558,24.7737323767569));
#15307=CARTESIAN_POINT('Ctrl Pts',(-3.01805585593692,39.1817319640558,24.7737323767569));
#15308=CARTESIAN_POINT('Ctrl Pts',(-3.09967097408494,39.1299928322165,24.7737323767569));
#15309=CARTESIAN_POINT('Ctrl Pts',(-3.27769342787624,39.0171371822331,24.7737323767569));
#15310=CARTESIAN_POINT('Ctrl Pts',(-3.41370413434561,38.8557569421461,24.7737323767569));
#15311=CARTESIAN_POINT('Ctrl Pts',(-3.48736017913333,38.7683621296328,24.7737323767569));
#15312=CARTESIAN_POINT('',(-3.01805585593692,39.1817319640558,23.9737323767569));
#15313=CARTESIAN_POINT('Ctrl Pts',(-2.43961185187808,39.305879200403,23.9737323767569));
#15314=CARTESIAN_POINT('Ctrl Pts',(-2.43961185187808,39.305879200403,24.7737323767569));
#15315=CARTESIAN_POINT('Ctrl Pts',(-2.54612938255111,39.3021349763893,23.9737323767569));
#15316=CARTESIAN_POINT('Ctrl Pts',(-2.54612938255111,39.3021349763893,24.7737323767569));
#15317=CARTESIAN_POINT('Ctrl Pts',(-2.74658750984038,39.2950886232754,23.9737323767569));
#15318=CARTESIAN_POINT('Ctrl Pts',(-2.74658750984038,39.2950886232754,24.7737323767569));
#15319=CARTESIAN_POINT('Ctrl Pts',(-2.93143218428365,39.2179032899918,23.9737323767569));
#15320=CARTESIAN_POINT('Ctrl Pts',(-2.93143218428365,39.2179032899918,24.7737323767569));
#15321=CARTESIAN_POINT('Ctrl Pts',(-3.01805585593692,39.1817319640558,23.9737323767569));
#15322=CARTESIAN_POINT('Ctrl Pts',(-3.01805585593692,39.1817319640558,24.7737323767569));
#15323=CARTESIAN_POINT('',(-2.43961185187808,39.305879200403,23.9737323767569));
#15324=CARTESIAN_POINT('Ctrl Pts',(-3.01805585593692,39.1817319640558,23.9737323767569));
#15325=CARTESIAN_POINT('Ctrl Pts',(-2.93143218428365,39.2179032899918,23.9737323767569));
#15326=CARTESIAN_POINT('Ctrl Pts',(-2.74658750984038,39.2950886232754,23.9737323767569));
#15327=CARTESIAN_POINT('Ctrl Pts',(-2.54612938255111,39.3021349763893,23.9737323767569));
#15328=CARTESIAN_POINT('Ctrl Pts',(-2.43961185187808,39.305879200403,23.9737323767569));
#15329=CARTESIAN_POINT('',(-2.43961185187808,39.305879200403,24.7737323767569));
#15330=CARTESIAN_POINT('Ctrl Pts',(-2.43961185187808,39.305879200403,24.7737323767569));
#15331=CARTESIAN_POINT('Ctrl Pts',(-2.54612938255111,39.3021349763893,24.7737323767569));
#15332=CARTESIAN_POINT('Ctrl Pts',(-2.74658750984038,39.2950886232754,24.7737323767569));
#15333=CARTESIAN_POINT('Ctrl Pts',(-2.93143218428365,39.2179032899918,24.7737323767569));
#15334=CARTESIAN_POINT('Ctrl Pts',(-3.01805585593692,39.1817319640558,24.7737323767569));
#15335=CARTESIAN_POINT('',(-2.43961185187808,39.305879200403,23.9737323767569));
#15336=CARTESIAN_POINT('Ctrl Pts',(-1.71792119712344,39.0316635617655,23.9737323767569));
#15337=CARTESIAN_POINT('Ctrl Pts',(-1.71792119712344,39.0316635617655,24.7737323767569));
#15338=CARTESIAN_POINT('Ctrl Pts',(-1.8170194097787,39.1115756544058,23.9737323767569));
#15339=CARTESIAN_POINT('Ctrl Pts',(-1.8170194097787,39.1115756544058,24.7737323767569));
#15340=CARTESIAN_POINT('Ctrl Pts',(-2.02693277992255,39.2808483005203,23.9737323767569));
#15341=CARTESIAN_POINT('Ctrl Pts',(-2.02693277992255,39.2808483005203,24.7737323767569));
#15342=CARTESIAN_POINT('Ctrl Pts',(-2.29702679189426,39.2972307551492,23.9737323767569));
#15343=CARTESIAN_POINT('Ctrl Pts',(-2.29702679189426,39.2972307551492,24.7737323767569));
#15344=CARTESIAN_POINT('Ctrl Pts',(-2.43961185187808,39.305879200403,23.9737323767569));
#15345=CARTESIAN_POINT('Ctrl Pts',(-2.43961185187808,39.305879200403,24.7737323767569));
#15346=CARTESIAN_POINT('',(-1.71792119712344,39.0316635617655,23.9737323767569));
#15347=CARTESIAN_POINT('Ctrl Pts',(-2.43961185187808,39.305879200403,23.9737323767569));
#15348=CARTESIAN_POINT('Ctrl Pts',(-2.29702679189426,39.2972307551492,23.9737323767569));
#15349=CARTESIAN_POINT('Ctrl Pts',(-2.02693277992255,39.2808483005203,23.9737323767569));
#15350=CARTESIAN_POINT('Ctrl Pts',(-1.8170194097787,39.1115756544058,23.9737323767569));
#15351=CARTESIAN_POINT('Ctrl Pts',(-1.71792119712344,39.0316635617655,23.9737323767569));
#15352=CARTESIAN_POINT('',(-1.71792119712344,39.0316635617655,24.7737323767569));
#15353=CARTESIAN_POINT('Ctrl Pts',(-1.71792119712344,39.0316635617655,24.7737323767569));
#15354=CARTESIAN_POINT('Ctrl Pts',(-1.8170194097787,39.1115756544058,24.7737323767569));
#15355=CARTESIAN_POINT('Ctrl Pts',(-2.02693277992255,39.2808483005203,24.7737323767569));
#15356=CARTESIAN_POINT('Ctrl Pts',(-2.29702679189426,39.2972307551492,24.7737323767569));
#15357=CARTESIAN_POINT('Ctrl Pts',(-2.43961185187808,39.305879200403,24.7737323767569));
#15358=CARTESIAN_POINT('',(-1.71792119712344,39.0316635617655,23.9737323767569));
#15359=CARTESIAN_POINT('Ctrl Pts',(-1.45734637946597,38.1844604262751,23.9737323767569));
#15360=CARTESIAN_POINT('Ctrl Pts',(-1.45734637946597,38.1844604262751,24.7737323767569));
#15361=CARTESIAN_POINT('Ctrl Pts',(-1.46231438115976,38.3561135331553,23.9737323767569));
#15362=CARTESIAN_POINT('Ctrl Pts',(-1.46231438115976,38.3561135331553,24.7737323767569));
#15363=CARTESIAN_POINT('Ctrl Pts',(-1.47123588282676,38.6643669464122,23.9737323767569));
#15364=CARTESIAN_POINT('Ctrl Pts',(-1.47123588282676,38.6643669464122,24.7737323767569));
#15365=CARTESIAN_POINT('Ctrl Pts',(-1.64217205077641,38.9188785540787,23.9737323767569));
#15366=CARTESIAN_POINT('Ctrl Pts',(-1.64217205077641,38.9188785540787,24.7737323767569));
#15367=CARTESIAN_POINT('Ctrl Pts',(-1.71792119712344,39.0316635617655,23.9737323767569));
#15368=CARTESIAN_POINT('Ctrl Pts',(-1.71792119712344,39.0316635617655,24.7737323767569));
#15369=CARTESIAN_POINT('',(-1.45734637946597,38.1844604262751,23.9737323767569));
#15370=CARTESIAN_POINT('Ctrl Pts',(-1.71792119712344,39.0316635617655,23.9737323767569));
#15371=CARTESIAN_POINT('Ctrl Pts',(-1.64217205077641,38.9188785540787,23.9737323767569));
#15372=CARTESIAN_POINT('Ctrl Pts',(-1.47123588282676,38.6643669464122,23.9737323767569));
#15373=CARTESIAN_POINT('Ctrl Pts',(-1.46231438115976,38.3561135331553,23.9737323767569));
#15374=CARTESIAN_POINT('Ctrl Pts',(-1.45734637946597,38.1844604262751,23.9737323767569));
#15375=CARTESIAN_POINT('',(-1.45734637946597,38.1844604262751,24.7737323767569));
#15376=CARTESIAN_POINT('Ctrl Pts',(-1.45734637946597,38.1844604262751,24.7737323767569));
#15377=CARTESIAN_POINT('Ctrl Pts',(-1.46231438115976,38.3561135331553,24.7737323767569));
#15378=CARTESIAN_POINT('Ctrl Pts',(-1.47123588282676,38.6643669464122,24.7737323767569));
#15379=CARTESIAN_POINT('Ctrl Pts',(-1.64217205077641,38.9188785540787,24.7737323767569));
#15380=CARTESIAN_POINT('Ctrl Pts',(-1.71792119712344,39.0316635617655,24.7737323767569));
#15381=CARTESIAN_POINT('',(-1.45734637946597,38.1844604262751,23.9737323767569));
#15382=CARTESIAN_POINT('Origin',(-1.45734637946597,36.3427141556185,23.9737323767569));
#15383=CARTESIAN_POINT('',(-1.45734637946597,36.3427141556185,23.9737323767569));
#15384=CARTESIAN_POINT('',(-1.45734637946597,38.1844604262751,23.9737323767569));
#15385=CARTESIAN_POINT('',(-1.45734637946597,36.3427141556185,24.7737323767569));
#15386=CARTESIAN_POINT('',(-1.45734637946597,38.1844604262751,24.7737323767569));
#15387=CARTESIAN_POINT('',(-1.45734637946597,36.3427141556185,23.9737323767569));
#15388=CARTESIAN_POINT('Origin',(-2.57330983848086,36.3427141556185,23.9737323767569));
#15389=CARTESIAN_POINT('',(-2.57330983848086,36.3427141556185,23.9737323767569));
#15390=CARTESIAN_POINT('',(-1.45734637946597,36.3427141556185,23.9737323767569));
#15391=CARTESIAN_POINT('',(-2.57330983848086,36.3427141556185,24.7737323767569));
#15392=CARTESIAN_POINT('',(-1.45734637946597,36.3427141556185,24.7737323767569));
#15393=CARTESIAN_POINT('',(-2.57330983848086,36.3427141556185,23.9737323767569));
#15394=CARTESIAN_POINT('Origin',(-2.57330983848086,37.9361656555574,23.9737323767569));
#15395=CARTESIAN_POINT('',(-2.57330983848086,37.9361656555574,23.9737323767569));
#15396=CARTESIAN_POINT('',(-2.57330983848086,36.3427141556185,23.9737323767569));
#15397=CARTESIAN_POINT('',(-2.57330983848086,37.9361656555574,24.7737323767569));
#15398=CARTESIAN_POINT('',(-2.57330983848086,36.3427141556185,24.7737323767569));
#15399=CARTESIAN_POINT('',(-2.57330983848086,37.9361656555574,23.9737323767569));
#15400=CARTESIAN_POINT('Ctrl Pts',(-2.67426341742984,38.3222502717417,23.9737323767569));
#15401=CARTESIAN_POINT('Ctrl Pts',(-2.67426341742984,38.3222502717417,24.7737323767569));
#15402=CARTESIAN_POINT('Ctrl Pts',(-2.64499743974815,38.2723780609578,23.9737323767569));
#15403=CARTESIAN_POINT('Ctrl Pts',(-2.64499743974815,38.2723780609578,24.7737323767569));
#15404=CARTESIAN_POINT('Ctrl Pts',(-2.57559096550027,38.154102350127,23.9737323767569));
#15405=CARTESIAN_POINT('Ctrl Pts',(-2.57559096550027,38.154102350127,24.7737323767569));
#15406=CARTESIAN_POINT('Ctrl Pts',(-2.57414569519701,38.0160226071008,23.9737323767569));
#15407=CARTESIAN_POINT('Ctrl Pts',(-2.57414569519701,38.0160226071008,24.7737323767569));
#15408=CARTESIAN_POINT('Ctrl Pts',(-2.57330983848086,37.9361656555574,23.9737323767569));
#15409=CARTESIAN_POINT('Ctrl Pts',(-2.57330983848086,37.9361656555574,24.7737323767569));
#15410=CARTESIAN_POINT('',(-2.67426341742984,38.3222502717417,23.9737323767569));
#15411=CARTESIAN_POINT('Ctrl Pts',(-2.57330983848086,37.9361656555574,23.9737323767569));
#15412=CARTESIAN_POINT('Ctrl Pts',(-2.57414569519701,38.0160226071008,23.9737323767569));
#15413=CARTESIAN_POINT('Ctrl Pts',(-2.57559096550027,38.154102350127,23.9737323767569));
#15414=CARTESIAN_POINT('Ctrl Pts',(-2.64499743974815,38.2723780609578,23.9737323767569));
#15415=CARTESIAN_POINT('Ctrl Pts',(-2.67426341742984,38.3222502717417,23.9737323767569));
#15416=CARTESIAN_POINT('',(-2.67426341742984,38.3222502717417,24.7737323767569));
#15417=CARTESIAN_POINT('Ctrl Pts',(-2.67426341742984,38.3222502717417,24.7737323767569));
#15418=CARTESIAN_POINT('Ctrl Pts',(-2.64499743974815,38.2723780609578,24.7737323767569));
#15419=CARTESIAN_POINT('Ctrl Pts',(-2.57559096550027,38.154102350127,24.7737323767569));
#15420=CARTESIAN_POINT('Ctrl Pts',(-2.57414569519701,38.0160226071008,24.7737323767569));
#15421=CARTESIAN_POINT('Ctrl Pts',(-2.57330983848086,37.9361656555574,24.7737323767569));
#15422=CARTESIAN_POINT('',(-2.67426341742984,38.3222502717417,23.9737323767569));
#15423=CARTESIAN_POINT('Ctrl Pts',(-2.95802921027652,38.4354835996073,23.9737323767569));
#15424=CARTESIAN_POINT('Ctrl Pts',(-2.95802921027652,38.4354835996073,24.7737323767569));
#15425=CARTESIAN_POINT('Ctrl Pts',(-2.90151658307584,38.4318526369327,23.9737323767569));
#15426=CARTESIAN_POINT('Ctrl Pts',(-2.90151658307584,38.4318526369327,24.7737323767569));
#15427=CARTESIAN_POINT('Ctrl Pts',(-2.79419349680679,38.4249570785474,23.9737323767569));
#15428=CARTESIAN_POINT('Ctrl Pts',(-2.79419349680679,38.4249570785474,24.7737323767569));
#15429=CARTESIAN_POINT('Ctrl Pts',(-2.71279858323698,38.3552513657987,23.9737323767569));
#15430=CARTESIAN_POINT('Ctrl Pts',(-2.71279858323698,38.3552513657987,24.7737323767569));
#15431=CARTESIAN_POINT('Ctrl Pts',(-2.67426341742984,38.3222502717417,23.9737323767569));
#15432=CARTESIAN_POINT('Ctrl Pts',(-2.67426341742984,38.3222502717417,24.7737323767569));
#15433=CARTESIAN_POINT('',(-2.95802921027652,38.4354835996073,23.9737323767569));
#15434=CARTESIAN_POINT('Ctrl Pts',(-2.67426341742984,38.3222502717417,23.9737323767569));
#15435=CARTESIAN_POINT('Ctrl Pts',(-2.71279858323698,38.3552513657987,23.9737323767569));
#15436=CARTESIAN_POINT('Ctrl Pts',(-2.79419349680679,38.4249570785474,23.9737323767569));
#15437=CARTESIAN_POINT('Ctrl Pts',(-2.90151658307584,38.4318526369327,23.9737323767569));
#15438=CARTESIAN_POINT('Ctrl Pts',(-2.95802921027652,38.4354835996073,23.9737323767569));
#15439=CARTESIAN_POINT('',(-2.95802921027652,38.4354835996073,24.7737323767569));
#15440=CARTESIAN_POINT('Ctrl Pts',(-2.95802921027652,38.4354835996073,24.7737323767569));
#15441=CARTESIAN_POINT('Ctrl Pts',(-2.90151658307584,38.4318526369327,24.7737323767569));
#15442=CARTESIAN_POINT('Ctrl Pts',(-2.79419349680679,38.4249570785474,24.7737323767569));
#15443=CARTESIAN_POINT('Ctrl Pts',(-2.71279858323698,38.3552513657987,24.7737323767569));
#15444=CARTESIAN_POINT('Ctrl Pts',(-2.67426341742984,38.3222502717417,24.7737323767569));
#15445=CARTESIAN_POINT('',(-2.95802921027652,38.4354835996073,23.9737323767569));
#15446=CARTESIAN_POINT('Ctrl Pts',(-3.28545182914248,38.2826867947023,23.9737323767569));
#15447=CARTESIAN_POINT('Ctrl Pts',(-3.28545182914248,38.2826867947023,24.7737323767569));
#15448=CARTESIAN_POINT('Ctrl Pts',(-3.24022947727157,38.3272521042302,23.9737323767569));
#15449=CARTESIAN_POINT('Ctrl Pts',(-3.24022947727157,38.3272521042302,24.7737323767569));
#15450=CARTESIAN_POINT('Ctrl Pts',(-3.14923480404999,38.4169247021764,23.9737323767569));
#15451=CARTESIAN_POINT('Ctrl Pts',(-3.14923480404999,38.4169247021764,24.7737323767569));
#15452=CARTESIAN_POINT('Ctrl Pts',(-3.02202070113013,38.4292724240252,23.9737323767569));
#15453=CARTESIAN_POINT('Ctrl Pts',(-3.02202070113013,38.4292724240252,24.7737323767569));
#15454=CARTESIAN_POINT('Ctrl Pts',(-2.95802921027652,38.4354835996073,23.9737323767569));
#15455=CARTESIAN_POINT('Ctrl Pts',(-2.95802921027652,38.4354835996073,24.7737323767569));
#15456=CARTESIAN_POINT('',(-3.28545182914248,38.2826867947023,23.9737323767569));
#15457=CARTESIAN_POINT('Ctrl Pts',(-2.95802921027652,38.4354835996073,23.9737323767569));
#15458=CARTESIAN_POINT('Ctrl Pts',(-3.02202070113013,38.4292724240252,23.9737323767569));
#15459=CARTESIAN_POINT('Ctrl Pts',(-3.14923480404999,38.4169247021764,23.9737323767569));
#15460=CARTESIAN_POINT('Ctrl Pts',(-3.24022947727157,38.3272521042302,23.9737323767569));
#15461=CARTESIAN_POINT('Ctrl Pts',(-3.28545182914248,38.2826867947023,23.9737323767569));
#15462=CARTESIAN_POINT('',(-3.28545182914248,38.2826867947023,24.7737323767569));
#15463=CARTESIAN_POINT('Ctrl Pts',(-3.28545182914248,38.2826867947023,24.7737323767569));
#15464=CARTESIAN_POINT('Ctrl Pts',(-3.24022947727157,38.3272521042302,24.7737323767569));
#15465=CARTESIAN_POINT('Ctrl Pts',(-3.14923480404999,38.4169247021764,24.7737323767569));
#15466=CARTESIAN_POINT('Ctrl Pts',(-3.02202070113013,38.4292724240252,24.7737323767569));
#15467=CARTESIAN_POINT('Ctrl Pts',(-2.95802921027652,38.4354835996073,24.7737323767569));
#15468=CARTESIAN_POINT('',(-3.28545182914248,38.2826867947023,23.9737323767569));
#15469=CARTESIAN_POINT('Ctrl Pts',(-3.41096252173892,37.7342558154505,23.9737323767569));
#15470=CARTESIAN_POINT('Ctrl Pts',(-3.41096252173892,37.7342558154505,24.7737323767569));
#15471=CARTESIAN_POINT('Ctrl Pts',(-3.41076980864164,37.8485664622415,23.9737323767569));
#15472=CARTESIAN_POINT('Ctrl Pts',(-3.41076980864164,37.8485664622415,24.7737323767569));
#15473=CARTESIAN_POINT('Ctrl Pts',(-3.410443421312,38.0421679728871,23.9737323767569));
#15474=CARTESIAN_POINT('Ctrl Pts',(-3.410443421312,38.0421679728871,24.7737323767569));
#15475=CARTESIAN_POINT('Ctrl Pts',(-3.32176904517257,38.2128023019973,23.9737323767569));
#15476=CARTESIAN_POINT('Ctrl Pts',(-3.32176904517257,38.2128023019973,24.7737323767569));
#15477=CARTESIAN_POINT('Ctrl Pts',(-3.28545182914248,38.2826867947023,23.9737323767569));
#15478=CARTESIAN_POINT('Ctrl Pts',(-3.28545182914248,38.2826867947023,24.7737323767569));
#15479=CARTESIAN_POINT('',(-3.41096252173892,37.7342558154505,23.9737323767569));
#15480=CARTESIAN_POINT('Ctrl Pts',(-3.28545182914248,38.2826867947023,23.9737323767569));
#15481=CARTESIAN_POINT('Ctrl Pts',(-3.32176904517257,38.2128023019973,23.9737323767569));
#15482=CARTESIAN_POINT('Ctrl Pts',(-3.410443421312,38.0421679728871,23.9737323767569));
#15483=CARTESIAN_POINT('Ctrl Pts',(-3.41076980864164,37.8485664622415,23.9737323767569));
#15484=CARTESIAN_POINT('Ctrl Pts',(-3.41096252173892,37.7342558154505,23.9737323767569));
#15485=CARTESIAN_POINT('',(-3.41096252173892,37.7342558154505,24.7737323767569));
#15486=CARTESIAN_POINT('Ctrl Pts',(-3.41096252173892,37.7342558154505,24.7737323767569));
#15487=CARTESIAN_POINT('Ctrl Pts',(-3.41076980864164,37.8485664622415,24.7737323767569));
#15488=CARTESIAN_POINT('Ctrl Pts',(-3.410443421312,38.0421679728871,24.7737323767569));
#15489=CARTESIAN_POINT('Ctrl Pts',(-3.32176904517257,38.2128023019973,24.7737323767569));
#15490=CARTESIAN_POINT('Ctrl Pts',(-3.28545182914248,38.2826867947023,24.7737323767569));
#15491=CARTESIAN_POINT('',(-3.41096252173892,37.7342558154505,23.9737323767569));
#15492=CARTESIAN_POINT('Origin',(-3.41096252173892,36.3427141556185,23.9737323767569));
#15493=CARTESIAN_POINT('',(-3.41096252173892,36.3427141556185,23.9737323767569));
#15494=CARTESIAN_POINT('',(-3.41096252173892,37.7342558154505,23.9737323767569));
#15495=CARTESIAN_POINT('',(-3.41096252173892,36.3427141556185,24.7737323767569));
#15496=CARTESIAN_POINT('',(-3.41096252173892,37.7342558154505,24.7737323767569));
#15497=CARTESIAN_POINT('',(-3.41096252173892,36.3427141556185,23.9737323767569));
#15498=CARTESIAN_POINT('Origin',(-4.52146619529239,36.3427141556185,23.9737323767569));
#15499=CARTESIAN_POINT('',(-4.52146619529239,36.3427141556185,23.9737323767569));
#15500=CARTESIAN_POINT('',(-3.41096252173892,36.3427141556185,23.9737323767569));
#15501=CARTESIAN_POINT('',(-4.52146619529239,36.3427141556185,24.7737323767569));
#15502=CARTESIAN_POINT('',(-3.41096252173892,36.3427141556185,24.7737323767569));
#15503=CARTESIAN_POINT('',(-4.52146619529239,36.3427141556185,23.9737323767569));
#15504=CARTESIAN_POINT('Origin',(-4.52146619529239,39.2403948554438,23.9737323767569));
#15505=CARTESIAN_POINT('',(-4.52146619529239,36.3427141556185,23.9737323767569));
#15506=CARTESIAN_POINT('',(-4.52146619529239,36.3427141556185,24.7737323767569));
#15507=CARTESIAN_POINT('Origin',(0.245244205288975,33.814747209255,24.7737323767569));
#15508=CARTESIAN_POINT('Origin',(0.245244205288975,33.814747209255,23.9737323767569));
#15509=CARTESIAN_POINT('Origin',(-11.6674420234632,40.3427142152231,23.9737323767569));
#15510=CARTESIAN_POINT('',(-12.8216025230359,40.3427142152231,23.9737323767569));
#15511=CARTESIAN_POINT('',(-11.6674420234632,40.3427142152231,23.9737323767569));
#15512=CARTESIAN_POINT('',(-12.8216025230359,40.3427142152231,23.9737323767569));
#15513=CARTESIAN_POINT('',(-12.8216025230359,40.3427142152231,24.7737323767569));
#15514=CARTESIAN_POINT('',(-12.8216025230359,40.3427142152231,23.9737323767569));
#15515=CARTESIAN_POINT('',(-11.6674420234632,40.3427142152231,24.7737323767569));
#15516=CARTESIAN_POINT('',(-12.8216025230359,40.3427142152231,24.7737323767569));
#15517=CARTESIAN_POINT('',(-11.6674420234632,40.3427142152231,23.9737323767569));
#15518=CARTESIAN_POINT('Origin',(-10.1613029834699,38.1297195205133,23.9737323767569));
#15519=CARTESIAN_POINT('',(-10.1613029834699,38.1297195205133,23.9737323767569));
#15520=CARTESIAN_POINT('',(-11.6674420234632,40.3427142152231,23.9737323767569));
#15521=CARTESIAN_POINT('',(-10.1613029834699,38.1297195205133,24.7737323767569));
#15522=CARTESIAN_POINT('',(-11.6674420234632,40.3427142152231,24.7737323767569));
#15523=CARTESIAN_POINT('',(-10.1613029834699,38.1297195205133,23.9737323767569));
#15524=CARTESIAN_POINT('Origin',(-10.1613029834699,40.3427142152231,23.9737323767569));
#15525=CARTESIAN_POINT('',(-10.1613029834699,40.3427142152231,23.9737323767569));
#15526=CARTESIAN_POINT('',(-10.1613029834699,38.1297195205133,23.9737323767569));
#15527=CARTESIAN_POINT('',(-10.1613029834699,40.3427142152231,24.7737323767569));
#15528=CARTESIAN_POINT('',(-10.1613029834699,38.1297195205133,24.7737323767569));
#15529=CARTESIAN_POINT('',(-10.1613029834699,40.3427142152231,23.9737323767569));
#15530=CARTESIAN_POINT('Origin',(-8.99622768134585,40.3427142152231,23.9737323767569));
#15531=CARTESIAN_POINT('',(-8.99622768134585,40.3427142152231,23.9737323767569));
#15532=CARTESIAN_POINT('',(-10.1613029834699,40.3427142152231,23.9737323767569));
#15533=CARTESIAN_POINT('',(-8.99622768134585,40.3427142152231,24.7737323767569));
#15534=CARTESIAN_POINT('',(-10.1613029834699,40.3427142152231,24.7737323767569));
#15535=CARTESIAN_POINT('',(-8.99622768134585,40.3427142152231,23.9737323767569));
#15536=CARTESIAN_POINT('Origin',(-8.99622768134585,36.3427141556185,23.9737323767569));
#15537=CARTESIAN_POINT('',(-8.99622768134585,36.3427141556185,23.9737323767569));
#15538=CARTESIAN_POINT('',(-8.99622768134585,40.3427142152231,23.9737323767569));
#15539=CARTESIAN_POINT('',(-8.99622768134585,36.3427141556185,24.7737323767569));
#15540=CARTESIAN_POINT('',(-8.99622768134585,40.3427142152231,24.7737323767569));
#15541=CARTESIAN_POINT('',(-8.99622768134585,36.3427141556185,23.9737323767569));
#15542=CARTESIAN_POINT('Origin',(-10.1613029834699,36.3427141556185,23.9737323767569));
#15543=CARTESIAN_POINT('',(-10.1613029834699,36.3427141556185,23.9737323767569));
#15544=CARTESIAN_POINT('',(-8.99622768134585,36.3427141556185,23.9737323767569));
#15545=CARTESIAN_POINT('',(-10.1613029834699,36.3427141556185,24.7737323767569));
#15546=CARTESIAN_POINT('',(-8.99622768134585,36.3427141556185,24.7737323767569));
#15547=CARTESIAN_POINT('',(-10.1613029834699,36.3427141556185,23.9737323767569));
#15548=CARTESIAN_POINT('Origin',(-11.6592559215497,38.5389963039797,23.9737323767569));
#15549=CARTESIAN_POINT('',(-11.6592559215497,38.5389963039797,23.9737323767569));
#15550=CARTESIAN_POINT('',(-10.1613029834699,36.3427141556185,23.9737323767569));
#15551=CARTESIAN_POINT('',(-11.6592559215497,38.5389963039797,24.7737323767569));
#15552=CARTESIAN_POINT('',(-10.1613029834699,36.3427141556185,24.7737323767569));
#15553=CARTESIAN_POINT('',(-11.6592559215497,38.5389963039797,23.9737323767569));
#15554=CARTESIAN_POINT('Origin',(-11.6592559215497,36.3427141556185,23.9737323767569));
#15555=CARTESIAN_POINT('',(-11.6592559215497,36.3427141556185,23.9737323767569));
#15556=CARTESIAN_POINT('',(-11.6592559215497,38.5389963039797,23.9737323767569));
#15557=CARTESIAN_POINT('',(-11.6592559215497,36.3427141556185,24.7737323767569));
#15558=CARTESIAN_POINT('',(-11.6592559215497,38.5389963039797,24.7737323767569));
#15559=CARTESIAN_POINT('',(-11.6592559215497,36.3427141556185,23.9737323767569));
#15560=CARTESIAN_POINT('Origin',(-12.8216025230359,36.3427141556185,23.9737323767569));
#15561=CARTESIAN_POINT('',(-12.8216025230359,36.3427141556185,23.9737323767569));
#15562=CARTESIAN_POINT('',(-11.6592559215497,36.3427141556185,23.9737323767569));
#15563=CARTESIAN_POINT('',(-12.8216025230359,36.3427141556185,24.7737323767569));
#15564=CARTESIAN_POINT('',(-11.6592559215497,36.3427141556185,24.7737323767569));
#15565=CARTESIAN_POINT('',(-12.8216025230359,36.3427141556185,23.9737323767569));
#15566=CARTESIAN_POINT('Origin',(-12.8216025230359,40.3427142152231,23.9737323767569));
#15567=CARTESIAN_POINT('',(-12.8216025230359,36.3427141556185,23.9737323767569));
#15568=CARTESIAN_POINT('',(-12.8216025230359,36.3427141556185,24.7737323767569));
#15569=CARTESIAN_POINT('Origin',(0.245244205288975,33.814747209255,24.7737323767569));
#15570=CARTESIAN_POINT('Origin',(0.245244205288975,33.814747209255,23.9737323767569));
#15571=UNCERTAINTY_MEASURE_WITH_UNIT(LENGTH_MEASURE(0.01),#15575,
'DISTANCE_ACCURACY_VALUE',
'Maximum model space distance between geometric entities at asserted c
onnectivities');
#15572=UNCERTAINTY_MEASURE_WITH_UNIT(LENGTH_MEASURE(0.01),#15575,
'DISTANCE_ACCURACY_VALUE',
'Maximum model space distance between geometric entities at asserted c
onnectivities');
#15573=(
GEOMETRIC_REPRESENTATION_CONTEXT(3)
GLOBAL_UNCERTAINTY_ASSIGNED_CONTEXT((#15571))
GLOBAL_UNIT_ASSIGNED_CONTEXT((#15575,#15576,#15577))
REPRESENTATION_CONTEXT('','3D')
);
#15574=(
GEOMETRIC_REPRESENTATION_CONTEXT(3)
GLOBAL_UNCERTAINTY_ASSIGNED_CONTEXT((#15572))
GLOBAL_UNIT_ASSIGNED_CONTEXT((#15575,#15576,#15577))
REPRESENTATION_CONTEXT('','3D')
);
#15575=(
LENGTH_UNIT()
NAMED_UNIT(*)
SI_UNIT(.MILLI.,.METRE.)
);
#15576=(
NAMED_UNIT(*)
PLANE_ANGLE_UNIT()
SI_UNIT($,.RADIAN.)
);
#15577=(
NAMED_UNIT(*)
SI_UNIT($,.STERADIAN.)
SOLID_ANGLE_UNIT()
);
#15578=SHAPE_DEFINITION_REPRESENTATION(#15579,#15580);
#15579=PRODUCT_DEFINITION_SHAPE('',$,#15582);
#15580=SHAPE_REPRESENTATION('',(#8211),#15573);
#15581=PRODUCT_DEFINITION_CONTEXT('part definition',#15586,'design');
#15582=PRODUCT_DEFINITION('2026-08-12-16-50-52-399','Model',#15583,#15581);
#15583=PRODUCT_DEFINITION_FORMATION('',$,#15588);
#15584=PRODUCT_RELATED_PRODUCT_CATEGORY('Model','Model',(#15588));
#15585=APPLICATION_PROTOCOL_DEFINITION('international standard',
'automotive_design',2009,#15586);
#15586=APPLICATION_CONTEXT(
'Core Data for Automotive Mechanical Design Process');
#15587=PRODUCT_CONTEXT('part definition',#15586,'mechanical');
#15588=PRODUCT('2026-08-12-16-50-52-399','Model',$,(#15587));
#15589=PRESENTATION_STYLE_ASSIGNMENT((#15593));
#15590=PRESENTATION_STYLE_ASSIGNMENT((#15594));
#15591=PRESENTATION_STYLE_ASSIGNMENT((#15595));
#15592=PRESENTATION_STYLE_ASSIGNMENT((#15596));
#15593=SURFACE_STYLE_USAGE(.BOTH.,#15597);
#15594=SURFACE_STYLE_USAGE(.BOTH.,#15598);
#15595=SURFACE_STYLE_USAGE(.BOTH.,#15599);
#15596=SURFACE_STYLE_USAGE(.BOTH.,#15600);
#15597=SURFACE_SIDE_STYLE('',(#15601));
#15598=SURFACE_SIDE_STYLE('',(#15602));
#15599=SURFACE_SIDE_STYLE('',(#15603));
#15600=SURFACE_SIDE_STYLE('',(#15604));
#15601=SURFACE_STYLE_FILL_AREA(#15605);
#15602=SURFACE_STYLE_FILL_AREA(#15606);
#15603=SURFACE_STYLE_FILL_AREA(#15607);
#15604=SURFACE_STYLE_FILL_AREA(#15608);
#15605=FILL_AREA_STYLE('Steel - Satin',(#15609));
#15606=FILL_AREA_STYLE(
'EPX 150 - Air Baked (with Carbon M2 M3 L1 3D Printers)',(#15610));
#15607=FILL_AREA_STYLE('ABS (White)',(#15611));
#15608=FILL_AREA_STYLE('Paint - Enamel Glossy (Red)',(#15612));
#15609=FILL_AREA_STYLE_COLOUR('Steel - Satin',#15613);
#15610=FILL_AREA_STYLE_COLOUR(
'EPX 150 - Air Baked (with Carbon M2 M3 L1 3D Printers)',#15614);
#15611=FILL_AREA_STYLE_COLOUR('ABS (White)',#15615);
#15612=FILL_AREA_STYLE_COLOUR('Paint - Enamel Glossy (Red)',#15616);
#15613=COLOUR_RGB('Steel - Satin',0.627450980392157,0.627450980392157,0.627450980392157);
#15614=COLOUR_RGB(
'EPX 150 - Air Baked (with Carbon M2 M3 L1 3D Printers)',0.247058823529412,
0.247058823529412,0.247058823529412);
#15615=COLOUR_RGB('ABS (White)',0.964705882352941,0.964705882352941,0.952941176470588);
#15616=COLOUR_RGB('Paint - Enamel Glossy (Red)',0.768627450980392,0.207843137254902,
0.152941176470588);
ENDSEC;
END-ISO-10303-21;
